<?xml version="1.0" encoding="UTF-8"?><rss version="2.0"
	xmlns:content="http://purl.org/rss/1.0/modules/content/"
	xmlns:wfw="http://wellformedweb.org/CommentAPI/"
	xmlns:dc="http://purl.org/dc/elements/1.1/"
	xmlns:atom="http://www.w3.org/2005/Atom"
	xmlns:sy="http://purl.org/rss/1.0/modules/syndication/"
	xmlns:slash="http://purl.org/rss/1.0/modules/slash/"
	>

<channel>
	<title>Decor - Luan FastFood</title>
	<atom:link href="http://https://github.com/lekhanhluan/lekhanhluan.github.io.git/danh-muc-san-pham/decor/feed/" rel="self" type="application/rss+xml" />
	<link>http://https://github.com/lekhanhluan/lekhanhluan.github.io.git</link>
	<description></description>
	<lastBuildDate>Thu, 25 May 2023 09:19:57 +0000</lastBuildDate>
	<language>vi</language>
	<sy:updatePeriod>
	hourly	</sy:updatePeriod>
	<sy:updateFrequency>
	1	</sy:updateFrequency>
	<generator>https://wordpress.org/?v=6.2.2</generator>
	<item>
		<title>iPhone 12 64GB &#124; Chính hãng VN/A</title>
		<link>http://https://github.com/lekhanhluan/lekhanhluan.github.io.git/san-pham/iphone-12-64gb-chinh-hang-vn-a-sao-chep/?utm_source=rss#038;utm_medium=rss&#038;utm_campaign=iphone-12-64gb-chinh-hang-vn-a-sao-chep</link>
					<comments>http://https://github.com/lekhanhluan/lekhanhluan.github.io.git/san-pham/iphone-12-64gb-chinh-hang-vn-a-sao-chep/#respond</comments>
		
		<dc:creator><![CDATA[lekhanhluan]]></dc:creator>
		<pubDate>Thu, 25 May 2023 08:53:54 +0000</pubDate>
				<guid isPermaLink="false">http://https://github.com/lekhanhluan/lekhanhluan.github.io.git/?post_type=product#038;p=701</guid>

					<description><![CDATA[<h2 class="ksp-title has-text-centered">ĐẶC ĐIỂM NỔI BẬT</h2>
<div>
<ul>
<li>Mạnh mẽ, siêu nhanh với chip A14, RAM 4GB, mạng 5G tốc độ cao</li>
<li>Rực rỡ, sắc nét, độ sáng cao - Màn hình OLED cao cấp, Super Retina XDR hỗ trợ HDR10, Dolby Vision</li>
<li>Chụp đêm ấn tượng - Night Mode cho 2 camera, thuật toán Deep Fusion, Smart HDR 3</li>
<li>Bền bỉ vượt trội - Kháng nước, kháng bụi IP68, mặt lưng Ceramic Shield</li>
</ul>
</div>
<p>The post <a href="http://https://github.com/lekhanhluan/lekhanhluan.github.io.git/san-pham/iphone-12-64gb-chinh-hang-vn-a-sao-chep/">iPhone 12 64GB | Chính hãng VN/A</a> first appeared on <a href="http://https://github.com/lekhanhluan/lekhanhluan.github.io.git">Luan FastFood</a>.</p>]]></description>
										<content:encoded><![CDATA[<h2 style="text-align: center;"><strong>Đánh giá iPhone 12 &#8211; Siêu phẩm khẳng định đẳng cấp</strong></h2>
<p>Phiên bản iPhone 12 thường sở hữu nhiều điểm mới đặc biệt là về thiết kế và cấu hình so với các thế hệ trước đó.</p>
<h3><strong>Thiết kế </strong></h3>
<p>iPhone 12 gây ấn tượng với người dùng bởi thiết kế vuông vức quen thuộc, đây là thiết kế đã từng xuất hiện trên thế hệ iPhone 5 trước đó. Điện thoại được hoàn thiện mỏng hơn với cụm camera lớn hơn.</p>
<p>Đặc biệt, máy được trang bị một khung viền thép không gỉ. Mặt lưng <a href="https://cellphones.com.vn/mobile/apple/iphone-12-vna.html">điện thoại iPhone 12</a> được trang bị một mặt kính Ceramic Shield bóng bẩy, gây được sự chú ý của người đối diện.</p>
<p>Về kích thước cụ thể, máy có thông số từng cạnh lần lượt là 146.7 x 71.5 x 7.4 mm cùng cân nặng khoảng 164g. Tổng thể, máy khá mỏng nhẹ thích hợp với cả người dùng nam và nữ cũng như thích hợp với nhiều kích thước tay khác nhau.</p>
<p><img decoding="async" class="alignnone size-full wp-image-633" src="http://https://github.com/lekhanhluan/lekhanhluan.github.io.git/wp-content/uploads/2019/01/1684210858832-ly-do-nen-lua-chon-iphone-11-cu-o-thoi-diem-hien-tai.jpg" alt="" width="865" height="576" /></p>
<h3><strong>Màn hình </strong></h3>
<p>Màn hình là một điểm nhấn trên iPhone 12. Máy được trang bị tấm nền Super Retina XDR OLED, thay vì IPS LCD như thế hệ trước đó nhờ vậy người dùng sẽ cảm nhận được khả năng hiển thị sinh động, màu sắc đậm đà cũng như độ tương phản cao.</p>
<p>Bên cạnh đó, điện thoại được trang bị một màn hình kích thước khá lớn, bằng với <a href="https://cellphones.com.vn/iphone-12-pro.html">iPhone 12 Pro</a> là 6.1 inch. Cùng với đó là độ phân giải 1.170 x 2.532 pixels nhờ đó mang lại khả năng hiển thị với hình ảnh đẹp mắt. Màn hình với tần số quét 60Hz mang lại trải nghiệm mượt mà, từ xem phim đến chơi game.</p>
<p>Phần viền màn hình trên thế hệ iPhone 12 cũng nhỏ và mỏng hơn rất nhiều so với các thế thệ trước. Nhờ đó người dùng có không giản trải nghiệm rộng hơn, màn hình hiển thị được nhiều chi tiết hơn.</p>
<p>Ngoài ra, màn hình trên thiết bị cũng được trang bị công nghệ True Tone giúp tự động điều chỉnh độ sáng màn hình theo độ sáng của môi trường giúp con mắt của người dùng thoải mái hơn khi sử dụng.</p>
<p><img decoding="async" class="alignnone size-full wp-image-662" src="http://https://github.com/lekhanhluan/lekhanhluan.github.io.git/wp-content/uploads/2019/01/iphone-12-7.webp" alt="" width="810" height="456" /></p><p>The post <a href="http://https://github.com/lekhanhluan/lekhanhluan.github.io.git/san-pham/iphone-12-64gb-chinh-hang-vn-a-sao-chep/">iPhone 12 64GB | Chính hãng VN/A</a> first appeared on <a href="http://https://github.com/lekhanhluan/lekhanhluan.github.io.git">Luan FastFood</a>.</p>]]></content:encoded>
					
					<wfw:commentRss>http://https://github.com/lekhanhluan/lekhanhluan.github.io.git/san-pham/iphone-12-64gb-chinh-hang-vn-a-sao-chep/feed/</wfw:commentRss>
			<slash:comments>0</slash:comments>
		
		
			</item>
		<item>
		<title>iPhone 12 64GB &#124; Chính hãng VN/A</title>
		<link>http://https://github.com/lekhanhluan/lekhanhluan.github.io.git/san-pham/wordpress-pennant/?utm_source=rss#038;utm_medium=rss&#038;utm_campaign=wordpress-pennant</link>
					<comments>http://https://github.com/lekhanhluan/lekhanhluan.github.io.git/san-pham/wordpress-pennant/#respond</comments>
		
		<dc:creator><![CDATA[lekhanhluan]]></dc:creator>
		<pubDate>Wed, 16 Jan 2019 13:01:55 +0000</pubDate>
				<guid isPermaLink="false">https://woocommercecore.mystagingwebsite.com/product/wordpress-pennant/</guid>

					<description><![CDATA[<h2 class="ksp-title has-text-centered">ĐẶC ĐIỂM NỔI BẬT</h2>
<div>
<ul>
<li>Mạnh mẽ, siêu nhanh với chip A14, RAM 4GB, mạng 5G tốc độ cao</li>
<li>Rực rỡ, sắc nét, độ sáng cao - Màn hình OLED cao cấp, Super Retina XDR hỗ trợ HDR10, Dolby Vision</li>
<li>Chụp đêm ấn tượng - Night Mode cho 2 camera, thuật toán Deep Fusion, Smart HDR 3</li>
<li>Bền bỉ vượt trội - Kháng nước, kháng bụi IP68, mặt lưng Ceramic Shield</li>
</ul>
</div>
<p>The post <a href="http://https://github.com/lekhanhluan/lekhanhluan.github.io.git/san-pham/wordpress-pennant/">iPhone 12 64GB | Chính hãng VN/A</a> first appeared on <a href="http://https://github.com/lekhanhluan/lekhanhluan.github.io.git">Luan FastFood</a>.</p>]]></description>
										<content:encoded><![CDATA[<h2 style="text-align: center;"><strong>Đánh giá iPhone 12 &#8211; Siêu phẩm khẳng định đẳng cấp</strong></h2>
<p>Phiên bản iPhone 12 thường sở hữu nhiều điểm mới đặc biệt là về thiết kế và cấu hình so với các thế hệ trước đó.</p>
<h3><strong>Thiết kế </strong></h3>
<p>iPhone 12 gây ấn tượng với người dùng bởi thiết kế vuông vức quen thuộc, đây là thiết kế đã từng xuất hiện trên thế hệ iPhone 5 trước đó. Điện thoại được hoàn thiện mỏng hơn với cụm camera lớn hơn.</p>
<p>Đặc biệt, máy được trang bị một khung viền thép không gỉ. Mặt lưng <a href="https://cellphones.com.vn/mobile/apple/iphone-12-vna.html">điện thoại iPhone 12</a> được trang bị một mặt kính Ceramic Shield bóng bẩy, gây được sự chú ý của người đối diện.</p>
<p>Về kích thước cụ thể, máy có thông số từng cạnh lần lượt là 146.7 x 71.5 x 7.4 mm cùng cân nặng khoảng 164g. Tổng thể, máy khá mỏng nhẹ thích hợp với cả người dùng nam và nữ cũng như thích hợp với nhiều kích thước tay khác nhau.</p>
<p><img decoding="async" class="alignnone size-full wp-image-633" src="http://https://github.com/lekhanhluan/lekhanhluan.github.io.git/wp-content/uploads/2019/01/1684210858832-ly-do-nen-lua-chon-iphone-11-cu-o-thoi-diem-hien-tai.jpg" alt="" width="865" height="576" /></p>
<h3><strong>Màn hình </strong></h3>
<p>Màn hình là một điểm nhấn trên iPhone 12. Máy được trang bị tấm nền Super Retina XDR OLED, thay vì IPS LCD như thế hệ trước đó nhờ vậy người dùng sẽ cảm nhận được khả năng hiển thị sinh động, màu sắc đậm đà cũng như độ tương phản cao.</p>
<p>Bên cạnh đó, điện thoại được trang bị một màn hình kích thước khá lớn, bằng với <a href="https://cellphones.com.vn/iphone-12-pro.html">iPhone 12 Pro</a> là 6.1 inch. Cùng với đó là độ phân giải 1.170 x 2.532 pixels nhờ đó mang lại khả năng hiển thị với hình ảnh đẹp mắt. Màn hình với tần số quét 60Hz mang lại trải nghiệm mượt mà, từ xem phim đến chơi game.</p>
<p>Phần viền màn hình trên thế hệ iPhone 12 cũng nhỏ và mỏng hơn rất nhiều so với các thế thệ trước. Nhờ đó người dùng có không giản trải nghiệm rộng hơn, màn hình hiển thị được nhiều chi tiết hơn.</p>
<p>Ngoài ra, màn hình trên thiết bị cũng được trang bị công nghệ True Tone giúp tự động điều chỉnh độ sáng màn hình theo độ sáng của môi trường giúp con mắt của người dùng thoải mái hơn khi sử dụng.</p>
<p><img decoding="async" class="alignnone size-full wp-image-662" src="http://https://github.com/lekhanhluan/lekhanhluan.github.io.git/wp-content/uploads/2019/01/iphone-12-7.webp" alt="" width="810" height="456" /></p><p>The post <a href="http://https://github.com/lekhanhluan/lekhanhluan.github.io.git/san-pham/wordpress-pennant/">iPhone 12 64GB | Chính hãng VN/A</a> first appeared on <a href="http://https://github.com/lekhanhluan/lekhanhluan.github.io.git">Luan FastFood</a>.</p>]]></content:encoded>
					
					<wfw:commentRss>http://https://github.com/lekhanhluan/lekhanhluan.github.io.git/san-pham/wordpress-pennant/feed/</wfw:commentRss>
			<slash:comments>0</slash:comments>
		
		
			</item>
	</channel>
</rss>
