<?xml version="1.0" encoding="UTF-8"?><rss version="2.0"
	xmlns:content="http://purl.org/rss/1.0/modules/content/"
	xmlns:wfw="http://wellformedweb.org/CommentAPI/"
	xmlns:dc="http://purl.org/dc/elements/1.1/"
	xmlns:atom="http://www.w3.org/2005/Atom"
	xmlns:sy="http://purl.org/rss/1.0/modules/syndication/"
	xmlns:slash="http://purl.org/rss/1.0/modules/slash/"
	>

<channel>
	<title>Bán chạy nhất - Luan FastFood</title>
	<atom:link href="http://https://github.com/lekhanhluan/lekhanhluan.github.io.git/danh-muc-san-pham/best-seller/feed/" rel="self" type="application/rss+xml" />
	<link>http://https://github.com/lekhanhluan/lekhanhluan.github.io.git</link>
	<description></description>
	<lastBuildDate>Thu, 25 May 2023 09:33:40 +0000</lastBuildDate>
	<language>vi</language>
	<sy:updatePeriod>
	hourly	</sy:updatePeriod>
	<sy:updateFrequency>
	1	</sy:updateFrequency>
	<generator>https://wordpress.org/?v=6.2.2</generator>
	<item>
		<title>Xiaomi Poco F4 60GB</title>
		<link>http://https://github.com/lekhanhluan/lekhanhluan.github.io.git/san-pham/xiaomi-poco-f4-60gb/?utm_source=rss#038;utm_medium=rss&#038;utm_campaign=xiaomi-poco-f4-60gb</link>
					<comments>http://https://github.com/lekhanhluan/lekhanhluan.github.io.git/san-pham/xiaomi-poco-f4-60gb/#respond</comments>
		
		<dc:creator><![CDATA[lekhanhluan]]></dc:creator>
		<pubDate>Thu, 25 May 2023 09:31:55 +0000</pubDate>
				<guid isPermaLink="false">http://https://github.com/lekhanhluan/lekhanhluan.github.io.git/?post_type=product#038;p=728</guid>

					<description><![CDATA[<h2 class="ksp-title has-text-centered" style="text-align: center;">ĐẶC ĐIỂM NỔI BẬT</h2>
<div>
<ul>
<li>Hiển thị sắc nét, cảm ứng mượt mà - Màn hình AMOLED 6,67 inch, FHD+ và tần số quét 120Hz</li>
<li>Bộ xử lí mạnh mẽ, cân mọi tựa game - Chip Snapdragon 870 5G, 6GB RAM</li>
<li>Năng lượng bất tận, làm chủ cuộc chơi - Viên pin 4500 mAh, sạc nhanh 67W</li>
<li>Bộ camera ấn tượng với camera chính lên đến 64MP, cùng đa dạng chế độ chụp</li>
</ul>
</div>
<p>The post <a href="http://https://github.com/lekhanhluan/lekhanhluan.github.io.git/san-pham/xiaomi-poco-f4-60gb/">Xiaomi Poco F4 60GB</a> first appeared on <a href="http://https://github.com/lekhanhluan/lekhanhluan.github.io.git">Luan FastFood</a>.</p>]]></description>
										<content:encoded><![CDATA[<h2><strong>Đánh giá điện thoại Xiaomi Poco F4 – Thiết kế mạnh mẽ, hiệu năng vượt trội</strong></h2>
<p><a title="Xiaomi Poco F4" href="https://cellphones.com.vn/xiaomi-poco-f4.html"><strong>Xiaomi Poco F4</strong></a> sản phẩm làm nhiều tính đồ công nghệ mong chờ, với thiết kế và hiệu năng nổi bật, mang sự đặt biệt của thương hiệu <a title="Điện thoại Xiaomi chính hãng" href="https://cellphones.com.vn/mobile/hang-sap-ve/xiaomi.html" target="_self" rel="noopener">điện thoại Xiaomi</a>. Poco 4 đã được hoàn thiện trong quá trình sản xuất và đưa ra thị trường sau một thời gian dài, chắc chắn sẽ không khiến người dùng thất vọng về cả giá tiền và chất lượng mà máy mang lại.</p>
<p>Cùng tìm hiểu tổng quát về diện mạo và hiệu năng của <strong>Xiaomi Poco F4</strong> để biết được lý do tại sao mà nhiều người dùng chờ đợi để sở hữu thiết bị này.</p>
<h3><strong>Thiết kế Xiaomi Poco F4 sang trọng</strong></h3>
<blockquote><p><strong>Xiaomi Poco F4</strong> với thiết kế khác hoàn toàn so với những máy tiền nhiệm trước đây. Với cạnh viền vuông tạo nên sự mạnh mẽ, cá tính, không kém phần sang trọng, tạo sự thú vị khác biệt với nhiều sản phẩm điện thoại cùng phân khúc hiện nay.</p></blockquote>
<p><img decoding="async" src="https://cdn2.cellphones.com.vn/x,webp,q100/media/wysiwyg/Phone/Xiaomi/Poco/POCO-F4-5G-3.jpg" alt="Đánh giá điện thoại Xiaomi Poco F4 – Thiết kế mạnh mẽ, hiệu năng vượt trội" /></p>
<p>Camera sắc nét ấn tượng giúp người dùng nắm bắt từng khoảnh khắc nhờ máy ảnh selfie là 20MP, rõ ràng, sinh động.</p>
<p>Ngoài ra, sản phẩm với hệ thống có ba camera, gọn gàng, không chiếm diện tích của máy, phía sau còn gồm có cảm biến chính lên đến 64MP. Phóng tầm nhìn với góc rộng là 8MP và kèm theo là camera macro 2MP, tạo cảm giác rõ nét, rộng hơn khi chụp ảnh.</p>
<p>Xiaomi Poco F4 được khởi động với giao diện là MIUI 13 dựa trên nền tảng Android 12, ra mắt với phiên bản đổi tên của dòng máy Redmi K40, đây là tin đồn của nhiều người về sản phẩm này.</p>
<h3><strong>Hiệu năng Poco F4 vượt trội</strong></h3>
<blockquote><p>Bên cạnh thiết kế, người dùng quan tâm hơn đó là hiệu năng máy, <strong>POCO F4</strong> sẽ khởi động dựa trên hệ điều hành Android 12 với chipset Qualcomm Snapdragon 870 tạo sự mạnh mẽ cho máy. Đây chính là phần người dùng bỏ tiền ra vô cùng xứng đáng. Khi chơi game sẽ giảm độ trễ đi rất nhiều thay vào đó là sự nhanh nhẹn, chiến thắng dễ dàng hơn, giống với sản phẩm tiền nhiệm trước là POCO F3. Ngoài ra, Chipset còn được ghép nối RAM LPDDR5 và cả bộ nhớ trong là UFS 3.1.</p></blockquote>
<p><img decoding="async" src="https://cdn2.cellphones.com.vn/x,webp,q100/media/wysiwyg/Phone/Xiaomi/Poco/POCO-F4-5G-2.jpg" alt="Đánh giá điện thoại Xiaomi Poco F4 – Thiết kế mạnh mẽ, hiệu năng vượt trội" /></p>
<p><strong>Xiaomi Poco F4</strong> sẽ có các phiên bản RAM lớn giúp người dùng lưu trữ nhiều thông tin, không lo lắng nhanh hết dung lượng khi đang sử dụng. Với bộ nhớ dung lượng lớn, có hai phiên bản 8GB/128GB và 12GB/256GB.</p>
<h3><strong>Thời lượng pin cho phép sử dụng cả ngày</strong></h3>
<blockquote><p><strong>Xiaomi Poco F4</strong> còn có thời lượng <strong>pin 4,500 mAh</strong>, người dùng tha hồ lướt web, chơi game giải trí hay làm việc cả một ngày dài mà không lo lắng hết pin giữa chừng, bên cạnh đó sản phẩm còn kết hợp hỗ trợ sạc nhanh lên đến 67W để sạc pin ngay khi cần đến.</p></blockquote>
<p><img decoding="async" src="https://cdn2.cellphones.com.vn/x,webp,q100/media/wysiwyg/Phone/Xiaomi/Poco/POCO-F4-5G-1.jpg" alt="Đánh giá điện thoại Xiaomi Poco F4 – Thiết kế mạnh mẽ, hiệu năng vượt trội" /></p>
<h3><strong>Tốc độ nhanh nhạy</strong></h3>
<blockquote><p><strong>POCO F4</strong> có độ phân giải full HD+, tốc độ nhanh nhạy khiến người dùng phải kinh ngạc bởi đồ họa chân thực, sống động với màn hình khá rộng. Kết hợp với con chip tầm trung mạnh mẽ, hiệu suất cao tạo trải nghiệm tốt nhất dành đến cho người dùng.</p></blockquote>
<p><img decoding="async" src="https://cdn2.cellphones.com.vn/x,webp,q100/media/wysiwyg/Phone/Xiaomi/Poco/POCO-F4-5G-6.jpg" alt="Đánh giá điện thoại Xiaomi Poco F4 – Thiết kế mạnh mẽ, hiệu năng vượt trội" /></p>
<p>Sản phẩm Xiaomi Poco F4 được hoàn thiện dần và với tần số quét lên đến 120Hz, Sử dụng tấm nền AMOLED tạo khả năng tối sử khi chơi game, hiệu ứng chuyển cảnh nhanh chóng, hứa hẹn sẽ mang đến cho người sử dụng những giây phút mượt mà, nhanh chóng hơn khi chiến trong game hay nghe nhạc, xem phim.</p>
<h2><strong>Mua ngay Xiaomi Poco F4 chất lượng tại CellphoneS</strong></h2>
<p>Bạn đang có ý định mua Xiaomi Poco F4 nhưng không biết nơi nào giá tốt, sợ mua phải hàng giả, hàng đểu. Đừng lo lắng về điều này, hãy đến ngay CellphoneS gồm nhiều chi nhánh và có tiếng về nhập hàng chính hãng, giá cả phải chăng, dịch vụ tốt kèm theo đó là nhiều ưu đãi, bảo hành để bảo đảm quyền lợi của khách hàng.</p>
<h2><strong>Các câu hỏi thường gặp</strong></h2>
<p>POCO F4 có thể đáp ứng các nhu cầu sử dụng cơ bản, phù hợp với học sinh, sinh viên hoặc những ai sử dụng các tác vụ cơ bản như xem phim, nghe nhạc, nhắn tin, gọi video call,&#8230; Khi có bất cứ câu hỏi nào về Xiaomi POCO F4, quý khách đừng ngại ngần liên hệ ngay với CellphoneS qua số điện thoại 1800.2097, Fanpage CellphoneS hoặc nhắn tin trò truyện ngay trên Website với tư vấn viên để được giải đáp nhanh chóng nhất!</p><p>The post <a href="http://https://github.com/lekhanhluan/lekhanhluan.github.io.git/san-pham/xiaomi-poco-f4-60gb/">Xiaomi Poco F4 60GB</a> first appeared on <a href="http://https://github.com/lekhanhluan/lekhanhluan.github.io.git">Luan FastFood</a>.</p>]]></content:encoded>
					
					<wfw:commentRss>http://https://github.com/lekhanhluan/lekhanhluan.github.io.git/san-pham/xiaomi-poco-f4-60gb/feed/</wfw:commentRss>
			<slash:comments>0</slash:comments>
		
		
			</item>
		<item>
		<title>iPhone 12 128GB&#124; Chính hãng VN/A</title>
		<link>http://https://github.com/lekhanhluan/lekhanhluan.github.io.git/san-pham/iphone-12-128gb-chinh-hang-vn-a-sao-chep/?utm_source=rss#038;utm_medium=rss&#038;utm_campaign=iphone-12-128gb-chinh-hang-vn-a-sao-chep</link>
					<comments>http://https://github.com/lekhanhluan/lekhanhluan.github.io.git/san-pham/iphone-12-128gb-chinh-hang-vn-a-sao-chep/#respond</comments>
		
		<dc:creator><![CDATA[lekhanhluan]]></dc:creator>
		<pubDate>Thu, 25 May 2023 09:12:20 +0000</pubDate>
				<guid isPermaLink="false">http://https://github.com/lekhanhluan/lekhanhluan.github.io.git/?post_type=product#038;p=712</guid>

					<description><![CDATA[<h2 class="ksp-title has-text-centered" style="text-align: center;">ĐẶC ĐIỂM NỔI BẬT</h2>
<div>
<ul>
<li>Mạnh mẽ, siêu nhanh với chip A14, RAM 4GB, mạng 5G tốc độ cao</li>
<li>Rực rỡ, sắc nét, độ sáng cao - Màn hình OLED cao cấp, Super Retina XDR hỗ trợ HDR10, Dolby Vision</li>
<li>Chụp đêm ấn tượng - Night Mode cho 2 camera, thuật toán Deep Fusion, Smart HDR 3</li>
<li>Bền bỉ vượt trội - Kháng nước, kháng bụi IP68, mặt lưng Ceramic Shield</li>
</ul>
</div>
<p>The post <a href="http://https://github.com/lekhanhluan/lekhanhluan.github.io.git/san-pham/iphone-12-128gb-chinh-hang-vn-a-sao-chep/">iPhone 12 128GB| Chính hãng VN/A</a> first appeared on <a href="http://https://github.com/lekhanhluan/lekhanhluan.github.io.git">Luan FastFood</a>.</p>]]></description>
										<content:encoded><![CDATA[<h2 align="center"><strong>Apple iPhone 12 128GB chính hãng (VN/A) phiên bản bộ nhớ 128GB lưu trữ thoải </strong><strong>mái</strong></h2>
<p><em>iPhone 12 hiện nay là cái tên “sốt xình xịch” bởi đây là một trong 4 siêu phẩm vừa được ra mắt của Apple với những đột phá về cả thiết kế lẫn cấu hình. Phiên bản Apple iPhone 12 128GB chính là một trong những chiếc iPhone được săn đón nhất bởi dung lượng bộ nhớ khủng, cho phép bạn thoải mái với vô vàn ứng dụng.</em></p>
<h3><strong>Dung lượng bộ nhớ trong lên đến 128GB và chip Apple A14 độc quyền</strong></h3>
<p><a href="https://cellphones.com.vn/iphone-12.html">iPhone 12 VN/A</a> phiên bản bộ nhớ trong 128GB sẽ khiến bạn có thể vô tư với hàng tá ứng dụng, chứa rất nhiều ảnh, video và không cần lo lắng việc không đủ dung lượng sử dụng.</p>
<p><img decoding="async" class="alignnone size-full wp-image-667" src="http://https://github.com/lekhanhluan/lekhanhluan.github.io.git/wp-content/uploads/2019/01/iphone-11-3_1.webp" alt="" width="810" height="456" /></p>
<p>Ngoài ra, iPhone 12 128GB chính hãng (VN/A) còn hỗ trợ sạc nhanh lên đến 20W, tiết kiệm thời gian của bạn và có thể nhanh chóng tiếp tục sử dụng điện thoại của mình.</p>
<h2><strong>iPhone 12 128GB giá bao nhiêu?</strong></h2>
<p>Bên cạnh thiết kế, mẫu mã, hiệu năng và dung lượng pin thì iPhone 12 128GB giá bao nhiêu là điều được nhiều người quan tâm không kém. Giá ở hiện tại đã giảm đi rất nhiều so với thời điểm chiếc “Táo” này ra mắt. Nhờ vậy, việc sở hữu sản phẩm tốt giá hời nằm trong tầm tay của các tín đồ công nghệ, đặc biệt là iFan. Tại CellphoneS, iPhone 12 128GB hiện tại có mức giá từ 16 triệu đồng (giá có thể thay đổi tùy theo thời gian và chương trình khuyến mãi khác nhau). Như vậy bạn đã tiết kiệm đến hơn 20% so với giá ban đầu.</p>
<p><img decoding="async" class="alignnone size-full wp-image-662" src="http://https://github.com/lekhanhluan/lekhanhluan.github.io.git/wp-content/uploads/2019/01/iphone-12-7.webp" alt="" width="810" height="456" /></p><p>The post <a href="http://https://github.com/lekhanhluan/lekhanhluan.github.io.git/san-pham/iphone-12-128gb-chinh-hang-vn-a-sao-chep/">iPhone 12 128GB| Chính hãng VN/A</a> first appeared on <a href="http://https://github.com/lekhanhluan/lekhanhluan.github.io.git">Luan FastFood</a>.</p>]]></content:encoded>
					
					<wfw:commentRss>http://https://github.com/lekhanhluan/lekhanhluan.github.io.git/san-pham/iphone-12-128gb-chinh-hang-vn-a-sao-chep/feed/</wfw:commentRss>
			<slash:comments>0</slash:comments>
		
		
			</item>
		<item>
		<title>iPhone 11 64GB &#124; Chính hãng VN/A</title>
		<link>http://https://github.com/lekhanhluan/lekhanhluan.github.io.git/san-pham/iphone-11-64gb-chinh-hang-vn-a-sao-chep/?utm_source=rss#038;utm_medium=rss&#038;utm_campaign=iphone-11-64gb-chinh-hang-vn-a-sao-chep</link>
					<comments>http://https://github.com/lekhanhluan/lekhanhluan.github.io.git/san-pham/iphone-11-64gb-chinh-hang-vn-a-sao-chep/#respond</comments>
		
		<dc:creator><![CDATA[lekhanhluan]]></dc:creator>
		<pubDate>Thu, 25 May 2023 08:54:11 +0000</pubDate>
				<guid isPermaLink="false">http://https://github.com/lekhanhluan/lekhanhluan.github.io.git/?post_type=product#038;p=702</guid>

					<description><![CDATA[<div class="ksp-content p-2 mb-2">
<h2 class="ksp-title has-text-centered" style="text-align: center;">ĐẶC ĐIỂM NỔI BẬT</h2>
<div>
<ul>
<li>Màu sắc phù hợp cá tính - 6 màu sắc bắt mắt để lựa chọn</li>
<li>Hiệu năng mượt mà, ổn định - Chip A13, RAM 4GB</li>
<li>Bắt trọn khung hình - Camera kép hỗ trợ góc rộng, chế độ Night Mode</li>
<li>Yên tâm sử dụng - Kháng nước, kháng bụi IP68, kính cường lực Gorilla</li>
</ul>
</div>
</div>
<div></div>
<p>The post <a href="http://https://github.com/lekhanhluan/lekhanhluan.github.io.git/san-pham/iphone-11-64gb-chinh-hang-vn-a-sao-chep/">iPhone 11 64GB | Chính hãng VN/A</a> first appeared on <a href="http://https://github.com/lekhanhluan/lekhanhluan.github.io.git">Luan FastFood</a>.</p>]]></description>
										<content:encoded><![CDATA[<h2 style="text-align: center;"><strong>Tin tức mới nhất về điện thoại iPhone 11</strong></h2>
<p>Đầu quý 1 năm 2023, thị trường công nghệ bắt đầu nhộn nhịp trở lại, các đại lý bán lẻ đặc biệt là CellphoneS tung ra nhiều chương trình ưu đãi giảm giá hấp dẫn. Trong đó không thể không nhắc đến chính là iPhone 11 giảm cực sốc so với thời điểm trước đó.</p>
<p>Cụ thể, giá iPhone 11 đã giảm về mức chỉ quanh 10-11 triệu đồng, khiến nhu cầu mua sắm tăng chóng mặt so với các tháng trước. Không những vậy, khách hàng còn nhận được ưu đãi hấp dẫn khi thu cũ lên đời tại CellphoneS, đồng thời còn được giảm giá thêm khi thanh toán qua ví Moca, VNPay hay thẻ tín dụng.</p>
<h2><strong>Thông số iPhone 11 được nâng cấp gì so với iPhone XR?</strong></h2>
<p>So với iPhone XR thì siêu phẩm Apple năm 2019 có nhiều nâng cấp đáng giá, trong đó nổi bật là con chip xử lý, bộ nhớ RAM, dung lượng pin, đặc biệt là camera trước và sau. Dưới đây là bảng so sánh thông số kỹ thuật của iPhone 11 và XR bạn có thể tham khảo:</p>
<table class="table table-bordered" style="height: 735px;" border="0" width="972">
<tbody>
<tr class="info">
<td><strong>iPhone 11</strong></td>
<td><strong>iPhone XR</strong></td>
</tr>
<tr>
<td><strong>Màn hình</strong></td>
<td>IPS LCD 6.1 inch</td>
<td>IPS LCD 6.1 inch</td>
</tr>
<tr>
<td><strong>Độ phân giải</strong></td>
<td>828 x 1792 pixel</td>
<td>828 x 1792 pixel</td>
</tr>
<tr>
<td><strong>Mật độ điểm ảnh</strong></td>
<td>326PPI</td>
<td>326PPI</td>
</tr>
<tr>
<td><strong>Tần số quét</strong></td>
<td>60Hz</td>
<td>60Hz</td>
</tr>
<tr>
<td><strong>Chip xử lý</strong></td>
<td><strong>A13 Bionic</strong></td>
<td>A12 Bionic</td>
</tr>
<tr>
<td><strong>Dung lượng RAM</strong></td>
<td><strong>4GB</strong></td>
<td>3GB</td>
</tr>
<tr>
<td><strong>Bộ nhớ trong</strong></td>
<td>64GB, 128GB, 256GB</td>
<td>64GB, 128GB, 256GB</td>
</tr>
<tr>
<td><strong>Dung lượng pin</strong></td>
<td><strong>3110 mAh</strong></td>
<td>2942 mAh</td>
</tr>
<tr>
<td><strong>Camera trước</strong></td>
<td><strong>12MP</strong></td>
<td>7MP</td>
</tr>
<tr>
<td><strong>Camera sau</strong></td>
<td><strong>12MP + 12MP</strong></td>
<td>12MP</td>
</tr>
<tr>
<td><strong>Màu sắc</strong></td>
<td>6 màu</td>
<td>6 màu</td>
</tr>
</tbody>
</table>
<p><img decoding="async" class="size-full wp-image-667 aligncenter" src="http://https://github.com/lekhanhluan/lekhanhluan.github.io.git/wp-content/uploads/2019/01/iphone-11-3_1.webp" alt="" width="810" height="456" /></p>
<p>Mặc dù không còn giữ được sức nóng và độ hot như những ngày đầu mới được ra mắt nhưng ở thời điểm hiện tại, bạn khó có thể tìm được một sản phẩm nào sở hữu hiệu năng ổn định với mức giá thành siêu rẻ như iPhone 11. Với việc được hạ giá thành xuống thấp tới mức không thể nào hấp dẫn hơn, iPhone 11 sẽ tạo nên một con sốt trên thị trường smartphone thời điểm này.</p>
<p>Hiện tại, iPhone 11 vẫn được các chuyên gia đánh giá rất cao về độ ổn định của cấu hình trong thời gian dài sử dụng cũng như độ sắc nét mượt mà của màn hình trong các tác vụ như xem phim, chơi game. Về thiết kế bên ngoài, sản phẩm cũng vẫn luôn nhận được những phản hồi tích cực về sự bền bỉ, chắc chắn, cho cảm giác cầm nắm thoải mái, vừa tay.</p>
<p><img decoding="async" class="wp-image-668 aligncenter" src="http://https://github.com/lekhanhluan/lekhanhluan.github.io.git/wp-content/uploads/2019/01/iphone-11-7_1.webp" alt="" width="773" height="435" /></p><p>The post <a href="http://https://github.com/lekhanhluan/lekhanhluan.github.io.git/san-pham/iphone-11-64gb-chinh-hang-vn-a-sao-chep/">iPhone 11 64GB | Chính hãng VN/A</a> first appeared on <a href="http://https://github.com/lekhanhluan/lekhanhluan.github.io.git">Luan FastFood</a>.</p>]]></content:encoded>
					
					<wfw:commentRss>http://https://github.com/lekhanhluan/lekhanhluan.github.io.git/san-pham/iphone-11-64gb-chinh-hang-vn-a-sao-chep/feed/</wfw:commentRss>
			<slash:comments>0</slash:comments>
		
		
			</item>
		<item>
		<title>iPhone 12 64GB &#124; Chính hãng VN/A</title>
		<link>http://https://github.com/lekhanhluan/lekhanhluan.github.io.git/san-pham/iphone-12-64gb-chinh-hang-vn-a-sao-chep/?utm_source=rss#038;utm_medium=rss&#038;utm_campaign=iphone-12-64gb-chinh-hang-vn-a-sao-chep</link>
					<comments>http://https://github.com/lekhanhluan/lekhanhluan.github.io.git/san-pham/iphone-12-64gb-chinh-hang-vn-a-sao-chep/#respond</comments>
		
		<dc:creator><![CDATA[lekhanhluan]]></dc:creator>
		<pubDate>Thu, 25 May 2023 08:53:54 +0000</pubDate>
				<guid isPermaLink="false">http://https://github.com/lekhanhluan/lekhanhluan.github.io.git/?post_type=product#038;p=701</guid>

					<description><![CDATA[<h2 class="ksp-title has-text-centered">ĐẶC ĐIỂM NỔI BẬT</h2>
<div>
<ul>
<li>Mạnh mẽ, siêu nhanh với chip A14, RAM 4GB, mạng 5G tốc độ cao</li>
<li>Rực rỡ, sắc nét, độ sáng cao - Màn hình OLED cao cấp, Super Retina XDR hỗ trợ HDR10, Dolby Vision</li>
<li>Chụp đêm ấn tượng - Night Mode cho 2 camera, thuật toán Deep Fusion, Smart HDR 3</li>
<li>Bền bỉ vượt trội - Kháng nước, kháng bụi IP68, mặt lưng Ceramic Shield</li>
</ul>
</div>
<p>The post <a href="http://https://github.com/lekhanhluan/lekhanhluan.github.io.git/san-pham/iphone-12-64gb-chinh-hang-vn-a-sao-chep/">iPhone 12 64GB | Chính hãng VN/A</a> first appeared on <a href="http://https://github.com/lekhanhluan/lekhanhluan.github.io.git">Luan FastFood</a>.</p>]]></description>
										<content:encoded><![CDATA[<h2 style="text-align: center;"><strong>Đánh giá iPhone 12 &#8211; Siêu phẩm khẳng định đẳng cấp</strong></h2>
<p>Phiên bản iPhone 12 thường sở hữu nhiều điểm mới đặc biệt là về thiết kế và cấu hình so với các thế hệ trước đó.</p>
<h3><strong>Thiết kế </strong></h3>
<p>iPhone 12 gây ấn tượng với người dùng bởi thiết kế vuông vức quen thuộc, đây là thiết kế đã từng xuất hiện trên thế hệ iPhone 5 trước đó. Điện thoại được hoàn thiện mỏng hơn với cụm camera lớn hơn.</p>
<p>Đặc biệt, máy được trang bị một khung viền thép không gỉ. Mặt lưng <a href="https://cellphones.com.vn/mobile/apple/iphone-12-vna.html">điện thoại iPhone 12</a> được trang bị một mặt kính Ceramic Shield bóng bẩy, gây được sự chú ý của người đối diện.</p>
<p>Về kích thước cụ thể, máy có thông số từng cạnh lần lượt là 146.7 x 71.5 x 7.4 mm cùng cân nặng khoảng 164g. Tổng thể, máy khá mỏng nhẹ thích hợp với cả người dùng nam và nữ cũng như thích hợp với nhiều kích thước tay khác nhau.</p>
<p><img decoding="async" class="alignnone size-full wp-image-633" src="http://https://github.com/lekhanhluan/lekhanhluan.github.io.git/wp-content/uploads/2019/01/1684210858832-ly-do-nen-lua-chon-iphone-11-cu-o-thoi-diem-hien-tai.jpg" alt="" width="865" height="576" /></p>
<h3><strong>Màn hình </strong></h3>
<p>Màn hình là một điểm nhấn trên iPhone 12. Máy được trang bị tấm nền Super Retina XDR OLED, thay vì IPS LCD như thế hệ trước đó nhờ vậy người dùng sẽ cảm nhận được khả năng hiển thị sinh động, màu sắc đậm đà cũng như độ tương phản cao.</p>
<p>Bên cạnh đó, điện thoại được trang bị một màn hình kích thước khá lớn, bằng với <a href="https://cellphones.com.vn/iphone-12-pro.html">iPhone 12 Pro</a> là 6.1 inch. Cùng với đó là độ phân giải 1.170 x 2.532 pixels nhờ đó mang lại khả năng hiển thị với hình ảnh đẹp mắt. Màn hình với tần số quét 60Hz mang lại trải nghiệm mượt mà, từ xem phim đến chơi game.</p>
<p>Phần viền màn hình trên thế hệ iPhone 12 cũng nhỏ và mỏng hơn rất nhiều so với các thế thệ trước. Nhờ đó người dùng có không giản trải nghiệm rộng hơn, màn hình hiển thị được nhiều chi tiết hơn.</p>
<p>Ngoài ra, màn hình trên thiết bị cũng được trang bị công nghệ True Tone giúp tự động điều chỉnh độ sáng màn hình theo độ sáng của môi trường giúp con mắt của người dùng thoải mái hơn khi sử dụng.</p>
<p><img decoding="async" class="alignnone size-full wp-image-662" src="http://https://github.com/lekhanhluan/lekhanhluan.github.io.git/wp-content/uploads/2019/01/iphone-12-7.webp" alt="" width="810" height="456" /></p><p>The post <a href="http://https://github.com/lekhanhluan/lekhanhluan.github.io.git/san-pham/iphone-12-64gb-chinh-hang-vn-a-sao-chep/">iPhone 12 64GB | Chính hãng VN/A</a> first appeared on <a href="http://https://github.com/lekhanhluan/lekhanhluan.github.io.git">Luan FastFood</a>.</p>]]></content:encoded>
					
					<wfw:commentRss>http://https://github.com/lekhanhluan/lekhanhluan.github.io.git/san-pham/iphone-12-64gb-chinh-hang-vn-a-sao-chep/feed/</wfw:commentRss>
			<slash:comments>0</slash:comments>
		
		
			</item>
		<item>
		<title>Samsung Galaxy S22 (8GB &#8211; 256GB)</title>
		<link>http://https://github.com/lekhanhluan/lekhanhluan.github.io.git/san-pham/samsung-galaxy-s22-8gb-256gb-sao-chep/?utm_source=rss#038;utm_medium=rss&#038;utm_campaign=samsung-galaxy-s22-8gb-256gb-sao-chep</link>
					<comments>http://https://github.com/lekhanhluan/lekhanhluan.github.io.git/san-pham/samsung-galaxy-s22-8gb-256gb-sao-chep/#respond</comments>
		
		<dc:creator><![CDATA[lekhanhluan]]></dc:creator>
		<pubDate>Thu, 25 May 2023 08:51:30 +0000</pubDate>
				<guid isPermaLink="false">http://https://github.com/lekhanhluan/lekhanhluan.github.io.git/?post_type=product#038;p=699</guid>

					<description><![CDATA[<hr />
<div class="block-content-product">
<div class="block-content-product-left">
<div class="cps-block-content">
<div class="ksp-content p-2 mb-2">
<h2 class="ksp-title has-text-centered" style="text-align: center;">ĐẶC ĐIỂM NỔI BẬT</h2>
<div>
<ul>
<li>Camera mắt thần bóng đêm Nightography - Ghi lại khoảnh khắc đêm diệu kì</li>
<li>Mãn nhãn từng khoảnh khắc - Màn hình 6.1", Dynamic AMOLED 2X, 120Hz</li>
<li>Bứt phá hiệu năng - Snapdragon 8 Gen 1 (4 nm)</li>
<li>Thỏa sức trải nghiệm chỉ với một lần sạc - Viên pin 3700 mAh, sạc nhanh 25W, sạc không dây</li>
</ul>
</div>
</div>
</div>
</div>
</div>
<p>The post <a href="http://https://github.com/lekhanhluan/lekhanhluan.github.io.git/san-pham/samsung-galaxy-s22-8gb-256gb-sao-chep/">Samsung Galaxy S22 (8GB – 256GB)</a> first appeared on <a href="http://https://github.com/lekhanhluan/lekhanhluan.github.io.git">Luan FastFood</a>.</p>]]></description>
										<content:encoded><![CDATA[<p>Đúng như các thông tin được đồn đoán trước đó, mẫu flagship mới của gả khổng lồ Hàn Quốc được ra mắt với tên gọi là Samsung Galaxy S22 Ultra với nhiều cải tiến đáng giá. Mẫu điện thoại cao cấp đến từ Samsung này có nhiều thay đổi từ thiết kế, cấu hình cho đến camera. Vậy siêu phẩm này có gì mới, giá bao nhiêu và có nên mua không? Hãy cùng tìm hiểu chi tiết ngay bên dưới nhé!</p>
<p>Dự kiến vào tháng 2 năm 2023, Samsung sẽ cho ra mắt siêu phẩm <a title="Samsung S23 Ultra" href="https://cellphones.com.vn/samsung-galaxy-s23-ultra.html" target="_blank" rel="noopener"><strong>S23 Ultra</strong></a> mà có thể quý khách sẽ quan tâm! Click vào link để tìm hiểu thêm!</p>
<h2><strong>Samsung S22 được nâng cấp gì so với S21 Ultra</strong></h2>
<p>Trước khi chính thức ra mắt cộng đồng những chiếc điện thoại Samsung S22 Series đã có thời gian được thai nghén khá dài để đảm bảo có những tính năng thực sự vượt trội so với phiên bản tiền nhiệm. Để có thể hình dung rõ ràng ta xét đến 2 mẫu <a href="https://cellphones.com.vn/samsung-galaxy-s22-ultra.html" target="_blank" rel="noopener"><strong>Samsung S22 Ultra</strong></a> và S21 Ulta xem dòng flagship mới nhà Samsung có những nâng cấp nổi trội nào nhé!</p>
<p><img decoding="async" class="alignnone size-full wp-image-679" src="http://https://github.com/lekhanhluan/lekhanhluan.github.io.git/wp-content/uploads/2019/01/samsung-galaxy-s22-ultra-4.webp" alt="" width="800" height="450" /></p>
<p>Những nâng cấp lớn về hiệu năng, dung lượng pin, và trên hết là camera sau chính là những điểm khiến nó trở thành siêu phẩm trong phân khúc cao cấp. Dưới đây là những thông tin cần biết về dòng điện thoại vừa ra mắt của Samsung. Dưới đây là thông số cấu hình của Samsung S22 Ultra vừa được gã khổng lồ Hàn Quốc giới thiệu.</p>
<h3><strong>Thiết kế nguyên khối &#8211; kính sang trọng với độ bền tối ưu</strong></h3>
<p>Samsung Galaxy S22 Ultra đi theo ngôn ngữ thiết kế nguyên khối &#8211; kính cao cấp và sang trọng, vốn đã làm nên sự thành công của model tiền nhiệm. Chiếc máy có thiết kế mặt lưng đơn sắc tối giản nhưng không kém phần tinh tế, và màn hình tràn viền bao phủ gần như trọn mặt trước, tạo nên trải nghiệm quan sát rộng rãi trên một thiết bị di động nhỏ gọn vừa tay cầm.</p>
<p>Độ bền của máy được đảm bảo tối ưu không chỉ qua lớp vỏ nhôm nguyên khối Amor đánh bóng, mà còn qua kính cường lực Corning Gorilla Glass Victus+ bao phủ hai mặt trước và sau. Khung nhôm và kính hoạt động như bộ giáp bảo vệ điện thoại an toàn. Chiếc máy còn có khả năng chống bụi / nước đạt chuẩn IP68 giúp người dùng luôn an tâm khi dùng máy trong những điều kiện môi trường khác nhau.</p>
<p><img decoding="async" class="alignnone size-full wp-image-680" src="http://https://github.com/lekhanhluan/lekhanhluan.github.io.git/wp-content/uploads/2019/01/samsung-galaxy-s22-ultra-9.webp" alt="" width="810" height="456" /></p><p>The post <a href="http://https://github.com/lekhanhluan/lekhanhluan.github.io.git/san-pham/samsung-galaxy-s22-8gb-256gb-sao-chep/">Samsung Galaxy S22 (8GB – 256GB)</a> first appeared on <a href="http://https://github.com/lekhanhluan/lekhanhluan.github.io.git">Luan FastFood</a>.</p>]]></content:encoded>
					
					<wfw:commentRss>http://https://github.com/lekhanhluan/lekhanhluan.github.io.git/san-pham/samsung-galaxy-s22-8gb-256gb-sao-chep/feed/</wfw:commentRss>
			<slash:comments>0</slash:comments>
		
		
			</item>
		<item>
		<title>Samsung Galaxy Z Flip4 128GB</title>
		<link>http://https://github.com/lekhanhluan/lekhanhluan.github.io.git/san-pham/samsung-galaxy-z-flip4-128gb-sao-chep/?utm_source=rss#038;utm_medium=rss&#038;utm_campaign=samsung-galaxy-z-flip4-128gb-sao-chep</link>
					<comments>http://https://github.com/lekhanhluan/lekhanhluan.github.io.git/san-pham/samsung-galaxy-z-flip4-128gb-sao-chep/#respond</comments>
		
		<dc:creator><![CDATA[lekhanhluan]]></dc:creator>
		<pubDate>Thu, 25 May 2023 08:51:23 +0000</pubDate>
				<guid isPermaLink="false">http://https://github.com/lekhanhluan/lekhanhluan.github.io.git/?post_type=product#038;p=698</guid>

					<description><![CDATA[<h2 class="ksp-title has-text-centered" style="text-align: center;">ĐẶC ĐIỂM NỔI BẬT</h2>
<div>
<ul>
<li>Ngoại hình thời trang - cầm nắm cực sang với thiết kế gập vỏ sò độc đáo</li>
<li>Công nghệ màn hình hàng đầu đến từ Samsung - 6.7 inch, tấm nền Dynamic AMOLED 2X</li>
<li>Trang bị camera chất lượng - Bộ đôi camera có cùng độ phân giải 12 MP, chống rung, chụp đêm</li>
<li>Hiệu năng mạnh mẽ đến từ dòng chip cao cấp của Qualcomm - Snapdragon 8+ Gen 1</li>
</ul>
</div>
<p>The post <a href="http://https://github.com/lekhanhluan/lekhanhluan.github.io.git/san-pham/samsung-galaxy-z-flip4-128gb-sao-chep/">Samsung Galaxy Z Flip4 128GB</a> first appeared on <a href="http://https://github.com/lekhanhluan/lekhanhluan.github.io.git">Luan FastFood</a>.</p>]]></description>
										<content:encoded><![CDATA[<p>Tiếp tục là một mẫu smartphone màn hình gập độc đáo, đầy lôi cuốn và mới mẻ từ hãng công nghệ Hàn Quốc, dự kiến sẽ có tên là <strong>Samsung Galaxy Z Flip 4</strong> với nhiều nâng cấp. Đây hứa hẹn sẽ là một siêu phẩm bùng nổ trong thời gian tới và thu hút được sự quan tâm của đông đảo người dùng với nhiều cải tiến từ ngoại hình, camera, bộ vi xử lý và viên pin được nâng cấp.</p>
<h2><strong>So sánh điện thoại Samsung Z Flip4 với Samsung Galaxy Z Flip3</strong></h2>
<table class="table table-bordered">
<tbody>
<tr>
<td></td>
<td><strong>Samsung Galaxy Z Flip4 5G</strong></td>
<td><strong>Samsung Galaxy Z Flip3 5G</strong></td>
</tr>
<tr>
<td><strong>Giá niêm yết</strong></td>
<td>23.990.000</td>
<td>24.990.000</td>
</tr>
<tr>
<td><strong>Kích thước màn hình</strong></td>
<td>Màn hình chính: 6.7 inch</p>
<p>Màn hình phụ: 1.9 inch</td>
<td>Màn hình chính: 6.7 inch</p>
<p>Màn hình phụ: 1.9 inch</td>
</tr>
<tr>
<td><strong>Tần số quét</strong></td>
<td>120Hz</td>
<td>120Hz</td>
</tr>
<tr>
<td><strong>Trọng lượng</strong></td>
<td>187 g</td>
<td>183g</td>
</tr>
<tr>
<td><strong>Công nghệ màn hình</strong></td>
<td> Foldable Dynamic AMOLED 2X</td>
<td> Super AMOLED</td>
</tr>
<tr>
<td><strong>Camera sau</strong></td>
<td>Camera góc siêu rộng: 12MP</p>
<p>Camera góc rộng: 12MP</td>
<td>Camera góc siêu rộng: 12MP, f/2.2</p>
<p>Camera góc rộng: 12MP, f/1.8</td>
</tr>
<tr>
<td><strong>Camera trước</strong></td>
<td>Camera Selfie 10MP</td>
<td>Góc rộng 10MP, f/2.4</td>
</tr>
<tr>
<td><strong>Dung lượng RAM</strong></td>
<td>8GB</td>
<td>8GB</td>
</tr>
<tr>
<td><strong>Bộ nhớ trong</strong></td>
<td>128GB/256GB/512GB</td>
<td>128GB/ 256GB</td>
</tr>
<tr>
<td><strong>Thẻ SIM</strong></td>
<td>1 Nano SIM &amp; 1 eSIM</td>
<td>2 SIM (nano‑SIM và eSIM)</td>
</tr>
<tr>
<td><strong>Chỉ số kháng nước</strong></td>
<td>IPX8</td>
<td>IPX8</td>
</tr>
<tr>
<td><strong>Cảm biến vân tay</strong></td>
<td>Cảm biến vân tay cạnh bên</td>
<td>Cảm biến vân tay cạnh bên</td>
</tr>
<tr>
<td><strong>Sạc nhanh</strong></td>
<td>3700mAh</p>
<p>Sạc nhanh 25W</p>
<p>Sạc không dây 10W</p>
<p>Sạc ngược không dây</td>
<td>3300 mAh</p>
<p>Sạc nhanh 15W</p>
<p>Sạc không dây 10W</td>
</tr>
<tr>
<td><strong>CPU</strong></td>
<td>Snapdragon 8+ Gen 1</td>
<td>Snapdragon 888 8 (5nm)</td>
</tr>
<tr>
<td><strong>GPU</strong></td>
<td>Adreno 670</td>
<td>Adreno 660l</td>
</tr>
<tr>
<td><strong>Hệ điều hành</strong></td>
<td>Android 12</td>
<td>Android 11</td>
</tr>
<tr>
<td><strong>Màu sắc</strong></td>
<td>Tím Bora</p>
<p>Xám Graphite</p>
<p>Hồng Champagne</p>
<p>Xanh Lovebird</td>
<td>Đen Phantom</p>
<p>Kem Ivory</p>
<p>Xanh Phantom</p>
<p>Tím Lilac</td>
</tr>
</tbody>
</table>
<p>Khi điện thoại Samsung Z Flip4 chính thức ra mắt, người dùng Samsung Z Flip3 sẽ phân vân có nên nâng cấp lên mẫu điện thoại mới này hay không. Vậy cùng tìm hiểu Samsung Z Flip4 với Flip 3 có gì khác biệt.</p>
<h2><strong>Đánh giá điện thoại Samsung Flip 4 chi tiết</strong></h2>
<p>Là mẫu điện thoại cao cấp được ra mắt hàng năm của Samsung, do đó Samsung ZFlip 4 được rất nhiều người quan tâm. Vậy sản phẩm được thiết kế ra sao, tính năng có gì nổi bật? Cùng tìm hiểu chi tiết ngay dưới đây.</p>
<h3><strong>Thiết kế đột phá đầy lôi cuốn</strong></h3>
<p><strong>Samsung Galaxy Z Flip 4</strong> sở hữu thiết kế nhìn chung không có nhiều khác biệt so với thế hệ trước đó. Điện thoại vẫn sở hữu một thiết kế bao gồm hai tone màu với màn hình gập. Tuy nhiên các chi tiết sẽ được chăm chút hơn rất nhiều so với người đàn anh Z Flip 3.</p>
<p><strong>Điện thoại Samsung ZFlip 4</strong> tiếp tục là một mẫu mã sang chảnh, thời thượng của Samsung được lấy cảm hứng từ hộp trang điểm cầm tay của các chị em hay chiếc vỏ sò. Với công nghệ gập đột phá, Samsung đã tạo ra một chiếc smartphone mang đậm dấu ấn Samsung trên thị trường. Đóng lại là phụ kiện công nghệ với kích thước 4.2-inch, vừa vặn mọi ngăn túi. Mở ra là một chiếc smartphone gập phá vỡ mọi giới hạn từ trước đến nay.</p>
<p><img decoding="async" src="https://cdn2.cellphones.com.vn/x,webp,q100/media/wysiwyg/mobile/samsung/samsung-galaxy-z-flip-4-14.jpg" alt="Thiết kế đột phá đầy lôi cuốn" /></p>
<p>Khung nhôm của máy được bo tròn tinh tế với những đường nét mềm mại. Trông rất cao cấp. Chạm vào thì vô cùng thoải mái. Hơn nữa, lớp phủ nhám nhẹ trên bề mặt kính máy sẽ hạn chế tối đa dấu vân tay hoặc vết bẩn để máy luôn mới và sạch.</p>
<p><strong>Galaxy Z Flip 4</strong> tiếp tục được trang bị kính siêu mỏng Ultra Thin Glass (UTG). Công nghệ màn hình này mang cho bạn trải nghiệm linh hoạt không tưởng. Bền hơn 80% so với phiên bản Z Flip trước đó. Và có gập mở đến 200.000 lần mà không gặp trục trặc gì. Phần bản lề này không chỉ bền bỉ hơn mà cũng nhỏ và nhẹ hơn.</p>
<p>Nếu nếp gấp giữa màn hình từng là một điểm yếu trên Samsung Galaxy Z Flip 3 thì điều này đã hoàn toàn được cải thiện trên thế mới kế nhiệm này. Khi mở ra, màn hình <strong>Z Flip 4</strong> vẫn tồn tại những nếp gấp tuy nhiên nếp gấp này mờ hơn đáng kể, rất khó để nhìn thấy và hoàn toàn không ảnh hưởng đến các trải nghiệm của người dùng.</p>
<p><img decoding="async" src="https://cdn2.cellphones.com.vn/x,webp,q100/media/wysiwyg/mobile/samsung/samsung-galaxy-z-flip-4-13.jpg" alt="Đánh giá Samsung Galaxy Z Flip 4" /></p>
<p>Thiết kế màn hình gập độc đáo này còn hỗ trợ người dùng trò chuyện rảnh tay vô cùng tiện lợi. Khi gập góc 90 độ, điện thoại có thể tự đứng mà không cần người dùng luôn cầm trên tay hay sử dụng phụ kiện hỗ trợ.</p>
<p>Samsung Galaxy Z Flip 4 này giúp bạn thỏa sức sáng tạo mà không lo hư hỏng do ướt bởi khả năng kháng nước đạt chuẩn IPX8. Giúp điện thoại chịu đựng được ở độ sâu 1.5m trong môi trường nước (tối đa 30 phút).</p><p>The post <a href="http://https://github.com/lekhanhluan/lekhanhluan.github.io.git/san-pham/samsung-galaxy-z-flip4-128gb-sao-chep/">Samsung Galaxy Z Flip4 128GB</a> first appeared on <a href="http://https://github.com/lekhanhluan/lekhanhluan.github.io.git">Luan FastFood</a>.</p>]]></content:encoded>
					
					<wfw:commentRss>http://https://github.com/lekhanhluan/lekhanhluan.github.io.git/san-pham/samsung-galaxy-z-flip4-128gb-sao-chep/feed/</wfw:commentRss>
			<slash:comments>0</slash:comments>
		
		
			</item>
		<item>
		<title>Samsung Galaxy S23 8GB 256GB</title>
		<link>http://https://github.com/lekhanhluan/lekhanhluan.github.io.git/san-pham/samsung-galaxy-s23-8gb-256gb-sao-chep/?utm_source=rss#038;utm_medium=rss&#038;utm_campaign=samsung-galaxy-s23-8gb-256gb-sao-chep</link>
					<comments>http://https://github.com/lekhanhluan/lekhanhluan.github.io.git/san-pham/samsung-galaxy-s23-8gb-256gb-sao-chep/#respond</comments>
		
		<dc:creator><![CDATA[lekhanhluan]]></dc:creator>
		<pubDate>Thu, 25 May 2023 08:46:35 +0000</pubDate>
				<guid isPermaLink="false">http://https://github.com/lekhanhluan/lekhanhluan.github.io.git/?post_type=product#038;p=693</guid>

					<description><![CDATA[<h2 class="ksp-title has-text-centered" style="text-align: center;">ĐẶC ĐIỂM NỔI BẬT</h2>
<div>
<ul>
<li>Dẫn đầu công nghệ chụp đêm - Camera lên đến 50MP, zoom xa rõ nét, vi xử lí AI, công nghệ ảnh siêu chi tiết</li>
<li>Hiệu năng vượt trội - Snapdragon 8 Gen 2 8 nhân mạnh mẽ</li>
<li>Đa nhiệm mượt mà - RAM lớn 8G, dễ dàng chuyển đổi giữa các thiết bị</li>
<li>Thiết kế vì hành tinh - Màu sắc lấy cảm hứng từ thiên nhiên, chất liệu kính và lớp phim phủ PET tái chế</li>
</ul>
</div>
<p>The post <a href="http://https://github.com/lekhanhluan/lekhanhluan.github.io.git/san-pham/samsung-galaxy-s23-8gb-256gb-sao-chep/">Samsung Galaxy S23 8GB 256GB</a> first appeared on <a href="http://https://github.com/lekhanhluan/lekhanhluan.github.io.git">Luan FastFood</a>.</p>]]></description>
										<content:encoded><![CDATA[<p style="text-align: left;" align="center"><strong>Samsung Galaxy S23 </strong>là phiên bản tiếp theo sắp được Samsung cho ra mắt thị trường. Sở hữu diện mạo tinh tế mới mẻ đi đầu xu hướng, bên cạnh đó là màn hình chất lượng, hiệu năng mạnh mẽ và cụm camera siêu chất sẽ mang tới những trải nghiệm ấn tượng cho người dùng ngay từ lần chạm đầu tiên.</p>
<h2 style="text-align: center;" align="center"><strong>Ưu đãi cực &#8220;khủng&#8221; khi đặt trước Samsung Galaxy S23 tại CellphoneS</strong></h2>
<p style="text-align: left;">Khi đặt trước Samsung Galaxy S23 tại CellphoneS, bạn sẽ nhận được nhiều ưu đãi sốc, cụ thể:</p>
<p style="text-align: left;">&#8211; Sở hữu liền tay phiếu mua hàng đến 3 triệu đồng;</p>
<p style="text-align: left;">&#8211; Trợ giá lên đời đến 3 triệu đồng;</p>
<p style="text-align: left;">&#8211; Hoàn tiền qua ví điện tử lên đến 2 triệu đồng;</p>
<p style="text-align: left;">&#8211; Trả góp 0% trong vòng 24 tháng.</p>
<p style="text-align: left;">Chi tiết cụ thể khách hàng vui lòng xem tại chương trình khuyến mãi hoặc gọi đến hotline của CellphoneS để được tư vấn và giải đáp thắc mắc!</p>
<p style="text-align: left;"><img decoding="async" class="alignnone size-full wp-image-685" src="http://https://github.com/lekhanhluan/lekhanhluan.github.io.git/wp-content/uploads/2019/01/samsung-s23-1.webp" alt="" width="810" height="456" /></p>
<h2 align="center"><strong>So sánh Samsung Galaxy S23 và Samsung Galaxy S22</strong></h2>
<p>Samsung Galaxy S23 có nhiều thay đổi và cải tiến so với thế hệ tiền nhiệm. Không chỉ về màu sắc mang hơi hướng tự nhiên, chất liệu bền vững mà những thông số kỹ thuật cũng có sự thay đổi ít nhiều. Xem ngay thông tin qua bảng sau đây nhé!</p>
<table class="table table-bordered" border="0">
<tbody>
<tr class="info">
<td></td>
<td><strong>Samsung Galaxy S23</strong></td>
<td><strong>Samsung Galaxy S22</strong></td>
</tr>
<tr>
<td><strong>Màn hình</strong></td>
<td>Dynamic AMOLED 2X 6.1 inch</td>
<td>Dynamic AMOLED 2X 6.1 inch</td>
</tr>
<tr>
<td><strong>Độ phân giải</strong></td>
<td>2340 x 1080 pixel (FHD+)</td>
<td>2340 x 1080 pixel (FHD+)</td>
</tr>
<tr>
<td><strong>Tần số quét</strong></td>
<td>120Hz</td>
<td>120Hz</td>
</tr>
<tr>
<td><strong>Chip xử lý</strong></td>
<td>Snapdragon 8 Gen 2</td>
<td>Snapdragon 8 Gen 1</td>
</tr>
<tr>
<td><strong>Dung lượng RAM</strong></td>
<td>8GB</td>
<td>8GB</td>
</tr>
<tr>
<td><strong>Bộ nhớ trong</strong></td>
<td>128GB, 256GB</td>
<td>128GB, 256GB</td>
</tr>
<tr>
<td><strong>Dung lượng pin</strong></td>
<td>3900mAh</td>
<td>3700mAh</td>
</tr>
<tr>
<td><strong>Hỗ trợ 5G</strong></td>
<td>Có</td>
<td>Có</td>
</tr>
<tr>
<td><strong>Camera sau</strong></td>
<td>50MP+10MP+12MP</td>
<td>50MP+10MP+12MP</td>
</tr>
<tr>
<td><strong>Camera trước</strong></td>
<td>12MP</td>
<td>10MP</td>
</tr>
<tr>
<td><strong>Màu sắc</strong></td>
<td> Tím Lilac, Kem Cotton, Đen Phantom và Xanh Botanic</td>
<td>Trắng nguyên bản, Xanh Phantom, Hồng Ánh Kim và Đen Phantom</td>
</tr>
</tbody>
</table>
<h2 align="center"><strong>Samsung Galaxy S23 mạnh mẽ, ấn tượng đi đầu xu hướng</strong></h2>
<p>Thêm vào đó, 2023 Samsung cũng có thể ra mắt phiên bản <strong><a title="Samsung S23 Ultra" href="https://cellphones.com.vn/samsung-galaxy-s23-ultra.html" target="_blank" rel="noopener">Galaxy S23 Ultra</a></strong> với nhiều cải tiến hơn người tiền nhiệm S22 Ultra.</p>
<h3><strong>Thiết kế mềm mại thu hút mọi ánh nhìn</strong></h3>
<p>Samsung Galaxy S23 sở hữu trên mình thiết kế sang trọng, tinh tế và hấp dẫn người dùng ngay từ ánh nhìn đầu tiên. Toàn bộ các góc cạnh được bo tỉ mỉ mang tới sự mềm mại mà không kém phần chắc chắn.</p>
<p><img decoding="async" src="https://cdn2.cellphones.com.vn/x,webp,q100/media/wysiwyg/Phone/Samsung/samsung_s/S23/Samsung-Galaxy-S23-8.jpg" alt="Samsung Galaxy S23 mạnh mẽ, ấn tượng đi đầu xu hướng" /></p><p>The post <a href="http://https://github.com/lekhanhluan/lekhanhluan.github.io.git/san-pham/samsung-galaxy-s23-8gb-256gb-sao-chep/">Samsung Galaxy S23 8GB 256GB</a> first appeared on <a href="http://https://github.com/lekhanhluan/lekhanhluan.github.io.git">Luan FastFood</a>.</p>]]></content:encoded>
					
					<wfw:commentRss>http://https://github.com/lekhanhluan/lekhanhluan.github.io.git/san-pham/samsung-galaxy-s23-8gb-256gb-sao-chep/feed/</wfw:commentRss>
			<slash:comments>0</slash:comments>
		
		
			</item>
		<item>
		<title>iPhone 11 64GB &#124; Chính hãng VN/A</title>
		<link>http://https://github.com/lekhanhluan/lekhanhluan.github.io.git/san-pham/logo-collection/?utm_source=rss#038;utm_medium=rss&#038;utm_campaign=logo-collection</link>
					<comments>http://https://github.com/lekhanhluan/lekhanhluan.github.io.git/san-pham/logo-collection/#respond</comments>
		
		<dc:creator><![CDATA[lekhanhluan]]></dc:creator>
		<pubDate>Wed, 16 Jan 2019 13:01:55 +0000</pubDate>
				<guid isPermaLink="false">https://woocommercecore.mystagingwebsite.com/product/logo-collection/</guid>

					<description><![CDATA[<div class="ksp-content p-2 mb-2">
<h2 class="ksp-title has-text-centered" style="text-align: center;">ĐẶC ĐIỂM NỔI BẬT</h2>
<div>
<ul>
<li>Màu sắc phù hợp cá tính - 6 màu sắc bắt mắt để lựa chọn</li>
<li>Hiệu năng mượt mà, ổn định - Chip A13, RAM 4GB</li>
<li>Bắt trọn khung hình - Camera kép hỗ trợ góc rộng, chế độ Night Mode</li>
<li>Yên tâm sử dụng - Kháng nước, kháng bụi IP68, kính cường lực Gorilla</li>
</ul>
</div>
</div>
<div></div>
<p>The post <a href="http://https://github.com/lekhanhluan/lekhanhluan.github.io.git/san-pham/logo-collection/">iPhone 11 64GB | Chính hãng VN/A</a> first appeared on <a href="http://https://github.com/lekhanhluan/lekhanhluan.github.io.git">Luan FastFood</a>.</p>]]></description>
										<content:encoded><![CDATA[<h2 style="text-align: center;"><strong>Tin tức mới nhất về điện thoại iPhone 11</strong></h2>
<p>Đầu quý 1 năm 2023, thị trường công nghệ bắt đầu nhộn nhịp trở lại, các đại lý bán lẻ đặc biệt là CellphoneS tung ra nhiều chương trình ưu đãi giảm giá hấp dẫn. Trong đó không thể không nhắc đến chính là iPhone 11 giảm cực sốc so với thời điểm trước đó.</p>
<p>Cụ thể, giá iPhone 11 đã giảm về mức chỉ quanh 10-11 triệu đồng, khiến nhu cầu mua sắm tăng chóng mặt so với các tháng trước. Không những vậy, khách hàng còn nhận được ưu đãi hấp dẫn khi thu cũ lên đời tại CellphoneS, đồng thời còn được giảm giá thêm khi thanh toán qua ví Moca, VNPay hay thẻ tín dụng.</p>
<h2><strong>Thông số iPhone 11 được nâng cấp gì so với iPhone XR?</strong></h2>
<p>So với iPhone XR thì siêu phẩm Apple năm 2019 có nhiều nâng cấp đáng giá, trong đó nổi bật là con chip xử lý, bộ nhớ RAM, dung lượng pin, đặc biệt là camera trước và sau. Dưới đây là bảng so sánh thông số kỹ thuật của iPhone 11 và XR bạn có thể tham khảo:</p>
<table class="table table-bordered" style="height: 735px;" border="0" width="972">
<tbody>
<tr class="info">
<td><strong>iPhone 11</strong></td>
<td><strong>iPhone XR</strong></td>
</tr>
<tr>
<td><strong>Màn hình</strong></td>
<td>IPS LCD 6.1 inch</td>
<td>IPS LCD 6.1 inch</td>
</tr>
<tr>
<td><strong>Độ phân giải</strong></td>
<td>828 x 1792 pixel</td>
<td>828 x 1792 pixel</td>
</tr>
<tr>
<td><strong>Mật độ điểm ảnh</strong></td>
<td>326PPI</td>
<td>326PPI</td>
</tr>
<tr>
<td><strong>Tần số quét</strong></td>
<td>60Hz</td>
<td>60Hz</td>
</tr>
<tr>
<td><strong>Chip xử lý</strong></td>
<td><strong>A13 Bionic</strong></td>
<td>A12 Bionic</td>
</tr>
<tr>
<td><strong>Dung lượng RAM</strong></td>
<td><strong>4GB</strong></td>
<td>3GB</td>
</tr>
<tr>
<td><strong>Bộ nhớ trong</strong></td>
<td>64GB, 128GB, 256GB</td>
<td>64GB, 128GB, 256GB</td>
</tr>
<tr>
<td><strong>Dung lượng pin</strong></td>
<td><strong>3110 mAh</strong></td>
<td>2942 mAh</td>
</tr>
<tr>
<td><strong>Camera trước</strong></td>
<td><strong>12MP</strong></td>
<td>7MP</td>
</tr>
<tr>
<td><strong>Camera sau</strong></td>
<td><strong>12MP + 12MP</strong></td>
<td>12MP</td>
</tr>
<tr>
<td><strong>Màu sắc</strong></td>
<td>6 màu</td>
<td>6 màu</td>
</tr>
</tbody>
</table>
<p><img decoding="async" class="size-full wp-image-667 aligncenter" src="http://https://github.com/lekhanhluan/lekhanhluan.github.io.git/wp-content/uploads/2019/01/iphone-11-3_1.webp" alt="" width="810" height="456" /></p>
<p>Mặc dù không còn giữ được sức nóng và độ hot như những ngày đầu mới được ra mắt nhưng ở thời điểm hiện tại, bạn khó có thể tìm được một sản phẩm nào sở hữu hiệu năng ổn định với mức giá thành siêu rẻ như iPhone 11. Với việc được hạ giá thành xuống thấp tới mức không thể nào hấp dẫn hơn, iPhone 11 sẽ tạo nên một con sốt trên thị trường smartphone thời điểm này.</p>
<p>Hiện tại, iPhone 11 vẫn được các chuyên gia đánh giá rất cao về độ ổn định của cấu hình trong thời gian dài sử dụng cũng như độ sắc nét mượt mà của màn hình trong các tác vụ như xem phim, chơi game. Về thiết kế bên ngoài, sản phẩm cũng vẫn luôn nhận được những phản hồi tích cực về sự bền bỉ, chắc chắn, cho cảm giác cầm nắm thoải mái, vừa tay.</p>
<p><img decoding="async" class="wp-image-668 aligncenter" src="http://https://github.com/lekhanhluan/lekhanhluan.github.io.git/wp-content/uploads/2019/01/iphone-11-7_1.webp" alt="" width="773" height="435" /></p><p>The post <a href="http://https://github.com/lekhanhluan/lekhanhluan.github.io.git/san-pham/logo-collection/">iPhone 11 64GB | Chính hãng VN/A</a> first appeared on <a href="http://https://github.com/lekhanhluan/lekhanhluan.github.io.git">Luan FastFood</a>.</p>]]></content:encoded>
					
					<wfw:commentRss>http://https://github.com/lekhanhluan/lekhanhluan.github.io.git/san-pham/logo-collection/feed/</wfw:commentRss>
			<slash:comments>0</slash:comments>
		
		
			</item>
		<item>
		<title>iPhone 12 64GB &#124; Chính hãng VN/A</title>
		<link>http://https://github.com/lekhanhluan/lekhanhluan.github.io.git/san-pham/wordpress-pennant/?utm_source=rss#038;utm_medium=rss&#038;utm_campaign=wordpress-pennant</link>
					<comments>http://https://github.com/lekhanhluan/lekhanhluan.github.io.git/san-pham/wordpress-pennant/#respond</comments>
		
		<dc:creator><![CDATA[lekhanhluan]]></dc:creator>
		<pubDate>Wed, 16 Jan 2019 13:01:55 +0000</pubDate>
				<guid isPermaLink="false">https://woocommercecore.mystagingwebsite.com/product/wordpress-pennant/</guid>

					<description><![CDATA[<h2 class="ksp-title has-text-centered">ĐẶC ĐIỂM NỔI BẬT</h2>
<div>
<ul>
<li>Mạnh mẽ, siêu nhanh với chip A14, RAM 4GB, mạng 5G tốc độ cao</li>
<li>Rực rỡ, sắc nét, độ sáng cao - Màn hình OLED cao cấp, Super Retina XDR hỗ trợ HDR10, Dolby Vision</li>
<li>Chụp đêm ấn tượng - Night Mode cho 2 camera, thuật toán Deep Fusion, Smart HDR 3</li>
<li>Bền bỉ vượt trội - Kháng nước, kháng bụi IP68, mặt lưng Ceramic Shield</li>
</ul>
</div>
<p>The post <a href="http://https://github.com/lekhanhluan/lekhanhluan.github.io.git/san-pham/wordpress-pennant/">iPhone 12 64GB | Chính hãng VN/A</a> first appeared on <a href="http://https://github.com/lekhanhluan/lekhanhluan.github.io.git">Luan FastFood</a>.</p>]]></description>
										<content:encoded><![CDATA[<h2 style="text-align: center;"><strong>Đánh giá iPhone 12 &#8211; Siêu phẩm khẳng định đẳng cấp</strong></h2>
<p>Phiên bản iPhone 12 thường sở hữu nhiều điểm mới đặc biệt là về thiết kế và cấu hình so với các thế hệ trước đó.</p>
<h3><strong>Thiết kế </strong></h3>
<p>iPhone 12 gây ấn tượng với người dùng bởi thiết kế vuông vức quen thuộc, đây là thiết kế đã từng xuất hiện trên thế hệ iPhone 5 trước đó. Điện thoại được hoàn thiện mỏng hơn với cụm camera lớn hơn.</p>
<p>Đặc biệt, máy được trang bị một khung viền thép không gỉ. Mặt lưng <a href="https://cellphones.com.vn/mobile/apple/iphone-12-vna.html">điện thoại iPhone 12</a> được trang bị một mặt kính Ceramic Shield bóng bẩy, gây được sự chú ý của người đối diện.</p>
<p>Về kích thước cụ thể, máy có thông số từng cạnh lần lượt là 146.7 x 71.5 x 7.4 mm cùng cân nặng khoảng 164g. Tổng thể, máy khá mỏng nhẹ thích hợp với cả người dùng nam và nữ cũng như thích hợp với nhiều kích thước tay khác nhau.</p>
<p><img decoding="async" class="alignnone size-full wp-image-633" src="http://https://github.com/lekhanhluan/lekhanhluan.github.io.git/wp-content/uploads/2019/01/1684210858832-ly-do-nen-lua-chon-iphone-11-cu-o-thoi-diem-hien-tai.jpg" alt="" width="865" height="576" /></p>
<h3><strong>Màn hình </strong></h3>
<p>Màn hình là một điểm nhấn trên iPhone 12. Máy được trang bị tấm nền Super Retina XDR OLED, thay vì IPS LCD như thế hệ trước đó nhờ vậy người dùng sẽ cảm nhận được khả năng hiển thị sinh động, màu sắc đậm đà cũng như độ tương phản cao.</p>
<p>Bên cạnh đó, điện thoại được trang bị một màn hình kích thước khá lớn, bằng với <a href="https://cellphones.com.vn/iphone-12-pro.html">iPhone 12 Pro</a> là 6.1 inch. Cùng với đó là độ phân giải 1.170 x 2.532 pixels nhờ đó mang lại khả năng hiển thị với hình ảnh đẹp mắt. Màn hình với tần số quét 60Hz mang lại trải nghiệm mượt mà, từ xem phim đến chơi game.</p>
<p>Phần viền màn hình trên thế hệ iPhone 12 cũng nhỏ và mỏng hơn rất nhiều so với các thế thệ trước. Nhờ đó người dùng có không giản trải nghiệm rộng hơn, màn hình hiển thị được nhiều chi tiết hơn.</p>
<p>Ngoài ra, màn hình trên thiết bị cũng được trang bị công nghệ True Tone giúp tự động điều chỉnh độ sáng màn hình theo độ sáng của môi trường giúp con mắt của người dùng thoải mái hơn khi sử dụng.</p>
<p><img decoding="async" class="alignnone size-full wp-image-662" src="http://https://github.com/lekhanhluan/lekhanhluan.github.io.git/wp-content/uploads/2019/01/iphone-12-7.webp" alt="" width="810" height="456" /></p><p>The post <a href="http://https://github.com/lekhanhluan/lekhanhluan.github.io.git/san-pham/wordpress-pennant/">iPhone 12 64GB | Chính hãng VN/A</a> first appeared on <a href="http://https://github.com/lekhanhluan/lekhanhluan.github.io.git">Luan FastFood</a>.</p>]]></content:encoded>
					
					<wfw:commentRss>http://https://github.com/lekhanhluan/lekhanhluan.github.io.git/san-pham/wordpress-pennant/feed/</wfw:commentRss>
			<slash:comments>0</slash:comments>
		
		
			</item>
		<item>
		<title>Samsung Galaxy S22 (8GB &#8211; 256GB)</title>
		<link>http://https://github.com/lekhanhluan/lekhanhluan.github.io.git/san-pham/t-shirt-with-logo/?utm_source=rss#038;utm_medium=rss&#038;utm_campaign=t-shirt-with-logo</link>
					<comments>http://https://github.com/lekhanhluan/lekhanhluan.github.io.git/san-pham/t-shirt-with-logo/#respond</comments>
		
		<dc:creator><![CDATA[lekhanhluan]]></dc:creator>
		<pubDate>Wed, 16 Jan 2019 13:01:55 +0000</pubDate>
				<guid isPermaLink="false">https://woocommercecore.mystagingwebsite.com/product/t-shirt-with-logo/</guid>

					<description><![CDATA[<hr />
<div class="block-content-product">
<div class="block-content-product-left">
<div class="cps-block-content">
<div class="ksp-content p-2 mb-2">
<h2 class="ksp-title has-text-centered" style="text-align: center;">ĐẶC ĐIỂM NỔI BẬT</h2>
<div>
<ul>
<li>Camera mắt thần bóng đêm Nightography - Ghi lại khoảnh khắc đêm diệu kì</li>
<li>Mãn nhãn từng khoảnh khắc - Màn hình 6.1", Dynamic AMOLED 2X, 120Hz</li>
<li>Bứt phá hiệu năng - Snapdragon 8 Gen 1 (4 nm)</li>
<li>Thỏa sức trải nghiệm chỉ với một lần sạc - Viên pin 3700 mAh, sạc nhanh 25W, sạc không dây</li>
</ul>
</div>
</div>
</div>
</div>
</div>
<p>The post <a href="http://https://github.com/lekhanhluan/lekhanhluan.github.io.git/san-pham/t-shirt-with-logo/">Samsung Galaxy S22 (8GB – 256GB)</a> first appeared on <a href="http://https://github.com/lekhanhluan/lekhanhluan.github.io.git">Luan FastFood</a>.</p>]]></description>
										<content:encoded><![CDATA[<p>Đúng như các thông tin được đồn đoán trước đó, mẫu flagship mới của gả khổng lồ Hàn Quốc được ra mắt với tên gọi là Samsung Galaxy S22 Ultra với nhiều cải tiến đáng giá. Mẫu điện thoại cao cấp đến từ Samsung này có nhiều thay đổi từ thiết kế, cấu hình cho đến camera. Vậy siêu phẩm này có gì mới, giá bao nhiêu và có nên mua không? Hãy cùng tìm hiểu chi tiết ngay bên dưới nhé!</p>
<p>Dự kiến vào tháng 2 năm 2023, Samsung sẽ cho ra mắt siêu phẩm <a title="Samsung S23 Ultra" href="https://cellphones.com.vn/samsung-galaxy-s23-ultra.html" target="_blank" rel="noopener"><strong>S23 Ultra</strong></a> mà có thể quý khách sẽ quan tâm! Click vào link để tìm hiểu thêm!</p>
<h2><strong>Samsung S22 được nâng cấp gì so với S21 Ultra</strong></h2>
<p>Trước khi chính thức ra mắt cộng đồng những chiếc điện thoại Samsung S22 Series đã có thời gian được thai nghén khá dài để đảm bảo có những tính năng thực sự vượt trội so với phiên bản tiền nhiệm. Để có thể hình dung rõ ràng ta xét đến 2 mẫu <a href="https://cellphones.com.vn/samsung-galaxy-s22-ultra.html" target="_blank" rel="noopener"><strong>Samsung S22 Ultra</strong></a> và S21 Ulta xem dòng flagship mới nhà Samsung có những nâng cấp nổi trội nào nhé!</p>
<p><img decoding="async" class="alignnone size-full wp-image-679" src="http://https://github.com/lekhanhluan/lekhanhluan.github.io.git/wp-content/uploads/2019/01/samsung-galaxy-s22-ultra-4.webp" alt="" width="800" height="450" /></p>
<p>Những nâng cấp lớn về hiệu năng, dung lượng pin, và trên hết là camera sau chính là những điểm khiến nó trở thành siêu phẩm trong phân khúc cao cấp. Dưới đây là những thông tin cần biết về dòng điện thoại vừa ra mắt của Samsung. Dưới đây là thông số cấu hình của Samsung S22 Ultra vừa được gã khổng lồ Hàn Quốc giới thiệu.</p>
<h3><strong>Thiết kế nguyên khối &#8211; kính sang trọng với độ bền tối ưu</strong></h3>
<p>Samsung Galaxy S22 Ultra đi theo ngôn ngữ thiết kế nguyên khối &#8211; kính cao cấp và sang trọng, vốn đã làm nên sự thành công của model tiền nhiệm. Chiếc máy có thiết kế mặt lưng đơn sắc tối giản nhưng không kém phần tinh tế, và màn hình tràn viền bao phủ gần như trọn mặt trước, tạo nên trải nghiệm quan sát rộng rãi trên một thiết bị di động nhỏ gọn vừa tay cầm.</p>
<p>Độ bền của máy được đảm bảo tối ưu không chỉ qua lớp vỏ nhôm nguyên khối Amor đánh bóng, mà còn qua kính cường lực Corning Gorilla Glass Victus+ bao phủ hai mặt trước và sau. Khung nhôm và kính hoạt động như bộ giáp bảo vệ điện thoại an toàn. Chiếc máy còn có khả năng chống bụi / nước đạt chuẩn IP68 giúp người dùng luôn an tâm khi dùng máy trong những điều kiện môi trường khác nhau.</p>
<p><img decoding="async" class="alignnone size-full wp-image-680" src="http://https://github.com/lekhanhluan/lekhanhluan.github.io.git/wp-content/uploads/2019/01/samsung-galaxy-s22-ultra-9.webp" alt="" width="810" height="456" /></p><p>The post <a href="http://https://github.com/lekhanhluan/lekhanhluan.github.io.git/san-pham/t-shirt-with-logo/">Samsung Galaxy S22 (8GB – 256GB)</a> first appeared on <a href="http://https://github.com/lekhanhluan/lekhanhluan.github.io.git">Luan FastFood</a>.</p>]]></content:encoded>
					
					<wfw:commentRss>http://https://github.com/lekhanhluan/lekhanhluan.github.io.git/san-pham/t-shirt-with-logo/feed/</wfw:commentRss>
			<slash:comments>0</slash:comments>
		
		
			</item>
	</channel>
</rss>
