<?xml version="1.0" encoding="UTF-8"?><rss version="2.0"
	xmlns:content="http://purl.org/rss/1.0/modules/content/"
	xmlns:dc="http://purl.org/dc/elements/1.1/"
	xmlns:atom="http://www.w3.org/2005/Atom"
	xmlns:sy="http://purl.org/rss/1.0/modules/syndication/"
	
	>
<channel>
	<title>
	Các phản hồi luận về: 10 Ways To Succeed at shop	</title>
	<atom:link href="http://https://github.com/lekhanhluan/lekhanhluan.github.io.git/2019/07/15/10-ways-to-succeed-at-shop/feed/" rel="self" type="application/rss+xml" />
	<link>http://https://github.com/lekhanhluan/lekhanhluan.github.io.git/2019/07/15/10-ways-to-succeed-at-shop/?utm_source=rss#038;utm_medium=rss&#038;utm_campaign=10-ways-to-succeed-at-shop</link>
	<description></description>
	<lastBuildDate>Mon, 15 Jul 2019 11:34:36 +0000</lastBuildDate>
	<sy:updatePeriod>
	hourly	</sy:updatePeriod>
	<sy:updateFrequency>
	1	</sy:updateFrequency>
	<generator>https://wordpress.org/?v=6.2.2</generator>
</channel>
</rss>
