<?xml version="1.0" encoding="UTF-8"?><rss version="2.0"
	xmlns:content="http://purl.org/rss/1.0/modules/content/"
	xmlns:wfw="http://wellformedweb.org/CommentAPI/"
	xmlns:dc="http://purl.org/dc/elements/1.1/"
	xmlns:atom="http://www.w3.org/2005/Atom"
	xmlns:sy="http://purl.org/rss/1.0/modules/syndication/"
	xmlns:slash="http://purl.org/rss/1.0/modules/slash/"
	>

<channel>
	<title>shirt - Luan FastFood</title>
	<atom:link href="http://https://github.com/lekhanhluan/lekhanhluan.github.io.git/tu-khoa-san-pham/shirt/feed/" rel="self" type="application/rss+xml" />
	<link>http://https://github.com/lekhanhluan/lekhanhluan.github.io.git</link>
	<description></description>
	<lastBuildDate>Thu, 25 May 2023 09:33:40 +0000</lastBuildDate>
	<language>vi</language>
	<sy:updatePeriod>
	hourly	</sy:updatePeriod>
	<sy:updateFrequency>
	1	</sy:updateFrequency>
	<generator>https://wordpress.org/?v=6.2.2</generator>
	<item>
		<title>Xiaomi Poco F4 60GB</title>
		<link>http://https://github.com/lekhanhluan/lekhanhluan.github.io.git/san-pham/xiaomi-poco-f4-60gb/?utm_source=rss#038;utm_medium=rss&#038;utm_campaign=xiaomi-poco-f4-60gb</link>
					<comments>http://https://github.com/lekhanhluan/lekhanhluan.github.io.git/san-pham/xiaomi-poco-f4-60gb/#respond</comments>
		
		<dc:creator><![CDATA[lekhanhluan]]></dc:creator>
		<pubDate>Thu, 25 May 2023 09:31:55 +0000</pubDate>
				<guid isPermaLink="false">http://https://github.com/lekhanhluan/lekhanhluan.github.io.git/?post_type=product#038;p=728</guid>

					<description><![CDATA[<h2 class="ksp-title has-text-centered" style="text-align: center;">ĐẶC ĐIỂM NỔI BẬT</h2>
<div>
<ul>
<li>Hiển thị sắc nét, cảm ứng mượt mà - Màn hình AMOLED 6,67 inch, FHD+ và tần số quét 120Hz</li>
<li>Bộ xử lí mạnh mẽ, cân mọi tựa game - Chip Snapdragon 870 5G, 6GB RAM</li>
<li>Năng lượng bất tận, làm chủ cuộc chơi - Viên pin 4500 mAh, sạc nhanh 67W</li>
<li>Bộ camera ấn tượng với camera chính lên đến 64MP, cùng đa dạng chế độ chụp</li>
</ul>
</div>
<p>The post <a href="http://https://github.com/lekhanhluan/lekhanhluan.github.io.git/san-pham/xiaomi-poco-f4-60gb/">Xiaomi Poco F4 60GB</a> first appeared on <a href="http://https://github.com/lekhanhluan/lekhanhluan.github.io.git">Luan FastFood</a>.</p>]]></description>
										<content:encoded><![CDATA[<h2><strong>Đánh giá điện thoại Xiaomi Poco F4 – Thiết kế mạnh mẽ, hiệu năng vượt trội</strong></h2>
<p><a title="Xiaomi Poco F4" href="https://cellphones.com.vn/xiaomi-poco-f4.html"><strong>Xiaomi Poco F4</strong></a> sản phẩm làm nhiều tính đồ công nghệ mong chờ, với thiết kế và hiệu năng nổi bật, mang sự đặt biệt của thương hiệu <a title="Điện thoại Xiaomi chính hãng" href="https://cellphones.com.vn/mobile/hang-sap-ve/xiaomi.html" target="_self" rel="noopener">điện thoại Xiaomi</a>. Poco 4 đã được hoàn thiện trong quá trình sản xuất và đưa ra thị trường sau một thời gian dài, chắc chắn sẽ không khiến người dùng thất vọng về cả giá tiền và chất lượng mà máy mang lại.</p>
<p>Cùng tìm hiểu tổng quát về diện mạo và hiệu năng của <strong>Xiaomi Poco F4</strong> để biết được lý do tại sao mà nhiều người dùng chờ đợi để sở hữu thiết bị này.</p>
<h3><strong>Thiết kế Xiaomi Poco F4 sang trọng</strong></h3>
<blockquote><p><strong>Xiaomi Poco F4</strong> với thiết kế khác hoàn toàn so với những máy tiền nhiệm trước đây. Với cạnh viền vuông tạo nên sự mạnh mẽ, cá tính, không kém phần sang trọng, tạo sự thú vị khác biệt với nhiều sản phẩm điện thoại cùng phân khúc hiện nay.</p></blockquote>
<p><img decoding="async" src="https://cdn2.cellphones.com.vn/x,webp,q100/media/wysiwyg/Phone/Xiaomi/Poco/POCO-F4-5G-3.jpg" alt="Đánh giá điện thoại Xiaomi Poco F4 – Thiết kế mạnh mẽ, hiệu năng vượt trội" /></p>
<p>Camera sắc nét ấn tượng giúp người dùng nắm bắt từng khoảnh khắc nhờ máy ảnh selfie là 20MP, rõ ràng, sinh động.</p>
<p>Ngoài ra, sản phẩm với hệ thống có ba camera, gọn gàng, không chiếm diện tích của máy, phía sau còn gồm có cảm biến chính lên đến 64MP. Phóng tầm nhìn với góc rộng là 8MP và kèm theo là camera macro 2MP, tạo cảm giác rõ nét, rộng hơn khi chụp ảnh.</p>
<p>Xiaomi Poco F4 được khởi động với giao diện là MIUI 13 dựa trên nền tảng Android 12, ra mắt với phiên bản đổi tên của dòng máy Redmi K40, đây là tin đồn của nhiều người về sản phẩm này.</p>
<h3><strong>Hiệu năng Poco F4 vượt trội</strong></h3>
<blockquote><p>Bên cạnh thiết kế, người dùng quan tâm hơn đó là hiệu năng máy, <strong>POCO F4</strong> sẽ khởi động dựa trên hệ điều hành Android 12 với chipset Qualcomm Snapdragon 870 tạo sự mạnh mẽ cho máy. Đây chính là phần người dùng bỏ tiền ra vô cùng xứng đáng. Khi chơi game sẽ giảm độ trễ đi rất nhiều thay vào đó là sự nhanh nhẹn, chiến thắng dễ dàng hơn, giống với sản phẩm tiền nhiệm trước là POCO F3. Ngoài ra, Chipset còn được ghép nối RAM LPDDR5 và cả bộ nhớ trong là UFS 3.1.</p></blockquote>
<p><img decoding="async" src="https://cdn2.cellphones.com.vn/x,webp,q100/media/wysiwyg/Phone/Xiaomi/Poco/POCO-F4-5G-2.jpg" alt="Đánh giá điện thoại Xiaomi Poco F4 – Thiết kế mạnh mẽ, hiệu năng vượt trội" /></p>
<p><strong>Xiaomi Poco F4</strong> sẽ có các phiên bản RAM lớn giúp người dùng lưu trữ nhiều thông tin, không lo lắng nhanh hết dung lượng khi đang sử dụng. Với bộ nhớ dung lượng lớn, có hai phiên bản 8GB/128GB và 12GB/256GB.</p>
<h3><strong>Thời lượng pin cho phép sử dụng cả ngày</strong></h3>
<blockquote><p><strong>Xiaomi Poco F4</strong> còn có thời lượng <strong>pin 4,500 mAh</strong>, người dùng tha hồ lướt web, chơi game giải trí hay làm việc cả một ngày dài mà không lo lắng hết pin giữa chừng, bên cạnh đó sản phẩm còn kết hợp hỗ trợ sạc nhanh lên đến 67W để sạc pin ngay khi cần đến.</p></blockquote>
<p><img decoding="async" src="https://cdn2.cellphones.com.vn/x,webp,q100/media/wysiwyg/Phone/Xiaomi/Poco/POCO-F4-5G-1.jpg" alt="Đánh giá điện thoại Xiaomi Poco F4 – Thiết kế mạnh mẽ, hiệu năng vượt trội" /></p>
<h3><strong>Tốc độ nhanh nhạy</strong></h3>
<blockquote><p><strong>POCO F4</strong> có độ phân giải full HD+, tốc độ nhanh nhạy khiến người dùng phải kinh ngạc bởi đồ họa chân thực, sống động với màn hình khá rộng. Kết hợp với con chip tầm trung mạnh mẽ, hiệu suất cao tạo trải nghiệm tốt nhất dành đến cho người dùng.</p></blockquote>
<p><img decoding="async" src="https://cdn2.cellphones.com.vn/x,webp,q100/media/wysiwyg/Phone/Xiaomi/Poco/POCO-F4-5G-6.jpg" alt="Đánh giá điện thoại Xiaomi Poco F4 – Thiết kế mạnh mẽ, hiệu năng vượt trội" /></p>
<p>Sản phẩm Xiaomi Poco F4 được hoàn thiện dần và với tần số quét lên đến 120Hz, Sử dụng tấm nền AMOLED tạo khả năng tối sử khi chơi game, hiệu ứng chuyển cảnh nhanh chóng, hứa hẹn sẽ mang đến cho người sử dụng những giây phút mượt mà, nhanh chóng hơn khi chiến trong game hay nghe nhạc, xem phim.</p>
<h2><strong>Mua ngay Xiaomi Poco F4 chất lượng tại CellphoneS</strong></h2>
<p>Bạn đang có ý định mua Xiaomi Poco F4 nhưng không biết nơi nào giá tốt, sợ mua phải hàng giả, hàng đểu. Đừng lo lắng về điều này, hãy đến ngay CellphoneS gồm nhiều chi nhánh và có tiếng về nhập hàng chính hãng, giá cả phải chăng, dịch vụ tốt kèm theo đó là nhiều ưu đãi, bảo hành để bảo đảm quyền lợi của khách hàng.</p>
<h2><strong>Các câu hỏi thường gặp</strong></h2>
<p>POCO F4 có thể đáp ứng các nhu cầu sử dụng cơ bản, phù hợp với học sinh, sinh viên hoặc những ai sử dụng các tác vụ cơ bản như xem phim, nghe nhạc, nhắn tin, gọi video call,&#8230; Khi có bất cứ câu hỏi nào về Xiaomi POCO F4, quý khách đừng ngại ngần liên hệ ngay với CellphoneS qua số điện thoại 1800.2097, Fanpage CellphoneS hoặc nhắn tin trò truyện ngay trên Website với tư vấn viên để được giải đáp nhanh chóng nhất!</p><p>The post <a href="http://https://github.com/lekhanhluan/lekhanhluan.github.io.git/san-pham/xiaomi-poco-f4-60gb/">Xiaomi Poco F4 60GB</a> first appeared on <a href="http://https://github.com/lekhanhluan/lekhanhluan.github.io.git">Luan FastFood</a>.</p>]]></content:encoded>
					
					<wfw:commentRss>http://https://github.com/lekhanhluan/lekhanhluan.github.io.git/san-pham/xiaomi-poco-f4-60gb/feed/</wfw:commentRss>
			<slash:comments>0</slash:comments>
		
		
			</item>
		<item>
		<title>Xiaomi Redmi Note 11S</title>
		<link>http://https://github.com/lekhanhluan/lekhanhluan.github.io.git/san-pham/xiaomi-redmi-note-11s-sao-chep/?utm_source=rss#038;utm_medium=rss&#038;utm_campaign=xiaomi-redmi-note-11s-sao-chep</link>
					<comments>http://https://github.com/lekhanhluan/lekhanhluan.github.io.git/san-pham/xiaomi-redmi-note-11s-sao-chep/#respond</comments>
		
		<dc:creator><![CDATA[lekhanhluan]]></dc:creator>
		<pubDate>Thu, 25 May 2023 09:17:55 +0000</pubDate>
				<guid isPermaLink="false">http://https://github.com/lekhanhluan/lekhanhluan.github.io.git/?post_type=product#038;p=717</guid>

					<description><![CDATA[<h2 class="ksp-title has-text-centered" style="text-align: center;">ĐẶC ĐIỂM NỔI BẬT</h2>
<div>
<ul>
<li>Thiết kế tinh tế, cuốn hút - Mỏng nhẹ thời trang, nhỏ gọn trong tay</li>
<li>Trọn vẹn từng khung hình - Màn hình 6.43" FHD+ AMOLED DotDisplay, 90Hz</li>
<li>Chụp ảnh chuyên nghiệp - Cụm 4 camera sau 108MP, hỗ trợ đa dạng chế độ chụp</li>
<li>Pin siêu lớn cùng khả năng sạc siêu tốc - Viên pin 5000mAh, sạc nhanh 33W</li>
</ul>
</div>
<p>The post <a href="http://https://github.com/lekhanhluan/lekhanhluan.github.io.git/san-pham/xiaomi-redmi-note-11s-sao-chep/">Xiaomi Redmi Note 11S</a> first appeared on <a href="http://https://github.com/lekhanhluan/lekhanhluan.github.io.git">Luan FastFood</a>.</p>]]></description>
										<content:encoded><![CDATA[<p><strong>Xiaomi Redmi Note 11S</strong> sở hữu một thiết kế cuốn hút với các đường nét hoàn thiện tỉ mỉ. Điện thoại sở hữu màn hình kích thước 6.43 inch cùng độ tần số quét 90Hz mang lại các chuyển động ổn định và mượt mà. Bên trong thiết bị sẽ chạy trên con chip <strong>MediaTek Helio G96CPU</strong> cùng bộ nhớ RAM lên đến 8GB.</p>
<p><img decoding="async" src="https://cdn2.cellphones.com.vn/x,webp,q100/media/wysiwyg/Phone/Xiaomi/Redmi/NOte/xiaomi-redmi-note-11s-8.jpg" alt="Điện thoại Xiaomi Redmi Note 11S" /></p>
<h2><strong>So sánh điện thoại Xiaomi Redmi Note 11S với Xiaomi Redmi Note 10S</strong></h2>
<p>Điện thoại Xiaomi Redmi Note 11S là phiên bản kế nhiệm của Redmi Note 10S. Vậy cụ thể chiếc smartphone đời mới này có điểm gì giống và khác so với người tiền nhiệm.</p>
<table class="table table-bordered">
<tbody>
<tr class="success">
<td><strong>Thông số</strong></td>
<td><strong>Xiaomi Redmi Note 11S</strong></td>
<td><strong>Xiaomi Redmi Note 10S</strong></td>
</tr>
<tr>
<td>Màu sắc</td>
<td>Trắng, Xanh, Xám</td>
<td>Tím, Xám, Trắng, Xanh</td>
</tr>
<tr>
<td>Màn hình</td>
<td>AMOLED 6.43 inch</p>
<p>Tần số quét 90Hz</td>
<td>AMOLED 6.43 inch</p>
<p>Tần số quét 90Hz</td>
</tr>
<tr>
<td>Trọng lượng</td>
<td>179g</td>
<td>178.8g</td>
</tr>
<tr>
<td>CPU</td>
<td>MediaTek Helio G96</td>
<td>MediaTek Helio G95</td>
</tr>
<tr>
<td>GPU</td>
<td>ARM Mali-G57 MC2</td>
<td>ARM Mali-G76 MC4</td>
</tr>
<tr>
<td>RAM &#8211; ROM</td>
<td>6GB+64GB</p>
<p>6GB+128GB</p>
<p>8GB+128GB</td>
<td>6GB+64GB</p>
<p>6GB+128GB</p>
<p>8GB+128GB</td>
</tr>
<tr>
<td>Camera trước</td>
<td>16MP, f/2.4</td>
<td>13 MP, f/2.5</td>
</tr>
<tr>
<td>Camera sau</td>
<td>Camera góc rộng: 108MP, f/1.9</p>
<p>Camera góc siêu rộng: 8MP f/2.2FOV 118°</p>
<p>Camera macro: 2MP, f/2.4</p>
<p>Camera chân dung: 2MP, f/2.4</td>
<td>Camera góc rộng: 64 MP, f/1.8</p>
<p>Camera góc siêu rộng: 8 MP, f/2.2</p>
<p>Camera macro: 2 MP, f/2.4</p>
<p>Camera xóa phông: 2 MP, f/2.4</td>
</tr>
<tr>
<td>Dung lượng pin</td>
<td>5000mAh</p>
<p>Sạc nhanh 33W</td>
<td>5000mAh</p>
<p>Sạc nhanh 33W</td>
</tr>
</tbody>
</table>
<h2><strong>Điện thoại Xiaomi Redmi Note 11S &#8211; Cấu hình toàn diện trong phân khúc</strong></h2>
<p>Thương hiệu Xiaomi luôn tạo ấn tượng với người dùng công nghệ với những mẫu smartphone đầy chất lượng so với mức giá. Mới đây, hãng vừa trình làng sản phẩm mới đó là <strong>Redmi Note 11S</strong> &#8211; hứa hẹn sẽ là mẫu smartphone nổi trội trong phân khúc tầm trung.</p>
<p>Tham khảo ngay <a href="https://cellphones.com.vn/xiaomi-redmi-note-11-pro-plus.html">Điện thoại Redmi Note 11 Pro Plus</a> với mức giá hấp dẫn, ưu đãi khủng được bán độc quyền tại hệ thống CellphoneS.</p>
<h3><strong>Mỏng nhẹ thời trang, màn hình 90 Hz cuốn hút</strong></h3>
<p>Tiếp nối thành công từ Note 10S trước đó, Xiaomi Redmi Note 11S được thiết kế mỏng nhẹ, linh hoạt và gọn tay cầm. Phần viền máy được dát phẳng cùng với mặt lưng trơn tối giản góp phần làm nên vẻ tinh tế cho Redmi Note 11S. Nhiều tùy chọn màu sắc khác nhau cũng giúp tạo nét thời trang cuốn hút cho tổng thể máy.</p>
<p><img decoding="async" src="https://cdn2.cellphones.com.vn/x,webp,q100/media/wysiwyg/Phone/Xiaomi/Redmi/NOte/xiaomi-redmi-note-11s-3.jpg" alt="Mỏng nhẹ thời trang, màn hình 90 Hz cuốn hút" /></p>
<p>Xiaomi Redmi Note 11S trang bị màn hình đáp ứng trọn vẹn giải trí như gaming hoặc xem phim thỏa thích. Màn hình Redmi Note 11S sử dụng tấm nền AMOLED và hỗ trợ tần số quét chuẩn lên đến 90 Hz cho ảnh mượt và chân thực. Đặc biệt, Xiaomi cũng trang bị chế độ đọc 3.0 giúp giảm mỏi mắt khi sử dụng liên tục.</p>
<p><img decoding="async" src="https://cdn2.cellphones.com.vn/x,webp,q100/media/wysiwyg/Phone/Xiaomi/Redmi/NOte/xiaomi-redmi-note-11s-6.jpg" alt="Màn hình Redmi Note 11S sử dụng tấm nền AMOLED" /></p>
<h3><strong>Camera chụp ảnh 108 MP chụp ảnh cao cấp</strong></h3>
<p>Được nâng cấp lớn so với model trước, Xiaomi Redmi Note 11S trang bị hệ thống camera bốn ống kính với camera chính đạt độ phân giải tận 108 MP cho ảnh chụp phong cảnh tuyệt nét. Ba camera còn lại giúp Redmi Note 11S thực hiện các tính năng chụp cao cấp như góc siêu rộng, chụp macro, và chụp xóa phông chiều sâu. Hệ thống camera này còn cho phép bạn quay video độ phân giải đến 4K hoặc tốc độ khung hình đến 960 fps.</p>
<p><img decoding="async" src="https://cdn2.cellphones.com.vn/x,webp,q100/media/wysiwyg/Phone/Xiaomi/Redmi/NOte/xiaomi-redmi-note-11s-7.jpg" alt="Camera chụp ảnh 108 MP chụp ảnh cao cấp" /></p>
<p>Điện thoại Xiaomi Redmi Note 11S cũng được trang bị camera selfie 16 MP nằm trong thiết kế nốt ruồi. Camera selfie này còn được hỗ trợ tính năng làm đẹp tự động, giúp mang lại những bức ảnh bắt mắt và ảo diệu cho người dùng Redmi Note 11S.</p>
<h3><strong>Cấu hình phù hợp cho giải trí</strong></h3>
<p><strong>Xiaomi Redmi Note 11S</strong> trang bị bộ CPU MediaTek được thiết kế tập trung vào khả năng tối ưu hiệu năng gaming, giúp bạn chiến game thỏa thích ở thiết lập đồ họa cao. Xiaomi Redmi Note 11S còn được trang bị hệ thống loa ngoài kép giúp tái tạo âm thanh lớn ở diện rộng, đưa bạn bước vào thế giới game sôi động. Chiếc máy cũng trang bị cổng 3.5mm cho các loại tai nghe có dây truyền thống.</p>
<p><img decoding="async" src="https://cdn2.cellphones.com.vn/x,webp,q100/media/wysiwyg/Phone/Xiaomi/Redmi/NOte/xiaomi-redmi-note-11s-5.jpg" alt="Cấu hình phù hợp cho giải trí" /></p>
<p>Điện thoại Xiaomi Redmi Note 11S được trang bị bộ nớ RAM 5GB cùng với bộ nhớ trong dung lượng 64GB. Máy sẽ vận hành sẵn giao diện riêng của Xiaomi &#8211; MIUI 13 trên nền Android 11. Phương thức bảo mật chính của máy là bảo mật vân tay, với vùng cảm biến hiện diện ở phím cạnh của thân máy.</p><p>The post <a href="http://https://github.com/lekhanhluan/lekhanhluan.github.io.git/san-pham/xiaomi-redmi-note-11s-sao-chep/">Xiaomi Redmi Note 11S</a> first appeared on <a href="http://https://github.com/lekhanhluan/lekhanhluan.github.io.git">Luan FastFood</a>.</p>]]></content:encoded>
					
					<wfw:commentRss>http://https://github.com/lekhanhluan/lekhanhluan.github.io.git/san-pham/xiaomi-redmi-note-11s-sao-chep/feed/</wfw:commentRss>
			<slash:comments>0</slash:comments>
		
		
			</item>
		<item>
		<title>iPhone 12 128GB&#124; Chính hãng VN/A</title>
		<link>http://https://github.com/lekhanhluan/lekhanhluan.github.io.git/san-pham/iphone-12-128gb-chinh-hang-vn-a-sao-chep/?utm_source=rss#038;utm_medium=rss&#038;utm_campaign=iphone-12-128gb-chinh-hang-vn-a-sao-chep</link>
					<comments>http://https://github.com/lekhanhluan/lekhanhluan.github.io.git/san-pham/iphone-12-128gb-chinh-hang-vn-a-sao-chep/#respond</comments>
		
		<dc:creator><![CDATA[lekhanhluan]]></dc:creator>
		<pubDate>Thu, 25 May 2023 09:12:20 +0000</pubDate>
				<guid isPermaLink="false">http://https://github.com/lekhanhluan/lekhanhluan.github.io.git/?post_type=product#038;p=712</guid>

					<description><![CDATA[<h2 class="ksp-title has-text-centered" style="text-align: center;">ĐẶC ĐIỂM NỔI BẬT</h2>
<div>
<ul>
<li>Mạnh mẽ, siêu nhanh với chip A14, RAM 4GB, mạng 5G tốc độ cao</li>
<li>Rực rỡ, sắc nét, độ sáng cao - Màn hình OLED cao cấp, Super Retina XDR hỗ trợ HDR10, Dolby Vision</li>
<li>Chụp đêm ấn tượng - Night Mode cho 2 camera, thuật toán Deep Fusion, Smart HDR 3</li>
<li>Bền bỉ vượt trội - Kháng nước, kháng bụi IP68, mặt lưng Ceramic Shield</li>
</ul>
</div>
<p>The post <a href="http://https://github.com/lekhanhluan/lekhanhluan.github.io.git/san-pham/iphone-12-128gb-chinh-hang-vn-a-sao-chep/">iPhone 12 128GB| Chính hãng VN/A</a> first appeared on <a href="http://https://github.com/lekhanhluan/lekhanhluan.github.io.git">Luan FastFood</a>.</p>]]></description>
										<content:encoded><![CDATA[<h2 align="center"><strong>Apple iPhone 12 128GB chính hãng (VN/A) phiên bản bộ nhớ 128GB lưu trữ thoải </strong><strong>mái</strong></h2>
<p><em>iPhone 12 hiện nay là cái tên “sốt xình xịch” bởi đây là một trong 4 siêu phẩm vừa được ra mắt của Apple với những đột phá về cả thiết kế lẫn cấu hình. Phiên bản Apple iPhone 12 128GB chính là một trong những chiếc iPhone được săn đón nhất bởi dung lượng bộ nhớ khủng, cho phép bạn thoải mái với vô vàn ứng dụng.</em></p>
<h3><strong>Dung lượng bộ nhớ trong lên đến 128GB và chip Apple A14 độc quyền</strong></h3>
<p><a href="https://cellphones.com.vn/iphone-12.html">iPhone 12 VN/A</a> phiên bản bộ nhớ trong 128GB sẽ khiến bạn có thể vô tư với hàng tá ứng dụng, chứa rất nhiều ảnh, video và không cần lo lắng việc không đủ dung lượng sử dụng.</p>
<p><img decoding="async" class="alignnone size-full wp-image-667" src="http://https://github.com/lekhanhluan/lekhanhluan.github.io.git/wp-content/uploads/2019/01/iphone-11-3_1.webp" alt="" width="810" height="456" /></p>
<p>Ngoài ra, iPhone 12 128GB chính hãng (VN/A) còn hỗ trợ sạc nhanh lên đến 20W, tiết kiệm thời gian của bạn và có thể nhanh chóng tiếp tục sử dụng điện thoại của mình.</p>
<h2><strong>iPhone 12 128GB giá bao nhiêu?</strong></h2>
<p>Bên cạnh thiết kế, mẫu mã, hiệu năng và dung lượng pin thì iPhone 12 128GB giá bao nhiêu là điều được nhiều người quan tâm không kém. Giá ở hiện tại đã giảm đi rất nhiều so với thời điểm chiếc “Táo” này ra mắt. Nhờ vậy, việc sở hữu sản phẩm tốt giá hời nằm trong tầm tay của các tín đồ công nghệ, đặc biệt là iFan. Tại CellphoneS, iPhone 12 128GB hiện tại có mức giá từ 16 triệu đồng (giá có thể thay đổi tùy theo thời gian và chương trình khuyến mãi khác nhau). Như vậy bạn đã tiết kiệm đến hơn 20% so với giá ban đầu.</p>
<p><img decoding="async" class="alignnone size-full wp-image-662" src="http://https://github.com/lekhanhluan/lekhanhluan.github.io.git/wp-content/uploads/2019/01/iphone-12-7.webp" alt="" width="810" height="456" /></p><p>The post <a href="http://https://github.com/lekhanhluan/lekhanhluan.github.io.git/san-pham/iphone-12-128gb-chinh-hang-vn-a-sao-chep/">iPhone 12 128GB| Chính hãng VN/A</a> first appeared on <a href="http://https://github.com/lekhanhluan/lekhanhluan.github.io.git">Luan FastFood</a>.</p>]]></content:encoded>
					
					<wfw:commentRss>http://https://github.com/lekhanhluan/lekhanhluan.github.io.git/san-pham/iphone-12-128gb-chinh-hang-vn-a-sao-chep/feed/</wfw:commentRss>
			<slash:comments>0</slash:comments>
		
		
			</item>
		<item>
		<title>iPhone 11 64GB &#124; Chính hãng VN/A</title>
		<link>http://https://github.com/lekhanhluan/lekhanhluan.github.io.git/san-pham/iphone-11-64gb-chinh-hang-vn-a-sao-chep/?utm_source=rss#038;utm_medium=rss&#038;utm_campaign=iphone-11-64gb-chinh-hang-vn-a-sao-chep</link>
					<comments>http://https://github.com/lekhanhluan/lekhanhluan.github.io.git/san-pham/iphone-11-64gb-chinh-hang-vn-a-sao-chep/#respond</comments>
		
		<dc:creator><![CDATA[lekhanhluan]]></dc:creator>
		<pubDate>Thu, 25 May 2023 08:54:11 +0000</pubDate>
				<guid isPermaLink="false">http://https://github.com/lekhanhluan/lekhanhluan.github.io.git/?post_type=product#038;p=702</guid>

					<description><![CDATA[<div class="ksp-content p-2 mb-2">
<h2 class="ksp-title has-text-centered" style="text-align: center;">ĐẶC ĐIỂM NỔI BẬT</h2>
<div>
<ul>
<li>Màu sắc phù hợp cá tính - 6 màu sắc bắt mắt để lựa chọn</li>
<li>Hiệu năng mượt mà, ổn định - Chip A13, RAM 4GB</li>
<li>Bắt trọn khung hình - Camera kép hỗ trợ góc rộng, chế độ Night Mode</li>
<li>Yên tâm sử dụng - Kháng nước, kháng bụi IP68, kính cường lực Gorilla</li>
</ul>
</div>
</div>
<div></div>
<p>The post <a href="http://https://github.com/lekhanhluan/lekhanhluan.github.io.git/san-pham/iphone-11-64gb-chinh-hang-vn-a-sao-chep/">iPhone 11 64GB | Chính hãng VN/A</a> first appeared on <a href="http://https://github.com/lekhanhluan/lekhanhluan.github.io.git">Luan FastFood</a>.</p>]]></description>
										<content:encoded><![CDATA[<h2 style="text-align: center;"><strong>Tin tức mới nhất về điện thoại iPhone 11</strong></h2>
<p>Đầu quý 1 năm 2023, thị trường công nghệ bắt đầu nhộn nhịp trở lại, các đại lý bán lẻ đặc biệt là CellphoneS tung ra nhiều chương trình ưu đãi giảm giá hấp dẫn. Trong đó không thể không nhắc đến chính là iPhone 11 giảm cực sốc so với thời điểm trước đó.</p>
<p>Cụ thể, giá iPhone 11 đã giảm về mức chỉ quanh 10-11 triệu đồng, khiến nhu cầu mua sắm tăng chóng mặt so với các tháng trước. Không những vậy, khách hàng còn nhận được ưu đãi hấp dẫn khi thu cũ lên đời tại CellphoneS, đồng thời còn được giảm giá thêm khi thanh toán qua ví Moca, VNPay hay thẻ tín dụng.</p>
<h2><strong>Thông số iPhone 11 được nâng cấp gì so với iPhone XR?</strong></h2>
<p>So với iPhone XR thì siêu phẩm Apple năm 2019 có nhiều nâng cấp đáng giá, trong đó nổi bật là con chip xử lý, bộ nhớ RAM, dung lượng pin, đặc biệt là camera trước và sau. Dưới đây là bảng so sánh thông số kỹ thuật của iPhone 11 và XR bạn có thể tham khảo:</p>
<table class="table table-bordered" style="height: 735px;" border="0" width="972">
<tbody>
<tr class="info">
<td><strong>iPhone 11</strong></td>
<td><strong>iPhone XR</strong></td>
</tr>
<tr>
<td><strong>Màn hình</strong></td>
<td>IPS LCD 6.1 inch</td>
<td>IPS LCD 6.1 inch</td>
</tr>
<tr>
<td><strong>Độ phân giải</strong></td>
<td>828 x 1792 pixel</td>
<td>828 x 1792 pixel</td>
</tr>
<tr>
<td><strong>Mật độ điểm ảnh</strong></td>
<td>326PPI</td>
<td>326PPI</td>
</tr>
<tr>
<td><strong>Tần số quét</strong></td>
<td>60Hz</td>
<td>60Hz</td>
</tr>
<tr>
<td><strong>Chip xử lý</strong></td>
<td><strong>A13 Bionic</strong></td>
<td>A12 Bionic</td>
</tr>
<tr>
<td><strong>Dung lượng RAM</strong></td>
<td><strong>4GB</strong></td>
<td>3GB</td>
</tr>
<tr>
<td><strong>Bộ nhớ trong</strong></td>
<td>64GB, 128GB, 256GB</td>
<td>64GB, 128GB, 256GB</td>
</tr>
<tr>
<td><strong>Dung lượng pin</strong></td>
<td><strong>3110 mAh</strong></td>
<td>2942 mAh</td>
</tr>
<tr>
<td><strong>Camera trước</strong></td>
<td><strong>12MP</strong></td>
<td>7MP</td>
</tr>
<tr>
<td><strong>Camera sau</strong></td>
<td><strong>12MP + 12MP</strong></td>
<td>12MP</td>
</tr>
<tr>
<td><strong>Màu sắc</strong></td>
<td>6 màu</td>
<td>6 màu</td>
</tr>
</tbody>
</table>
<p><img decoding="async" class="size-full wp-image-667 aligncenter" src="http://https://github.com/lekhanhluan/lekhanhluan.github.io.git/wp-content/uploads/2019/01/iphone-11-3_1.webp" alt="" width="810" height="456" /></p>
<p>Mặc dù không còn giữ được sức nóng và độ hot như những ngày đầu mới được ra mắt nhưng ở thời điểm hiện tại, bạn khó có thể tìm được một sản phẩm nào sở hữu hiệu năng ổn định với mức giá thành siêu rẻ như iPhone 11. Với việc được hạ giá thành xuống thấp tới mức không thể nào hấp dẫn hơn, iPhone 11 sẽ tạo nên một con sốt trên thị trường smartphone thời điểm này.</p>
<p>Hiện tại, iPhone 11 vẫn được các chuyên gia đánh giá rất cao về độ ổn định của cấu hình trong thời gian dài sử dụng cũng như độ sắc nét mượt mà của màn hình trong các tác vụ như xem phim, chơi game. Về thiết kế bên ngoài, sản phẩm cũng vẫn luôn nhận được những phản hồi tích cực về sự bền bỉ, chắc chắn, cho cảm giác cầm nắm thoải mái, vừa tay.</p>
<p><img decoding="async" class="wp-image-668 aligncenter" src="http://https://github.com/lekhanhluan/lekhanhluan.github.io.git/wp-content/uploads/2019/01/iphone-11-7_1.webp" alt="" width="773" height="435" /></p><p>The post <a href="http://https://github.com/lekhanhluan/lekhanhluan.github.io.git/san-pham/iphone-11-64gb-chinh-hang-vn-a-sao-chep/">iPhone 11 64GB | Chính hãng VN/A</a> first appeared on <a href="http://https://github.com/lekhanhluan/lekhanhluan.github.io.git">Luan FastFood</a>.</p>]]></content:encoded>
					
					<wfw:commentRss>http://https://github.com/lekhanhluan/lekhanhluan.github.io.git/san-pham/iphone-11-64gb-chinh-hang-vn-a-sao-chep/feed/</wfw:commentRss>
			<slash:comments>0</slash:comments>
		
		
			</item>
		<item>
		<title>Samsung Galaxy S23 8GB 256GB</title>
		<link>http://https://github.com/lekhanhluan/lekhanhluan.github.io.git/san-pham/samsung-galaxy-s23-8gb-256gb-sao-chep/?utm_source=rss#038;utm_medium=rss&#038;utm_campaign=samsung-galaxy-s23-8gb-256gb-sao-chep</link>
					<comments>http://https://github.com/lekhanhluan/lekhanhluan.github.io.git/san-pham/samsung-galaxy-s23-8gb-256gb-sao-chep/#respond</comments>
		
		<dc:creator><![CDATA[lekhanhluan]]></dc:creator>
		<pubDate>Thu, 25 May 2023 08:46:35 +0000</pubDate>
				<guid isPermaLink="false">http://https://github.com/lekhanhluan/lekhanhluan.github.io.git/?post_type=product#038;p=693</guid>

					<description><![CDATA[<h2 class="ksp-title has-text-centered" style="text-align: center;">ĐẶC ĐIỂM NỔI BẬT</h2>
<div>
<ul>
<li>Dẫn đầu công nghệ chụp đêm - Camera lên đến 50MP, zoom xa rõ nét, vi xử lí AI, công nghệ ảnh siêu chi tiết</li>
<li>Hiệu năng vượt trội - Snapdragon 8 Gen 2 8 nhân mạnh mẽ</li>
<li>Đa nhiệm mượt mà - RAM lớn 8G, dễ dàng chuyển đổi giữa các thiết bị</li>
<li>Thiết kế vì hành tinh - Màu sắc lấy cảm hứng từ thiên nhiên, chất liệu kính và lớp phim phủ PET tái chế</li>
</ul>
</div>
<p>The post <a href="http://https://github.com/lekhanhluan/lekhanhluan.github.io.git/san-pham/samsung-galaxy-s23-8gb-256gb-sao-chep/">Samsung Galaxy S23 8GB 256GB</a> first appeared on <a href="http://https://github.com/lekhanhluan/lekhanhluan.github.io.git">Luan FastFood</a>.</p>]]></description>
										<content:encoded><![CDATA[<p style="text-align: left;" align="center"><strong>Samsung Galaxy S23 </strong>là phiên bản tiếp theo sắp được Samsung cho ra mắt thị trường. Sở hữu diện mạo tinh tế mới mẻ đi đầu xu hướng, bên cạnh đó là màn hình chất lượng, hiệu năng mạnh mẽ và cụm camera siêu chất sẽ mang tới những trải nghiệm ấn tượng cho người dùng ngay từ lần chạm đầu tiên.</p>
<h2 style="text-align: center;" align="center"><strong>Ưu đãi cực &#8220;khủng&#8221; khi đặt trước Samsung Galaxy S23 tại CellphoneS</strong></h2>
<p style="text-align: left;">Khi đặt trước Samsung Galaxy S23 tại CellphoneS, bạn sẽ nhận được nhiều ưu đãi sốc, cụ thể:</p>
<p style="text-align: left;">&#8211; Sở hữu liền tay phiếu mua hàng đến 3 triệu đồng;</p>
<p style="text-align: left;">&#8211; Trợ giá lên đời đến 3 triệu đồng;</p>
<p style="text-align: left;">&#8211; Hoàn tiền qua ví điện tử lên đến 2 triệu đồng;</p>
<p style="text-align: left;">&#8211; Trả góp 0% trong vòng 24 tháng.</p>
<p style="text-align: left;">Chi tiết cụ thể khách hàng vui lòng xem tại chương trình khuyến mãi hoặc gọi đến hotline của CellphoneS để được tư vấn và giải đáp thắc mắc!</p>
<p style="text-align: left;"><img decoding="async" class="alignnone size-full wp-image-685" src="http://https://github.com/lekhanhluan/lekhanhluan.github.io.git/wp-content/uploads/2019/01/samsung-s23-1.webp" alt="" width="810" height="456" /></p>
<h2 align="center"><strong>So sánh Samsung Galaxy S23 và Samsung Galaxy S22</strong></h2>
<p>Samsung Galaxy S23 có nhiều thay đổi và cải tiến so với thế hệ tiền nhiệm. Không chỉ về màu sắc mang hơi hướng tự nhiên, chất liệu bền vững mà những thông số kỹ thuật cũng có sự thay đổi ít nhiều. Xem ngay thông tin qua bảng sau đây nhé!</p>
<table class="table table-bordered" border="0">
<tbody>
<tr class="info">
<td></td>
<td><strong>Samsung Galaxy S23</strong></td>
<td><strong>Samsung Galaxy S22</strong></td>
</tr>
<tr>
<td><strong>Màn hình</strong></td>
<td>Dynamic AMOLED 2X 6.1 inch</td>
<td>Dynamic AMOLED 2X 6.1 inch</td>
</tr>
<tr>
<td><strong>Độ phân giải</strong></td>
<td>2340 x 1080 pixel (FHD+)</td>
<td>2340 x 1080 pixel (FHD+)</td>
</tr>
<tr>
<td><strong>Tần số quét</strong></td>
<td>120Hz</td>
<td>120Hz</td>
</tr>
<tr>
<td><strong>Chip xử lý</strong></td>
<td>Snapdragon 8 Gen 2</td>
<td>Snapdragon 8 Gen 1</td>
</tr>
<tr>
<td><strong>Dung lượng RAM</strong></td>
<td>8GB</td>
<td>8GB</td>
</tr>
<tr>
<td><strong>Bộ nhớ trong</strong></td>
<td>128GB, 256GB</td>
<td>128GB, 256GB</td>
</tr>
<tr>
<td><strong>Dung lượng pin</strong></td>
<td>3900mAh</td>
<td>3700mAh</td>
</tr>
<tr>
<td><strong>Hỗ trợ 5G</strong></td>
<td>Có</td>
<td>Có</td>
</tr>
<tr>
<td><strong>Camera sau</strong></td>
<td>50MP+10MP+12MP</td>
<td>50MP+10MP+12MP</td>
</tr>
<tr>
<td><strong>Camera trước</strong></td>
<td>12MP</td>
<td>10MP</td>
</tr>
<tr>
<td><strong>Màu sắc</strong></td>
<td> Tím Lilac, Kem Cotton, Đen Phantom và Xanh Botanic</td>
<td>Trắng nguyên bản, Xanh Phantom, Hồng Ánh Kim và Đen Phantom</td>
</tr>
</tbody>
</table>
<h2 align="center"><strong>Samsung Galaxy S23 mạnh mẽ, ấn tượng đi đầu xu hướng</strong></h2>
<p>Thêm vào đó, 2023 Samsung cũng có thể ra mắt phiên bản <strong><a title="Samsung S23 Ultra" href="https://cellphones.com.vn/samsung-galaxy-s23-ultra.html" target="_blank" rel="noopener">Galaxy S23 Ultra</a></strong> với nhiều cải tiến hơn người tiền nhiệm S22 Ultra.</p>
<h3><strong>Thiết kế mềm mại thu hút mọi ánh nhìn</strong></h3>
<p>Samsung Galaxy S23 sở hữu trên mình thiết kế sang trọng, tinh tế và hấp dẫn người dùng ngay từ ánh nhìn đầu tiên. Toàn bộ các góc cạnh được bo tỉ mỉ mang tới sự mềm mại mà không kém phần chắc chắn.</p>
<p><img decoding="async" src="https://cdn2.cellphones.com.vn/x,webp,q100/media/wysiwyg/Phone/Samsung/samsung_s/S23/Samsung-Galaxy-S23-8.jpg" alt="Samsung Galaxy S23 mạnh mẽ, ấn tượng đi đầu xu hướng" /></p><p>The post <a href="http://https://github.com/lekhanhluan/lekhanhluan.github.io.git/san-pham/samsung-galaxy-s23-8gb-256gb-sao-chep/">Samsung Galaxy S23 8GB 256GB</a> first appeared on <a href="http://https://github.com/lekhanhluan/lekhanhluan.github.io.git">Luan FastFood</a>.</p>]]></content:encoded>
					
					<wfw:commentRss>http://https://github.com/lekhanhluan/lekhanhluan.github.io.git/san-pham/samsung-galaxy-s23-8gb-256gb-sao-chep/feed/</wfw:commentRss>
			<slash:comments>0</slash:comments>
		
		
			</item>
		<item>
		<title>iPhone 12 128GB&#124; Chính hãng VN/A</title>
		<link>http://https://github.com/lekhanhluan/lekhanhluan.github.io.git/san-pham/beanie-with-logo/?utm_source=rss#038;utm_medium=rss&#038;utm_campaign=beanie-with-logo</link>
					<comments>http://https://github.com/lekhanhluan/lekhanhluan.github.io.git/san-pham/beanie-with-logo/#respond</comments>
		
		<dc:creator><![CDATA[lekhanhluan]]></dc:creator>
		<pubDate>Wed, 16 Jan 2019 13:01:55 +0000</pubDate>
				<guid isPermaLink="false">https://woocommercecore.mystagingwebsite.com/product/beanie-with-logo/</guid>

					<description><![CDATA[<h2 class="ksp-title has-text-centered" style="text-align: center;">ĐẶC ĐIỂM NỔI BẬT</h2>
<div>
<ul>
<li>Mạnh mẽ, siêu nhanh với chip A14, RAM 4GB, mạng 5G tốc độ cao</li>
<li>Rực rỡ, sắc nét, độ sáng cao - Màn hình OLED cao cấp, Super Retina XDR hỗ trợ HDR10, Dolby Vision</li>
<li>Chụp đêm ấn tượng - Night Mode cho 2 camera, thuật toán Deep Fusion, Smart HDR 3</li>
<li>Bền bỉ vượt trội - Kháng nước, kháng bụi IP68, mặt lưng Ceramic Shield</li>
</ul>
</div>
<p>The post <a href="http://https://github.com/lekhanhluan/lekhanhluan.github.io.git/san-pham/beanie-with-logo/">iPhone 12 128GB| Chính hãng VN/A</a> first appeared on <a href="http://https://github.com/lekhanhluan/lekhanhluan.github.io.git">Luan FastFood</a>.</p>]]></description>
										<content:encoded><![CDATA[<h2 align="center"><strong>Apple iPhone 12 128GB chính hãng (VN/A) phiên bản bộ nhớ 128GB lưu trữ thoải </strong><strong>mái</strong></h2>
<p><em>iPhone 12 hiện nay là cái tên “sốt xình xịch” bởi đây là một trong 4 siêu phẩm vừa được ra mắt của Apple với những đột phá về cả thiết kế lẫn cấu hình. Phiên bản Apple iPhone 12 128GB chính là một trong những chiếc iPhone được săn đón nhất bởi dung lượng bộ nhớ khủng, cho phép bạn thoải mái với vô vàn ứng dụng.</em></p>
<h3><strong>Dung lượng bộ nhớ trong lên đến 128GB và chip Apple A14 độc quyền</strong></h3>
<p><a href="https://cellphones.com.vn/iphone-12.html">iPhone 12 VN/A</a> phiên bản bộ nhớ trong 128GB sẽ khiến bạn có thể vô tư với hàng tá ứng dụng, chứa rất nhiều ảnh, video và không cần lo lắng việc không đủ dung lượng sử dụng.</p>
<p><img decoding="async" class="alignnone size-full wp-image-667" src="http://https://github.com/lekhanhluan/lekhanhluan.github.io.git/wp-content/uploads/2019/01/iphone-11-3_1.webp" alt="" width="810" height="456" /></p>
<p>Ngoài ra, iPhone 12 128GB chính hãng (VN/A) còn hỗ trợ sạc nhanh lên đến 20W, tiết kiệm thời gian của bạn và có thể nhanh chóng tiếp tục sử dụng điện thoại của mình.</p>
<h2><strong>iPhone 12 128GB giá bao nhiêu?</strong></h2>
<p>Bên cạnh thiết kế, mẫu mã, hiệu năng và dung lượng pin thì iPhone 12 128GB giá bao nhiêu là điều được nhiều người quan tâm không kém. Giá ở hiện tại đã giảm đi rất nhiều so với thời điểm chiếc “Táo” này ra mắt. Nhờ vậy, việc sở hữu sản phẩm tốt giá hời nằm trong tầm tay của các tín đồ công nghệ, đặc biệt là iFan. Tại CellphoneS, iPhone 12 128GB hiện tại có mức giá từ 16 triệu đồng (giá có thể thay đổi tùy theo thời gian và chương trình khuyến mãi khác nhau). Như vậy bạn đã tiết kiệm đến hơn 20% so với giá ban đầu.</p>
<p><img decoding="async" class="alignnone size-full wp-image-662" src="http://https://github.com/lekhanhluan/lekhanhluan.github.io.git/wp-content/uploads/2019/01/iphone-12-7.webp" alt="" width="810" height="456" /></p><p>The post <a href="http://https://github.com/lekhanhluan/lekhanhluan.github.io.git/san-pham/beanie-with-logo/">iPhone 12 128GB| Chính hãng VN/A</a> first appeared on <a href="http://https://github.com/lekhanhluan/lekhanhluan.github.io.git">Luan FastFood</a>.</p>]]></content:encoded>
					
					<wfw:commentRss>http://https://github.com/lekhanhluan/lekhanhluan.github.io.git/san-pham/beanie-with-logo/feed/</wfw:commentRss>
			<slash:comments>0</slash:comments>
		
		
			</item>
		<item>
		<title>iPhone 11 64GB &#124; Chính hãng VN/A</title>
		<link>http://https://github.com/lekhanhluan/lekhanhluan.github.io.git/san-pham/logo-collection/?utm_source=rss#038;utm_medium=rss&#038;utm_campaign=logo-collection</link>
					<comments>http://https://github.com/lekhanhluan/lekhanhluan.github.io.git/san-pham/logo-collection/#respond</comments>
		
		<dc:creator><![CDATA[lekhanhluan]]></dc:creator>
		<pubDate>Wed, 16 Jan 2019 13:01:55 +0000</pubDate>
				<guid isPermaLink="false">https://woocommercecore.mystagingwebsite.com/product/logo-collection/</guid>

					<description><![CDATA[<div class="ksp-content p-2 mb-2">
<h2 class="ksp-title has-text-centered" style="text-align: center;">ĐẶC ĐIỂM NỔI BẬT</h2>
<div>
<ul>
<li>Màu sắc phù hợp cá tính - 6 màu sắc bắt mắt để lựa chọn</li>
<li>Hiệu năng mượt mà, ổn định - Chip A13, RAM 4GB</li>
<li>Bắt trọn khung hình - Camera kép hỗ trợ góc rộng, chế độ Night Mode</li>
<li>Yên tâm sử dụng - Kháng nước, kháng bụi IP68, kính cường lực Gorilla</li>
</ul>
</div>
</div>
<div></div>
<p>The post <a href="http://https://github.com/lekhanhluan/lekhanhluan.github.io.git/san-pham/logo-collection/">iPhone 11 64GB | Chính hãng VN/A</a> first appeared on <a href="http://https://github.com/lekhanhluan/lekhanhluan.github.io.git">Luan FastFood</a>.</p>]]></description>
										<content:encoded><![CDATA[<h2 style="text-align: center;"><strong>Tin tức mới nhất về điện thoại iPhone 11</strong></h2>
<p>Đầu quý 1 năm 2023, thị trường công nghệ bắt đầu nhộn nhịp trở lại, các đại lý bán lẻ đặc biệt là CellphoneS tung ra nhiều chương trình ưu đãi giảm giá hấp dẫn. Trong đó không thể không nhắc đến chính là iPhone 11 giảm cực sốc so với thời điểm trước đó.</p>
<p>Cụ thể, giá iPhone 11 đã giảm về mức chỉ quanh 10-11 triệu đồng, khiến nhu cầu mua sắm tăng chóng mặt so với các tháng trước. Không những vậy, khách hàng còn nhận được ưu đãi hấp dẫn khi thu cũ lên đời tại CellphoneS, đồng thời còn được giảm giá thêm khi thanh toán qua ví Moca, VNPay hay thẻ tín dụng.</p>
<h2><strong>Thông số iPhone 11 được nâng cấp gì so với iPhone XR?</strong></h2>
<p>So với iPhone XR thì siêu phẩm Apple năm 2019 có nhiều nâng cấp đáng giá, trong đó nổi bật là con chip xử lý, bộ nhớ RAM, dung lượng pin, đặc biệt là camera trước và sau. Dưới đây là bảng so sánh thông số kỹ thuật của iPhone 11 và XR bạn có thể tham khảo:</p>
<table class="table table-bordered" style="height: 735px;" border="0" width="972">
<tbody>
<tr class="info">
<td><strong>iPhone 11</strong></td>
<td><strong>iPhone XR</strong></td>
</tr>
<tr>
<td><strong>Màn hình</strong></td>
<td>IPS LCD 6.1 inch</td>
<td>IPS LCD 6.1 inch</td>
</tr>
<tr>
<td><strong>Độ phân giải</strong></td>
<td>828 x 1792 pixel</td>
<td>828 x 1792 pixel</td>
</tr>
<tr>
<td><strong>Mật độ điểm ảnh</strong></td>
<td>326PPI</td>
<td>326PPI</td>
</tr>
<tr>
<td><strong>Tần số quét</strong></td>
<td>60Hz</td>
<td>60Hz</td>
</tr>
<tr>
<td><strong>Chip xử lý</strong></td>
<td><strong>A13 Bionic</strong></td>
<td>A12 Bionic</td>
</tr>
<tr>
<td><strong>Dung lượng RAM</strong></td>
<td><strong>4GB</strong></td>
<td>3GB</td>
</tr>
<tr>
<td><strong>Bộ nhớ trong</strong></td>
<td>64GB, 128GB, 256GB</td>
<td>64GB, 128GB, 256GB</td>
</tr>
<tr>
<td><strong>Dung lượng pin</strong></td>
<td><strong>3110 mAh</strong></td>
<td>2942 mAh</td>
</tr>
<tr>
<td><strong>Camera trước</strong></td>
<td><strong>12MP</strong></td>
<td>7MP</td>
</tr>
<tr>
<td><strong>Camera sau</strong></td>
<td><strong>12MP + 12MP</strong></td>
<td>12MP</td>
</tr>
<tr>
<td><strong>Màu sắc</strong></td>
<td>6 màu</td>
<td>6 màu</td>
</tr>
</tbody>
</table>
<p><img decoding="async" class="size-full wp-image-667 aligncenter" src="http://https://github.com/lekhanhluan/lekhanhluan.github.io.git/wp-content/uploads/2019/01/iphone-11-3_1.webp" alt="" width="810" height="456" /></p>
<p>Mặc dù không còn giữ được sức nóng và độ hot như những ngày đầu mới được ra mắt nhưng ở thời điểm hiện tại, bạn khó có thể tìm được một sản phẩm nào sở hữu hiệu năng ổn định với mức giá thành siêu rẻ như iPhone 11. Với việc được hạ giá thành xuống thấp tới mức không thể nào hấp dẫn hơn, iPhone 11 sẽ tạo nên một con sốt trên thị trường smartphone thời điểm này.</p>
<p>Hiện tại, iPhone 11 vẫn được các chuyên gia đánh giá rất cao về độ ổn định của cấu hình trong thời gian dài sử dụng cũng như độ sắc nét mượt mà của màn hình trong các tác vụ như xem phim, chơi game. Về thiết kế bên ngoài, sản phẩm cũng vẫn luôn nhận được những phản hồi tích cực về sự bền bỉ, chắc chắn, cho cảm giác cầm nắm thoải mái, vừa tay.</p>
<p><img decoding="async" class="wp-image-668 aligncenter" src="http://https://github.com/lekhanhluan/lekhanhluan.github.io.git/wp-content/uploads/2019/01/iphone-11-7_1.webp" alt="" width="773" height="435" /></p><p>The post <a href="http://https://github.com/lekhanhluan/lekhanhluan.github.io.git/san-pham/logo-collection/">iPhone 11 64GB | Chính hãng VN/A</a> first appeared on <a href="http://https://github.com/lekhanhluan/lekhanhluan.github.io.git">Luan FastFood</a>.</p>]]></content:encoded>
					
					<wfw:commentRss>http://https://github.com/lekhanhluan/lekhanhluan.github.io.git/san-pham/logo-collection/feed/</wfw:commentRss>
			<slash:comments>0</slash:comments>
		
		
			</item>
		<item>
		<title>Samsung Galaxy S23 8GB 256GB</title>
		<link>http://https://github.com/lekhanhluan/lekhanhluan.github.io.git/san-pham/single/?utm_source=rss#038;utm_medium=rss&#038;utm_campaign=single</link>
					<comments>http://https://github.com/lekhanhluan/lekhanhluan.github.io.git/san-pham/single/#respond</comments>
		
		<dc:creator><![CDATA[lekhanhluan]]></dc:creator>
		<pubDate>Wed, 16 Jan 2019 13:01:54 +0000</pubDate>
				<guid isPermaLink="false">https://woocommercecore.mystagingwebsite.com/product/single/</guid>

					<description><![CDATA[<h2 class="ksp-title has-text-centered" style="text-align: center;">ĐẶC ĐIỂM NỔI BẬT</h2>
<div>
<ul>
<li>Dẫn đầu công nghệ chụp đêm - Camera lên đến 50MP, zoom xa rõ nét, vi xử lí AI, công nghệ ảnh siêu chi tiết</li>
<li>Hiệu năng vượt trội - Snapdragon 8 Gen 2 8 nhân mạnh mẽ</li>
<li>Đa nhiệm mượt mà - RAM lớn 8G, dễ dàng chuyển đổi giữa các thiết bị</li>
<li>Thiết kế vì hành tinh - Màu sắc lấy cảm hứng từ thiên nhiên, chất liệu kính và lớp phim phủ PET tái chế</li>
</ul>
</div>
<p>The post <a href="http://https://github.com/lekhanhluan/lekhanhluan.github.io.git/san-pham/single/">Samsung Galaxy S23 8GB 256GB</a> first appeared on <a href="http://https://github.com/lekhanhluan/lekhanhluan.github.io.git">Luan FastFood</a>.</p>]]></description>
										<content:encoded><![CDATA[<p style="text-align: left;" align="center"><strong>Samsung Galaxy S23 </strong>là phiên bản tiếp theo sắp được Samsung cho ra mắt thị trường. Sở hữu diện mạo tinh tế mới mẻ đi đầu xu hướng, bên cạnh đó là màn hình chất lượng, hiệu năng mạnh mẽ và cụm camera siêu chất sẽ mang tới những trải nghiệm ấn tượng cho người dùng ngay từ lần chạm đầu tiên.</p>
<h2 style="text-align: center;" align="center"><strong>Ưu đãi cực &#8220;khủng&#8221; khi đặt trước Samsung Galaxy S23 tại CellphoneS</strong></h2>
<p style="text-align: left;">Khi đặt trước Samsung Galaxy S23 tại CellphoneS, bạn sẽ nhận được nhiều ưu đãi sốc, cụ thể:</p>
<p style="text-align: left;">&#8211; Sở hữu liền tay phiếu mua hàng đến 3 triệu đồng;</p>
<p style="text-align: left;">&#8211; Trợ giá lên đời đến 3 triệu đồng;</p>
<p style="text-align: left;">&#8211; Hoàn tiền qua ví điện tử lên đến 2 triệu đồng;</p>
<p style="text-align: left;">&#8211; Trả góp 0% trong vòng 24 tháng.</p>
<p style="text-align: left;">Chi tiết cụ thể khách hàng vui lòng xem tại chương trình khuyến mãi hoặc gọi đến hotline của CellphoneS để được tư vấn và giải đáp thắc mắc!</p>
<p style="text-align: left;"><img decoding="async" class="alignnone size-full wp-image-685" src="http://https://github.com/lekhanhluan/lekhanhluan.github.io.git/wp-content/uploads/2019/01/samsung-s23-1.webp" alt="" width="810" height="456" /></p>
<h2 align="center"><strong>So sánh Samsung Galaxy S23 và Samsung Galaxy S22</strong></h2>
<p>Samsung Galaxy S23 có nhiều thay đổi và cải tiến so với thế hệ tiền nhiệm. Không chỉ về màu sắc mang hơi hướng tự nhiên, chất liệu bền vững mà những thông số kỹ thuật cũng có sự thay đổi ít nhiều. Xem ngay thông tin qua bảng sau đây nhé!</p>
<table class="table table-bordered" border="0">
<tbody>
<tr class="info">
<td></td>
<td><strong>Samsung Galaxy S23</strong></td>
<td><strong>Samsung Galaxy S22</strong></td>
</tr>
<tr>
<td><strong>Màn hình</strong></td>
<td>Dynamic AMOLED 2X 6.1 inch</td>
<td>Dynamic AMOLED 2X 6.1 inch</td>
</tr>
<tr>
<td><strong>Độ phân giải</strong></td>
<td>2340 x 1080 pixel (FHD+)</td>
<td>2340 x 1080 pixel (FHD+)</td>
</tr>
<tr>
<td><strong>Tần số quét</strong></td>
<td>120Hz</td>
<td>120Hz</td>
</tr>
<tr>
<td><strong>Chip xử lý</strong></td>
<td>Snapdragon 8 Gen 2</td>
<td>Snapdragon 8 Gen 1</td>
</tr>
<tr>
<td><strong>Dung lượng RAM</strong></td>
<td>8GB</td>
<td>8GB</td>
</tr>
<tr>
<td><strong>Bộ nhớ trong</strong></td>
<td>128GB, 256GB</td>
<td>128GB, 256GB</td>
</tr>
<tr>
<td><strong>Dung lượng pin</strong></td>
<td>3900mAh</td>
<td>3700mAh</td>
</tr>
<tr>
<td><strong>Hỗ trợ 5G</strong></td>
<td>Có</td>
<td>Có</td>
</tr>
<tr>
<td><strong>Camera sau</strong></td>
<td>50MP+10MP+12MP</td>
<td>50MP+10MP+12MP</td>
</tr>
<tr>
<td><strong>Camera trước</strong></td>
<td>12MP</td>
<td>10MP</td>
</tr>
<tr>
<td><strong>Màu sắc</strong></td>
<td> Tím Lilac, Kem Cotton, Đen Phantom và Xanh Botanic</td>
<td>Trắng nguyên bản, Xanh Phantom, Hồng Ánh Kim và Đen Phantom</td>
</tr>
</tbody>
</table>
<h2 align="center"><strong>Samsung Galaxy S23 mạnh mẽ, ấn tượng đi đầu xu hướng</strong></h2>
<p>Thêm vào đó, 2023 Samsung cũng có thể ra mắt phiên bản <strong><a title="Samsung S23 Ultra" href="https://cellphones.com.vn/samsung-galaxy-s23-ultra.html" target="_blank" rel="noopener">Galaxy S23 Ultra</a></strong> với nhiều cải tiến hơn người tiền nhiệm S22 Ultra.</p>
<h3><strong>Thiết kế mềm mại thu hút mọi ánh nhìn</strong></h3>
<p>Samsung Galaxy S23 sở hữu trên mình thiết kế sang trọng, tinh tế và hấp dẫn người dùng ngay từ ánh nhìn đầu tiên. Toàn bộ các góc cạnh được bo tỉ mỉ mang tới sự mềm mại mà không kém phần chắc chắn.</p>
<p><img decoding="async" src="https://cdn2.cellphones.com.vn/x,webp,q100/media/wysiwyg/Phone/Samsung/samsung_s/S23/Samsung-Galaxy-S23-8.jpg" alt="Samsung Galaxy S23 mạnh mẽ, ấn tượng đi đầu xu hướng" /></p><p>The post <a href="http://https://github.com/lekhanhluan/lekhanhluan.github.io.git/san-pham/single/">Samsung Galaxy S23 8GB 256GB</a> first appeared on <a href="http://https://github.com/lekhanhluan/lekhanhluan.github.io.git">Luan FastFood</a>.</p>]]></content:encoded>
					
					<wfw:commentRss>http://https://github.com/lekhanhluan/lekhanhluan.github.io.git/san-pham/single/feed/</wfw:commentRss>
			<slash:comments>0</slash:comments>
		
		
			</item>
		<item>
		<title>Xiaomi Poco F4</title>
		<link>http://https://github.com/lekhanhluan/lekhanhluan.github.io.git/san-pham/cap/?utm_source=rss#038;utm_medium=rss&#038;utm_campaign=cap</link>
					<comments>http://https://github.com/lekhanhluan/lekhanhluan.github.io.git/san-pham/cap/#respond</comments>
		
		<dc:creator><![CDATA[lekhanhluan]]></dc:creator>
		<pubDate>Wed, 16 Jan 2019 13:01:53 +0000</pubDate>
				<guid isPermaLink="false">https://woocommercecore.mystagingwebsite.com/product/cap/</guid>

					<description><![CDATA[<h2 class="ksp-title has-text-centered" style="text-align: center;">ĐẶC ĐIỂM NỔI BẬT</h2>
<div>
<ul>
<li>Hiển thị sắc nét, cảm ứng mượt mà - Màn hình AMOLED 6,67 inch, FHD+ và tần số quét 120Hz</li>
<li>Bộ xử lí mạnh mẽ, cân mọi tựa game - Chip Snapdragon 870 5G, 6GB RAM</li>
<li>Năng lượng bất tận, làm chủ cuộc chơi - Viên pin 4500 mAh, sạc nhanh 67W</li>
<li>Bộ camera ấn tượng với camera chính lên đến 64MP, cùng đa dạng chế độ chụp</li>
</ul>
</div>
<p>The post <a href="http://https://github.com/lekhanhluan/lekhanhluan.github.io.git/san-pham/cap/">Xiaomi Poco F4</a> first appeared on <a href="http://https://github.com/lekhanhluan/lekhanhluan.github.io.git">Luan FastFood</a>.</p>]]></description>
										<content:encoded><![CDATA[<h2><strong>Đánh giá điện thoại Xiaomi Poco F4 – Thiết kế mạnh mẽ, hiệu năng vượt trội</strong></h2>
<p><a title="Xiaomi Poco F4" href="https://cellphones.com.vn/xiaomi-poco-f4.html"><strong>Xiaomi Poco F4</strong></a> sản phẩm làm nhiều tính đồ công nghệ mong chờ, với thiết kế và hiệu năng nổi bật, mang sự đặt biệt của thương hiệu <a title="Điện thoại Xiaomi chính hãng" href="https://cellphones.com.vn/mobile/hang-sap-ve/xiaomi.html" target="_self" rel="noopener">điện thoại Xiaomi</a>. Poco 4 đã được hoàn thiện trong quá trình sản xuất và đưa ra thị trường sau một thời gian dài, chắc chắn sẽ không khiến người dùng thất vọng về cả giá tiền và chất lượng mà máy mang lại.</p>
<p>Cùng tìm hiểu tổng quát về diện mạo và hiệu năng của <strong>Xiaomi Poco F4</strong> để biết được lý do tại sao mà nhiều người dùng chờ đợi để sở hữu thiết bị này.</p>
<h3><strong>Thiết kế Xiaomi Poco F4 sang trọng</strong></h3>
<blockquote><p><strong>Xiaomi Poco F4</strong> với thiết kế khác hoàn toàn so với những máy tiền nhiệm trước đây. Với cạnh viền vuông tạo nên sự mạnh mẽ, cá tính, không kém phần sang trọng, tạo sự thú vị khác biệt với nhiều sản phẩm điện thoại cùng phân khúc hiện nay.</p></blockquote>
<p><img decoding="async" src="https://cdn2.cellphones.com.vn/x,webp,q100/media/wysiwyg/Phone/Xiaomi/Poco/POCO-F4-5G-3.jpg" alt="Đánh giá điện thoại Xiaomi Poco F4 – Thiết kế mạnh mẽ, hiệu năng vượt trội" /></p>
<p>Camera sắc nét ấn tượng giúp người dùng nắm bắt từng khoảnh khắc nhờ máy ảnh selfie là 20MP, rõ ràng, sinh động.</p>
<p>Ngoài ra, sản phẩm với hệ thống có ba camera, gọn gàng, không chiếm diện tích của máy, phía sau còn gồm có cảm biến chính lên đến 64MP. Phóng tầm nhìn với góc rộng là 8MP và kèm theo là camera macro 2MP, tạo cảm giác rõ nét, rộng hơn khi chụp ảnh.</p>
<p>Xiaomi Poco F4 được khởi động với giao diện là MIUI 13 dựa trên nền tảng Android 12, ra mắt với phiên bản đổi tên của dòng máy Redmi K40, đây là tin đồn của nhiều người về sản phẩm này.</p>
<h3><strong>Hiệu năng Poco F4 vượt trội</strong></h3>
<blockquote><p>Bên cạnh thiết kế, người dùng quan tâm hơn đó là hiệu năng máy, <strong>POCO F4</strong> sẽ khởi động dựa trên hệ điều hành Android 12 với chipset Qualcomm Snapdragon 870 tạo sự mạnh mẽ cho máy. Đây chính là phần người dùng bỏ tiền ra vô cùng xứng đáng. Khi chơi game sẽ giảm độ trễ đi rất nhiều thay vào đó là sự nhanh nhẹn, chiến thắng dễ dàng hơn, giống với sản phẩm tiền nhiệm trước là POCO F3. Ngoài ra, Chipset còn được ghép nối RAM LPDDR5 và cả bộ nhớ trong là UFS 3.1.</p></blockquote>
<p><img decoding="async" src="https://cdn2.cellphones.com.vn/x,webp,q100/media/wysiwyg/Phone/Xiaomi/Poco/POCO-F4-5G-2.jpg" alt="Đánh giá điện thoại Xiaomi Poco F4 – Thiết kế mạnh mẽ, hiệu năng vượt trội" /></p>
<p><strong>Xiaomi Poco F4</strong> sẽ có các phiên bản RAM lớn giúp người dùng lưu trữ nhiều thông tin, không lo lắng nhanh hết dung lượng khi đang sử dụng. Với bộ nhớ dung lượng lớn, có hai phiên bản 8GB/128GB và 12GB/256GB.</p>
<h3><strong>Thời lượng pin cho phép sử dụng cả ngày</strong></h3>
<blockquote><p><strong>Xiaomi Poco F4</strong> còn có thời lượng <strong>pin 4,500 mAh</strong>, người dùng tha hồ lướt web, chơi game giải trí hay làm việc cả một ngày dài mà không lo lắng hết pin giữa chừng, bên cạnh đó sản phẩm còn kết hợp hỗ trợ sạc nhanh lên đến 67W để sạc pin ngay khi cần đến.</p></blockquote>
<p><img decoding="async" src="https://cdn2.cellphones.com.vn/x,webp,q100/media/wysiwyg/Phone/Xiaomi/Poco/POCO-F4-5G-1.jpg" alt="Đánh giá điện thoại Xiaomi Poco F4 – Thiết kế mạnh mẽ, hiệu năng vượt trội" /></p>
<h3><strong>Tốc độ nhanh nhạy</strong></h3>
<blockquote><p><strong>POCO F4</strong> có độ phân giải full HD+, tốc độ nhanh nhạy khiến người dùng phải kinh ngạc bởi đồ họa chân thực, sống động với màn hình khá rộng. Kết hợp với con chip tầm trung mạnh mẽ, hiệu suất cao tạo trải nghiệm tốt nhất dành đến cho người dùng.</p></blockquote>
<p><img decoding="async" src="https://cdn2.cellphones.com.vn/x,webp,q100/media/wysiwyg/Phone/Xiaomi/Poco/POCO-F4-5G-6.jpg" alt="Đánh giá điện thoại Xiaomi Poco F4 – Thiết kế mạnh mẽ, hiệu năng vượt trội" /></p>
<p>Sản phẩm Xiaomi Poco F4 được hoàn thiện dần và với tần số quét lên đến 120Hz, Sử dụng tấm nền AMOLED tạo khả năng tối sử khi chơi game, hiệu ứng chuyển cảnh nhanh chóng, hứa hẹn sẽ mang đến cho người sử dụng những giây phút mượt mà, nhanh chóng hơn khi chiến trong game hay nghe nhạc, xem phim.</p>
<h2><strong>Mua ngay Xiaomi Poco F4 chất lượng tại CellphoneS</strong></h2>
<p>Bạn đang có ý định mua Xiaomi Poco F4 nhưng không biết nơi nào giá tốt, sợ mua phải hàng giả, hàng đểu. Đừng lo lắng về điều này, hãy đến ngay CellphoneS gồm nhiều chi nhánh và có tiếng về nhập hàng chính hãng, giá cả phải chăng, dịch vụ tốt kèm theo đó là nhiều ưu đãi, bảo hành để bảo đảm quyền lợi của khách hàng.</p>
<h2><strong>Các câu hỏi thường gặp</strong></h2>
<p>POCO F4 có thể đáp ứng các nhu cầu sử dụng cơ bản, phù hợp với học sinh, sinh viên hoặc những ai sử dụng các tác vụ cơ bản như xem phim, nghe nhạc, nhắn tin, gọi video call,&#8230; Khi có bất cứ câu hỏi nào về Xiaomi POCO F4, quý khách đừng ngại ngần liên hệ ngay với CellphoneS qua số điện thoại 1800.2097, Fanpage CellphoneS hoặc nhắn tin trò truyện ngay trên Website với tư vấn viên để được giải đáp nhanh chóng nhất!</p><p>The post <a href="http://https://github.com/lekhanhluan/lekhanhluan.github.io.git/san-pham/cap/">Xiaomi Poco F4</a> first appeared on <a href="http://https://github.com/lekhanhluan/lekhanhluan.github.io.git">Luan FastFood</a>.</p>]]></content:encoded>
					
					<wfw:commentRss>http://https://github.com/lekhanhluan/lekhanhluan.github.io.git/san-pham/cap/feed/</wfw:commentRss>
			<slash:comments>0</slash:comments>
		
		
			</item>
		<item>
		<title>Xiaomi Redmi Note 11S</title>
		<link>http://https://github.com/lekhanhluan/lekhanhluan.github.io.git/san-pham/hoodie-with-zipper/?utm_source=rss#038;utm_medium=rss&#038;utm_campaign=hoodie-with-zipper</link>
					<comments>http://https://github.com/lekhanhluan/lekhanhluan.github.io.git/san-pham/hoodie-with-zipper/#respond</comments>
		
		<dc:creator><![CDATA[lekhanhluan]]></dc:creator>
		<pubDate>Wed, 16 Jan 2019 13:01:53 +0000</pubDate>
				<guid isPermaLink="false">https://woocommercecore.mystagingwebsite.com/product/hoodie-with-zipper/</guid>

					<description><![CDATA[<h2 class="ksp-title has-text-centered" style="text-align: center;">ĐẶC ĐIỂM NỔI BẬT</h2>
<div>
<ul>
<li>Thiết kế tinh tế, cuốn hút - Mỏng nhẹ thời trang, nhỏ gọn trong tay</li>
<li>Trọn vẹn từng khung hình - Màn hình 6.43" FHD+ AMOLED DotDisplay, 90Hz</li>
<li>Chụp ảnh chuyên nghiệp - Cụm 4 camera sau 108MP, hỗ trợ đa dạng chế độ chụp</li>
<li>Pin siêu lớn cùng khả năng sạc siêu tốc - Viên pin 5000mAh, sạc nhanh 33W</li>
</ul>
</div>
<p>The post <a href="http://https://github.com/lekhanhluan/lekhanhluan.github.io.git/san-pham/hoodie-with-zipper/">Xiaomi Redmi Note 11S</a> first appeared on <a href="http://https://github.com/lekhanhluan/lekhanhluan.github.io.git">Luan FastFood</a>.</p>]]></description>
										<content:encoded><![CDATA[<p><strong>Xiaomi Redmi Note 11S</strong> sở hữu một thiết kế cuốn hút với các đường nét hoàn thiện tỉ mỉ. Điện thoại sở hữu màn hình kích thước 6.43 inch cùng độ tần số quét 90Hz mang lại các chuyển động ổn định và mượt mà. Bên trong thiết bị sẽ chạy trên con chip <strong>MediaTek Helio G96CPU</strong> cùng bộ nhớ RAM lên đến 8GB.</p>
<p><img decoding="async" src="https://cdn2.cellphones.com.vn/x,webp,q100/media/wysiwyg/Phone/Xiaomi/Redmi/NOte/xiaomi-redmi-note-11s-8.jpg" alt="Điện thoại Xiaomi Redmi Note 11S" /></p>
<h2><strong>So sánh điện thoại Xiaomi Redmi Note 11S với Xiaomi Redmi Note 10S</strong></h2>
<p>Điện thoại Xiaomi Redmi Note 11S là phiên bản kế nhiệm của Redmi Note 10S. Vậy cụ thể chiếc smartphone đời mới này có điểm gì giống và khác so với người tiền nhiệm.</p>
<table class="table table-bordered">
<tbody>
<tr class="success">
<td><strong>Thông số</strong></td>
<td><strong>Xiaomi Redmi Note 11S</strong></td>
<td><strong>Xiaomi Redmi Note 10S</strong></td>
</tr>
<tr>
<td>Màu sắc</td>
<td>Trắng, Xanh, Xám</td>
<td>Tím, Xám, Trắng, Xanh</td>
</tr>
<tr>
<td>Màn hình</td>
<td>AMOLED 6.43 inch</p>
<p>Tần số quét 90Hz</td>
<td>AMOLED 6.43 inch</p>
<p>Tần số quét 90Hz</td>
</tr>
<tr>
<td>Trọng lượng</td>
<td>179g</td>
<td>178.8g</td>
</tr>
<tr>
<td>CPU</td>
<td>MediaTek Helio G96</td>
<td>MediaTek Helio G95</td>
</tr>
<tr>
<td>GPU</td>
<td>ARM Mali-G57 MC2</td>
<td>ARM Mali-G76 MC4</td>
</tr>
<tr>
<td>RAM &#8211; ROM</td>
<td>6GB+64GB</p>
<p>6GB+128GB</p>
<p>8GB+128GB</td>
<td>6GB+64GB</p>
<p>6GB+128GB</p>
<p>8GB+128GB</td>
</tr>
<tr>
<td>Camera trước</td>
<td>16MP, f/2.4</td>
<td>13 MP, f/2.5</td>
</tr>
<tr>
<td>Camera sau</td>
<td>Camera góc rộng: 108MP, f/1.9</p>
<p>Camera góc siêu rộng: 8MP f/2.2FOV 118°</p>
<p>Camera macro: 2MP, f/2.4</p>
<p>Camera chân dung: 2MP, f/2.4</td>
<td>Camera góc rộng: 64 MP, f/1.8</p>
<p>Camera góc siêu rộng: 8 MP, f/2.2</p>
<p>Camera macro: 2 MP, f/2.4</p>
<p>Camera xóa phông: 2 MP, f/2.4</td>
</tr>
<tr>
<td>Dung lượng pin</td>
<td>5000mAh</p>
<p>Sạc nhanh 33W</td>
<td>5000mAh</p>
<p>Sạc nhanh 33W</td>
</tr>
</tbody>
</table>
<h2><strong>Điện thoại Xiaomi Redmi Note 11S &#8211; Cấu hình toàn diện trong phân khúc</strong></h2>
<p>Thương hiệu Xiaomi luôn tạo ấn tượng với người dùng công nghệ với những mẫu smartphone đầy chất lượng so với mức giá. Mới đây, hãng vừa trình làng sản phẩm mới đó là <strong>Redmi Note 11S</strong> &#8211; hứa hẹn sẽ là mẫu smartphone nổi trội trong phân khúc tầm trung.</p>
<p>Tham khảo ngay <a href="https://cellphones.com.vn/xiaomi-redmi-note-11-pro-plus.html">Điện thoại Redmi Note 11 Pro Plus</a> với mức giá hấp dẫn, ưu đãi khủng được bán độc quyền tại hệ thống CellphoneS.</p>
<h3><strong>Mỏng nhẹ thời trang, màn hình 90 Hz cuốn hút</strong></h3>
<p>Tiếp nối thành công từ Note 10S trước đó, Xiaomi Redmi Note 11S được thiết kế mỏng nhẹ, linh hoạt và gọn tay cầm. Phần viền máy được dát phẳng cùng với mặt lưng trơn tối giản góp phần làm nên vẻ tinh tế cho Redmi Note 11S. Nhiều tùy chọn màu sắc khác nhau cũng giúp tạo nét thời trang cuốn hút cho tổng thể máy.</p>
<p><img decoding="async" src="https://cdn2.cellphones.com.vn/x,webp,q100/media/wysiwyg/Phone/Xiaomi/Redmi/NOte/xiaomi-redmi-note-11s-3.jpg" alt="Mỏng nhẹ thời trang, màn hình 90 Hz cuốn hút" /></p>
<p>Xiaomi Redmi Note 11S trang bị màn hình đáp ứng trọn vẹn giải trí như gaming hoặc xem phim thỏa thích. Màn hình Redmi Note 11S sử dụng tấm nền AMOLED và hỗ trợ tần số quét chuẩn lên đến 90 Hz cho ảnh mượt và chân thực. Đặc biệt, Xiaomi cũng trang bị chế độ đọc 3.0 giúp giảm mỏi mắt khi sử dụng liên tục.</p>
<p><img decoding="async" src="https://cdn2.cellphones.com.vn/x,webp,q100/media/wysiwyg/Phone/Xiaomi/Redmi/NOte/xiaomi-redmi-note-11s-6.jpg" alt="Màn hình Redmi Note 11S sử dụng tấm nền AMOLED" /></p>
<h3><strong>Camera chụp ảnh 108 MP chụp ảnh cao cấp</strong></h3>
<p>Được nâng cấp lớn so với model trước, Xiaomi Redmi Note 11S trang bị hệ thống camera bốn ống kính với camera chính đạt độ phân giải tận 108 MP cho ảnh chụp phong cảnh tuyệt nét. Ba camera còn lại giúp Redmi Note 11S thực hiện các tính năng chụp cao cấp như góc siêu rộng, chụp macro, và chụp xóa phông chiều sâu. Hệ thống camera này còn cho phép bạn quay video độ phân giải đến 4K hoặc tốc độ khung hình đến 960 fps.</p>
<p><img decoding="async" src="https://cdn2.cellphones.com.vn/x,webp,q100/media/wysiwyg/Phone/Xiaomi/Redmi/NOte/xiaomi-redmi-note-11s-7.jpg" alt="Camera chụp ảnh 108 MP chụp ảnh cao cấp" /></p>
<p>Điện thoại Xiaomi Redmi Note 11S cũng được trang bị camera selfie 16 MP nằm trong thiết kế nốt ruồi. Camera selfie này còn được hỗ trợ tính năng làm đẹp tự động, giúp mang lại những bức ảnh bắt mắt và ảo diệu cho người dùng Redmi Note 11S.</p>
<h3><strong>Cấu hình phù hợp cho giải trí</strong></h3>
<p><strong>Xiaomi Redmi Note 11S</strong> trang bị bộ CPU MediaTek được thiết kế tập trung vào khả năng tối ưu hiệu năng gaming, giúp bạn chiến game thỏa thích ở thiết lập đồ họa cao. Xiaomi Redmi Note 11S còn được trang bị hệ thống loa ngoài kép giúp tái tạo âm thanh lớn ở diện rộng, đưa bạn bước vào thế giới game sôi động. Chiếc máy cũng trang bị cổng 3.5mm cho các loại tai nghe có dây truyền thống.</p>
<p><img decoding="async" src="https://cdn2.cellphones.com.vn/x,webp,q100/media/wysiwyg/Phone/Xiaomi/Redmi/NOte/xiaomi-redmi-note-11s-5.jpg" alt="Cấu hình phù hợp cho giải trí" /></p>
<p>Điện thoại Xiaomi Redmi Note 11S được trang bị bộ nớ RAM 5GB cùng với bộ nhớ trong dung lượng 64GB. Máy sẽ vận hành sẵn giao diện riêng của Xiaomi &#8211; MIUI 13 trên nền Android 11. Phương thức bảo mật chính của máy là bảo mật vân tay, với vùng cảm biến hiện diện ở phím cạnh của thân máy.</p><p>The post <a href="http://https://github.com/lekhanhluan/lekhanhluan.github.io.git/san-pham/hoodie-with-zipper/">Xiaomi Redmi Note 11S</a> first appeared on <a href="http://https://github.com/lekhanhluan/lekhanhluan.github.io.git">Luan FastFood</a>.</p>]]></content:encoded>
					
					<wfw:commentRss>http://https://github.com/lekhanhluan/lekhanhluan.github.io.git/san-pham/hoodie-with-zipper/feed/</wfw:commentRss>
			<slash:comments>0</slash:comments>
		
		
			</item>
	</channel>
</rss>
