<?xml version="1.0" encoding="UTF-8"?><rss version="2.0"
	xmlns:content="http://purl.org/rss/1.0/modules/content/"
	xmlns:dc="http://purl.org/dc/elements/1.1/"
	xmlns:atom="http://www.w3.org/2005/Atom"
	xmlns:sy="http://purl.org/rss/1.0/modules/syndication/"
	
	>
<channel>
	<title>
	Các phản hồi luận về: Liên hệ chúng tôi	</title>
	<atom:link href="http://https://github.com/lekhanhluan/lekhanhluan.github.io.git/2023/05/27/lien-he-chung-toi/feed/" rel="self" type="application/rss+xml" />
	<link>http://https://github.com/lekhanhluan/lekhanhluan.github.io.git/2023/05/27/lien-he-chung-toi/?utm_source=rss#038;utm_medium=rss&#038;utm_campaign=lien-he-chung-toi</link>
	<description></description>
	<lastBuildDate>Sat, 27 May 2023 08:43:23 +0000</lastBuildDate>
	<sy:updatePeriod>
	hourly	</sy:updatePeriod>
	<sy:updateFrequency>
	1	</sy:updateFrequency>
	<generator>https://wordpress.org/?v=6.2.2</generator>
</channel>
</rss>
