<?xml version="1.0" encoding="UTF-8"?><rss version="2.0"
	xmlns:content="http://purl.org/rss/1.0/modules/content/"
	xmlns:wfw="http://wellformedweb.org/CommentAPI/"
	xmlns:dc="http://purl.org/dc/elements/1.1/"
	xmlns:atom="http://www.w3.org/2005/Atom"
	xmlns:sy="http://purl.org/rss/1.0/modules/syndication/"
	xmlns:slash="http://purl.org/rss/1.0/modules/slash/"
	>

<channel>
	<title>hoodie - Luan FastFood</title>
	<atom:link href="http://https://github.com/lekhanhluan/lekhanhluan.github.io.git/tu-khoa-san-pham/hoodie/feed/" rel="self" type="application/rss+xml" />
	<link>http://https://github.com/lekhanhluan/lekhanhluan.github.io.git</link>
	<description></description>
	<lastBuildDate>Thu, 25 May 2023 09:33:40 +0000</lastBuildDate>
	<language>vi</language>
	<sy:updatePeriod>
	hourly	</sy:updatePeriod>
	<sy:updateFrequency>
	1	</sy:updateFrequency>
	<generator>https://wordpress.org/?v=6.2.2</generator>
	<item>
		<title>Xiaomi Poco F4 60GB</title>
		<link>http://https://github.com/lekhanhluan/lekhanhluan.github.io.git/san-pham/xiaomi-poco-f4-60gb/?utm_source=rss#038;utm_medium=rss&#038;utm_campaign=xiaomi-poco-f4-60gb</link>
					<comments>http://https://github.com/lekhanhluan/lekhanhluan.github.io.git/san-pham/xiaomi-poco-f4-60gb/#respond</comments>
		
		<dc:creator><![CDATA[lekhanhluan]]></dc:creator>
		<pubDate>Thu, 25 May 2023 09:31:55 +0000</pubDate>
				<guid isPermaLink="false">http://https://github.com/lekhanhluan/lekhanhluan.github.io.git/?post_type=product#038;p=728</guid>

					<description><![CDATA[<h2 class="ksp-title has-text-centered" style="text-align: center;">ĐẶC ĐIỂM NỔI BẬT</h2>
<div>
<ul>
<li>Hiển thị sắc nét, cảm ứng mượt mà - Màn hình AMOLED 6,67 inch, FHD+ và tần số quét 120Hz</li>
<li>Bộ xử lí mạnh mẽ, cân mọi tựa game - Chip Snapdragon 870 5G, 6GB RAM</li>
<li>Năng lượng bất tận, làm chủ cuộc chơi - Viên pin 4500 mAh, sạc nhanh 67W</li>
<li>Bộ camera ấn tượng với camera chính lên đến 64MP, cùng đa dạng chế độ chụp</li>
</ul>
</div>
<p>The post <a href="http://https://github.com/lekhanhluan/lekhanhluan.github.io.git/san-pham/xiaomi-poco-f4-60gb/">Xiaomi Poco F4 60GB</a> first appeared on <a href="http://https://github.com/lekhanhluan/lekhanhluan.github.io.git">Luan FastFood</a>.</p>]]></description>
										<content:encoded><![CDATA[<h2><strong>Đánh giá điện thoại Xiaomi Poco F4 – Thiết kế mạnh mẽ, hiệu năng vượt trội</strong></h2>
<p><a title="Xiaomi Poco F4" href="https://cellphones.com.vn/xiaomi-poco-f4.html"><strong>Xiaomi Poco F4</strong></a> sản phẩm làm nhiều tính đồ công nghệ mong chờ, với thiết kế và hiệu năng nổi bật, mang sự đặt biệt của thương hiệu <a title="Điện thoại Xiaomi chính hãng" href="https://cellphones.com.vn/mobile/hang-sap-ve/xiaomi.html" target="_self" rel="noopener">điện thoại Xiaomi</a>. Poco 4 đã được hoàn thiện trong quá trình sản xuất và đưa ra thị trường sau một thời gian dài, chắc chắn sẽ không khiến người dùng thất vọng về cả giá tiền và chất lượng mà máy mang lại.</p>
<p>Cùng tìm hiểu tổng quát về diện mạo và hiệu năng của <strong>Xiaomi Poco F4</strong> để biết được lý do tại sao mà nhiều người dùng chờ đợi để sở hữu thiết bị này.</p>
<h3><strong>Thiết kế Xiaomi Poco F4 sang trọng</strong></h3>
<blockquote><p><strong>Xiaomi Poco F4</strong> với thiết kế khác hoàn toàn so với những máy tiền nhiệm trước đây. Với cạnh viền vuông tạo nên sự mạnh mẽ, cá tính, không kém phần sang trọng, tạo sự thú vị khác biệt với nhiều sản phẩm điện thoại cùng phân khúc hiện nay.</p></blockquote>
<p><img decoding="async" src="https://cdn2.cellphones.com.vn/x,webp,q100/media/wysiwyg/Phone/Xiaomi/Poco/POCO-F4-5G-3.jpg" alt="Đánh giá điện thoại Xiaomi Poco F4 – Thiết kế mạnh mẽ, hiệu năng vượt trội" /></p>
<p>Camera sắc nét ấn tượng giúp người dùng nắm bắt từng khoảnh khắc nhờ máy ảnh selfie là 20MP, rõ ràng, sinh động.</p>
<p>Ngoài ra, sản phẩm với hệ thống có ba camera, gọn gàng, không chiếm diện tích của máy, phía sau còn gồm có cảm biến chính lên đến 64MP. Phóng tầm nhìn với góc rộng là 8MP và kèm theo là camera macro 2MP, tạo cảm giác rõ nét, rộng hơn khi chụp ảnh.</p>
<p>Xiaomi Poco F4 được khởi động với giao diện là MIUI 13 dựa trên nền tảng Android 12, ra mắt với phiên bản đổi tên của dòng máy Redmi K40, đây là tin đồn của nhiều người về sản phẩm này.</p>
<h3><strong>Hiệu năng Poco F4 vượt trội</strong></h3>
<blockquote><p>Bên cạnh thiết kế, người dùng quan tâm hơn đó là hiệu năng máy, <strong>POCO F4</strong> sẽ khởi động dựa trên hệ điều hành Android 12 với chipset Qualcomm Snapdragon 870 tạo sự mạnh mẽ cho máy. Đây chính là phần người dùng bỏ tiền ra vô cùng xứng đáng. Khi chơi game sẽ giảm độ trễ đi rất nhiều thay vào đó là sự nhanh nhẹn, chiến thắng dễ dàng hơn, giống với sản phẩm tiền nhiệm trước là POCO F3. Ngoài ra, Chipset còn được ghép nối RAM LPDDR5 và cả bộ nhớ trong là UFS 3.1.</p></blockquote>
<p><img decoding="async" src="https://cdn2.cellphones.com.vn/x,webp,q100/media/wysiwyg/Phone/Xiaomi/Poco/POCO-F4-5G-2.jpg" alt="Đánh giá điện thoại Xiaomi Poco F4 – Thiết kế mạnh mẽ, hiệu năng vượt trội" /></p>
<p><strong>Xiaomi Poco F4</strong> sẽ có các phiên bản RAM lớn giúp người dùng lưu trữ nhiều thông tin, không lo lắng nhanh hết dung lượng khi đang sử dụng. Với bộ nhớ dung lượng lớn, có hai phiên bản 8GB/128GB và 12GB/256GB.</p>
<h3><strong>Thời lượng pin cho phép sử dụng cả ngày</strong></h3>
<blockquote><p><strong>Xiaomi Poco F4</strong> còn có thời lượng <strong>pin 4,500 mAh</strong>, người dùng tha hồ lướt web, chơi game giải trí hay làm việc cả một ngày dài mà không lo lắng hết pin giữa chừng, bên cạnh đó sản phẩm còn kết hợp hỗ trợ sạc nhanh lên đến 67W để sạc pin ngay khi cần đến.</p></blockquote>
<p><img decoding="async" src="https://cdn2.cellphones.com.vn/x,webp,q100/media/wysiwyg/Phone/Xiaomi/Poco/POCO-F4-5G-1.jpg" alt="Đánh giá điện thoại Xiaomi Poco F4 – Thiết kế mạnh mẽ, hiệu năng vượt trội" /></p>
<h3><strong>Tốc độ nhanh nhạy</strong></h3>
<blockquote><p><strong>POCO F4</strong> có độ phân giải full HD+, tốc độ nhanh nhạy khiến người dùng phải kinh ngạc bởi đồ họa chân thực, sống động với màn hình khá rộng. Kết hợp với con chip tầm trung mạnh mẽ, hiệu suất cao tạo trải nghiệm tốt nhất dành đến cho người dùng.</p></blockquote>
<p><img decoding="async" src="https://cdn2.cellphones.com.vn/x,webp,q100/media/wysiwyg/Phone/Xiaomi/Poco/POCO-F4-5G-6.jpg" alt="Đánh giá điện thoại Xiaomi Poco F4 – Thiết kế mạnh mẽ, hiệu năng vượt trội" /></p>
<p>Sản phẩm Xiaomi Poco F4 được hoàn thiện dần và với tần số quét lên đến 120Hz, Sử dụng tấm nền AMOLED tạo khả năng tối sử khi chơi game, hiệu ứng chuyển cảnh nhanh chóng, hứa hẹn sẽ mang đến cho người sử dụng những giây phút mượt mà, nhanh chóng hơn khi chiến trong game hay nghe nhạc, xem phim.</p>
<h2><strong>Mua ngay Xiaomi Poco F4 chất lượng tại CellphoneS</strong></h2>
<p>Bạn đang có ý định mua Xiaomi Poco F4 nhưng không biết nơi nào giá tốt, sợ mua phải hàng giả, hàng đểu. Đừng lo lắng về điều này, hãy đến ngay CellphoneS gồm nhiều chi nhánh và có tiếng về nhập hàng chính hãng, giá cả phải chăng, dịch vụ tốt kèm theo đó là nhiều ưu đãi, bảo hành để bảo đảm quyền lợi của khách hàng.</p>
<h2><strong>Các câu hỏi thường gặp</strong></h2>
<p>POCO F4 có thể đáp ứng các nhu cầu sử dụng cơ bản, phù hợp với học sinh, sinh viên hoặc những ai sử dụng các tác vụ cơ bản như xem phim, nghe nhạc, nhắn tin, gọi video call,&#8230; Khi có bất cứ câu hỏi nào về Xiaomi POCO F4, quý khách đừng ngại ngần liên hệ ngay với CellphoneS qua số điện thoại 1800.2097, Fanpage CellphoneS hoặc nhắn tin trò truyện ngay trên Website với tư vấn viên để được giải đáp nhanh chóng nhất!</p><p>The post <a href="http://https://github.com/lekhanhluan/lekhanhluan.github.io.git/san-pham/xiaomi-poco-f4-60gb/">Xiaomi Poco F4 60GB</a> first appeared on <a href="http://https://github.com/lekhanhluan/lekhanhluan.github.io.git">Luan FastFood</a>.</p>]]></content:encoded>
					
					<wfw:commentRss>http://https://github.com/lekhanhluan/lekhanhluan.github.io.git/san-pham/xiaomi-poco-f4-60gb/feed/</wfw:commentRss>
			<slash:comments>0</slash:comments>
		
		
			</item>
		<item>
		<title>Xiaomi Poco F4</title>
		<link>http://https://github.com/lekhanhluan/lekhanhluan.github.io.git/san-pham/cap/?utm_source=rss#038;utm_medium=rss&#038;utm_campaign=cap</link>
					<comments>http://https://github.com/lekhanhluan/lekhanhluan.github.io.git/san-pham/cap/#respond</comments>
		
		<dc:creator><![CDATA[lekhanhluan]]></dc:creator>
		<pubDate>Wed, 16 Jan 2019 13:01:53 +0000</pubDate>
				<guid isPermaLink="false">https://woocommercecore.mystagingwebsite.com/product/cap/</guid>

					<description><![CDATA[<h2 class="ksp-title has-text-centered" style="text-align: center;">ĐẶC ĐIỂM NỔI BẬT</h2>
<div>
<ul>
<li>Hiển thị sắc nét, cảm ứng mượt mà - Màn hình AMOLED 6,67 inch, FHD+ và tần số quét 120Hz</li>
<li>Bộ xử lí mạnh mẽ, cân mọi tựa game - Chip Snapdragon 870 5G, 6GB RAM</li>
<li>Năng lượng bất tận, làm chủ cuộc chơi - Viên pin 4500 mAh, sạc nhanh 67W</li>
<li>Bộ camera ấn tượng với camera chính lên đến 64MP, cùng đa dạng chế độ chụp</li>
</ul>
</div>
<p>The post <a href="http://https://github.com/lekhanhluan/lekhanhluan.github.io.git/san-pham/cap/">Xiaomi Poco F4</a> first appeared on <a href="http://https://github.com/lekhanhluan/lekhanhluan.github.io.git">Luan FastFood</a>.</p>]]></description>
										<content:encoded><![CDATA[<h2><strong>Đánh giá điện thoại Xiaomi Poco F4 – Thiết kế mạnh mẽ, hiệu năng vượt trội</strong></h2>
<p><a title="Xiaomi Poco F4" href="https://cellphones.com.vn/xiaomi-poco-f4.html"><strong>Xiaomi Poco F4</strong></a> sản phẩm làm nhiều tính đồ công nghệ mong chờ, với thiết kế và hiệu năng nổi bật, mang sự đặt biệt của thương hiệu <a title="Điện thoại Xiaomi chính hãng" href="https://cellphones.com.vn/mobile/hang-sap-ve/xiaomi.html" target="_self" rel="noopener">điện thoại Xiaomi</a>. Poco 4 đã được hoàn thiện trong quá trình sản xuất và đưa ra thị trường sau một thời gian dài, chắc chắn sẽ không khiến người dùng thất vọng về cả giá tiền và chất lượng mà máy mang lại.</p>
<p>Cùng tìm hiểu tổng quát về diện mạo và hiệu năng của <strong>Xiaomi Poco F4</strong> để biết được lý do tại sao mà nhiều người dùng chờ đợi để sở hữu thiết bị này.</p>
<h3><strong>Thiết kế Xiaomi Poco F4 sang trọng</strong></h3>
<blockquote><p><strong>Xiaomi Poco F4</strong> với thiết kế khác hoàn toàn so với những máy tiền nhiệm trước đây. Với cạnh viền vuông tạo nên sự mạnh mẽ, cá tính, không kém phần sang trọng, tạo sự thú vị khác biệt với nhiều sản phẩm điện thoại cùng phân khúc hiện nay.</p></blockquote>
<p><img decoding="async" src="https://cdn2.cellphones.com.vn/x,webp,q100/media/wysiwyg/Phone/Xiaomi/Poco/POCO-F4-5G-3.jpg" alt="Đánh giá điện thoại Xiaomi Poco F4 – Thiết kế mạnh mẽ, hiệu năng vượt trội" /></p>
<p>Camera sắc nét ấn tượng giúp người dùng nắm bắt từng khoảnh khắc nhờ máy ảnh selfie là 20MP, rõ ràng, sinh động.</p>
<p>Ngoài ra, sản phẩm với hệ thống có ba camera, gọn gàng, không chiếm diện tích của máy, phía sau còn gồm có cảm biến chính lên đến 64MP. Phóng tầm nhìn với góc rộng là 8MP và kèm theo là camera macro 2MP, tạo cảm giác rõ nét, rộng hơn khi chụp ảnh.</p>
<p>Xiaomi Poco F4 được khởi động với giao diện là MIUI 13 dựa trên nền tảng Android 12, ra mắt với phiên bản đổi tên của dòng máy Redmi K40, đây là tin đồn của nhiều người về sản phẩm này.</p>
<h3><strong>Hiệu năng Poco F4 vượt trội</strong></h3>
<blockquote><p>Bên cạnh thiết kế, người dùng quan tâm hơn đó là hiệu năng máy, <strong>POCO F4</strong> sẽ khởi động dựa trên hệ điều hành Android 12 với chipset Qualcomm Snapdragon 870 tạo sự mạnh mẽ cho máy. Đây chính là phần người dùng bỏ tiền ra vô cùng xứng đáng. Khi chơi game sẽ giảm độ trễ đi rất nhiều thay vào đó là sự nhanh nhẹn, chiến thắng dễ dàng hơn, giống với sản phẩm tiền nhiệm trước là POCO F3. Ngoài ra, Chipset còn được ghép nối RAM LPDDR5 và cả bộ nhớ trong là UFS 3.1.</p></blockquote>
<p><img decoding="async" src="https://cdn2.cellphones.com.vn/x,webp,q100/media/wysiwyg/Phone/Xiaomi/Poco/POCO-F4-5G-2.jpg" alt="Đánh giá điện thoại Xiaomi Poco F4 – Thiết kế mạnh mẽ, hiệu năng vượt trội" /></p>
<p><strong>Xiaomi Poco F4</strong> sẽ có các phiên bản RAM lớn giúp người dùng lưu trữ nhiều thông tin, không lo lắng nhanh hết dung lượng khi đang sử dụng. Với bộ nhớ dung lượng lớn, có hai phiên bản 8GB/128GB và 12GB/256GB.</p>
<h3><strong>Thời lượng pin cho phép sử dụng cả ngày</strong></h3>
<blockquote><p><strong>Xiaomi Poco F4</strong> còn có thời lượng <strong>pin 4,500 mAh</strong>, người dùng tha hồ lướt web, chơi game giải trí hay làm việc cả một ngày dài mà không lo lắng hết pin giữa chừng, bên cạnh đó sản phẩm còn kết hợp hỗ trợ sạc nhanh lên đến 67W để sạc pin ngay khi cần đến.</p></blockquote>
<p><img decoding="async" src="https://cdn2.cellphones.com.vn/x,webp,q100/media/wysiwyg/Phone/Xiaomi/Poco/POCO-F4-5G-1.jpg" alt="Đánh giá điện thoại Xiaomi Poco F4 – Thiết kế mạnh mẽ, hiệu năng vượt trội" /></p>
<h3><strong>Tốc độ nhanh nhạy</strong></h3>
<blockquote><p><strong>POCO F4</strong> có độ phân giải full HD+, tốc độ nhanh nhạy khiến người dùng phải kinh ngạc bởi đồ họa chân thực, sống động với màn hình khá rộng. Kết hợp với con chip tầm trung mạnh mẽ, hiệu suất cao tạo trải nghiệm tốt nhất dành đến cho người dùng.</p></blockquote>
<p><img decoding="async" src="https://cdn2.cellphones.com.vn/x,webp,q100/media/wysiwyg/Phone/Xiaomi/Poco/POCO-F4-5G-6.jpg" alt="Đánh giá điện thoại Xiaomi Poco F4 – Thiết kế mạnh mẽ, hiệu năng vượt trội" /></p>
<p>Sản phẩm Xiaomi Poco F4 được hoàn thiện dần và với tần số quét lên đến 120Hz, Sử dụng tấm nền AMOLED tạo khả năng tối sử khi chơi game, hiệu ứng chuyển cảnh nhanh chóng, hứa hẹn sẽ mang đến cho người sử dụng những giây phút mượt mà, nhanh chóng hơn khi chiến trong game hay nghe nhạc, xem phim.</p>
<h2><strong>Mua ngay Xiaomi Poco F4 chất lượng tại CellphoneS</strong></h2>
<p>Bạn đang có ý định mua Xiaomi Poco F4 nhưng không biết nơi nào giá tốt, sợ mua phải hàng giả, hàng đểu. Đừng lo lắng về điều này, hãy đến ngay CellphoneS gồm nhiều chi nhánh và có tiếng về nhập hàng chính hãng, giá cả phải chăng, dịch vụ tốt kèm theo đó là nhiều ưu đãi, bảo hành để bảo đảm quyền lợi của khách hàng.</p>
<h2><strong>Các câu hỏi thường gặp</strong></h2>
<p>POCO F4 có thể đáp ứng các nhu cầu sử dụng cơ bản, phù hợp với học sinh, sinh viên hoặc những ai sử dụng các tác vụ cơ bản như xem phim, nghe nhạc, nhắn tin, gọi video call,&#8230; Khi có bất cứ câu hỏi nào về Xiaomi POCO F4, quý khách đừng ngại ngần liên hệ ngay với CellphoneS qua số điện thoại 1800.2097, Fanpage CellphoneS hoặc nhắn tin trò truyện ngay trên Website với tư vấn viên để được giải đáp nhanh chóng nhất!</p><p>The post <a href="http://https://github.com/lekhanhluan/lekhanhluan.github.io.git/san-pham/cap/">Xiaomi Poco F4</a> first appeared on <a href="http://https://github.com/lekhanhluan/lekhanhluan.github.io.git">Luan FastFood</a>.</p>]]></content:encoded>
					
					<wfw:commentRss>http://https://github.com/lekhanhluan/lekhanhluan.github.io.git/san-pham/cap/feed/</wfw:commentRss>
			<slash:comments>0</slash:comments>
		
		
			</item>
		<item>
		<title>T-Shirt</title>
		<link>http://https://github.com/lekhanhluan/lekhanhluan.github.io.git/san-pham/t-shirt/?utm_source=rss#038;utm_medium=rss&#038;utm_campaign=t-shirt</link>
					<comments>http://https://github.com/lekhanhluan/lekhanhluan.github.io.git/san-pham/t-shirt/#respond</comments>
		
		<dc:creator><![CDATA[lekhanhluan]]></dc:creator>
		<pubDate>Wed, 16 Jan 2019 13:01:52 +0000</pubDate>
				<guid isPermaLink="false">https://woocommercecore.mystagingwebsite.com/product/t-shirt/</guid>

					<description><![CDATA[<p>Pellentesque habitant morbi tristique senectus et netus et malesuada fames ac turpis egestas. Vestibulum tortor quam, feugiat vitae, ultricies eget, tempor sit amet, ante. Donec eu libero sit amet quam egestas semper. Aenean ultricies mi vitae est. Mauris placerat eleifend leo.</p>
<p>The post <a href="http://https://github.com/lekhanhluan/lekhanhluan.github.io.git/san-pham/t-shirt/">T-Shirt</a> first appeared on <a href="http://https://github.com/lekhanhluan/lekhanhluan.github.io.git">Luan FastFood</a>.</p>]]></description>
										<content:encoded><![CDATA[<p>Pellentesque habitant morbi tristique senectus et netus et malesuada fames ac turpis egestas. Vestibulum tortor quam, feugiat vitae, ultricies eget, tempor sit amet, ante. Donec eu libero sit amet quam egestas semper. Aenean ultricies mi vitae est. Mauris placerat eleifend leo.</p><p>The post <a href="http://https://github.com/lekhanhluan/lekhanhluan.github.io.git/san-pham/t-shirt/">T-Shirt</a> first appeared on <a href="http://https://github.com/lekhanhluan/lekhanhluan.github.io.git">Luan FastFood</a>.</p>]]></content:encoded>
					
					<wfw:commentRss>http://https://github.com/lekhanhluan/lekhanhluan.github.io.git/san-pham/t-shirt/feed/</wfw:commentRss>
			<slash:comments>0</slash:comments>
		
		
			</item>
	</channel>
</rss>
