<?xml version="1.0" encoding="UTF-8"?><rss version="2.0"
	xmlns:content="http://purl.org/rss/1.0/modules/content/"
	xmlns:dc="http://purl.org/dc/elements/1.1/"
	xmlns:atom="http://www.w3.org/2005/Atom"
	xmlns:sy="http://purl.org/rss/1.0/modules/syndication/"
	
	>
<channel>
	<title>
	Các phản hồi luận về: shop together: Do You Really Need It? This Will Help You Decide!	</title>
	<atom:link href="http://https://github.com/lekhanhluan/lekhanhluan.github.io.git/2019/07/15/shop-together-do-you-really-need-it-this-will-help-you-decide/feed/" rel="self" type="application/rss+xml" />
	<link>http://https://github.com/lekhanhluan/lekhanhluan.github.io.git/2019/07/15/shop-together-do-you-really-need-it-this-will-help-you-decide/?utm_source=rss#038;utm_medium=rss&#038;utm_campaign=shop-together-do-you-really-need-it-this-will-help-you-decide</link>
	<description></description>
	<lastBuildDate>Mon, 15 Jul 2019 11:37:37 +0000</lastBuildDate>
	<sy:updatePeriod>
	hourly	</sy:updatePeriod>
	<sy:updateFrequency>
	1	</sy:updateFrequency>
	<generator>https://wordpress.org/?v=6.2.2</generator>
</channel>
</rss>
