<?xml version="1.0" encoding="UTF-8"?><rss version="2.0"
	xmlns:content="http://purl.org/rss/1.0/modules/content/"
	xmlns:wfw="http://wellformedweb.org/CommentAPI/"
	xmlns:dc="http://purl.org/dc/elements/1.1/"
	xmlns:atom="http://www.w3.org/2005/Atom"
	xmlns:sy="http://purl.org/rss/1.0/modules/syndication/"
	xmlns:slash="http://purl.org/rss/1.0/modules/slash/"
	>

<channel>
	<title>Xiaomi - Luan FastFood</title>
	<atom:link href="http://https://github.com/lekhanhluan/lekhanhluan.github.io.git/danh-muc-san-pham/xiaomi/feed/" rel="self" type="application/rss+xml" />
	<link>http://https://github.com/lekhanhluan/lekhanhluan.github.io.git</link>
	<description></description>
	<lastBuildDate>Thu, 25 May 2023 09:33:40 +0000</lastBuildDate>
	<language>vi</language>
	<sy:updatePeriod>
	hourly	</sy:updatePeriod>
	<sy:updateFrequency>
	1	</sy:updateFrequency>
	<generator>https://wordpress.org/?v=6.2.2</generator>
	<item>
		<title>Xiaomi Poco F4 60GB</title>
		<link>http://https://github.com/lekhanhluan/lekhanhluan.github.io.git/san-pham/xiaomi-poco-f4-60gb/?utm_source=rss#038;utm_medium=rss&#038;utm_campaign=xiaomi-poco-f4-60gb</link>
					<comments>http://https://github.com/lekhanhluan/lekhanhluan.github.io.git/san-pham/xiaomi-poco-f4-60gb/#respond</comments>
		
		<dc:creator><![CDATA[lekhanhluan]]></dc:creator>
		<pubDate>Thu, 25 May 2023 09:31:55 +0000</pubDate>
				<guid isPermaLink="false">http://https://github.com/lekhanhluan/lekhanhluan.github.io.git/?post_type=product#038;p=728</guid>

					<description><![CDATA[<h2 class="ksp-title has-text-centered" style="text-align: center;">ĐẶC ĐIỂM NỔI BẬT</h2>
<div>
<ul>
<li>Hiển thị sắc nét, cảm ứng mượt mà - Màn hình AMOLED 6,67 inch, FHD+ và tần số quét 120Hz</li>
<li>Bộ xử lí mạnh mẽ, cân mọi tựa game - Chip Snapdragon 870 5G, 6GB RAM</li>
<li>Năng lượng bất tận, làm chủ cuộc chơi - Viên pin 4500 mAh, sạc nhanh 67W</li>
<li>Bộ camera ấn tượng với camera chính lên đến 64MP, cùng đa dạng chế độ chụp</li>
</ul>
</div>
<p>The post <a href="http://https://github.com/lekhanhluan/lekhanhluan.github.io.git/san-pham/xiaomi-poco-f4-60gb/">Xiaomi Poco F4 60GB</a> first appeared on <a href="http://https://github.com/lekhanhluan/lekhanhluan.github.io.git">Luan FastFood</a>.</p>]]></description>
										<content:encoded><![CDATA[<h2><strong>Đánh giá điện thoại Xiaomi Poco F4 – Thiết kế mạnh mẽ, hiệu năng vượt trội</strong></h2>
<p><a title="Xiaomi Poco F4" href="https://cellphones.com.vn/xiaomi-poco-f4.html"><strong>Xiaomi Poco F4</strong></a> sản phẩm làm nhiều tính đồ công nghệ mong chờ, với thiết kế và hiệu năng nổi bật, mang sự đặt biệt của thương hiệu <a title="Điện thoại Xiaomi chính hãng" href="https://cellphones.com.vn/mobile/hang-sap-ve/xiaomi.html" target="_self" rel="noopener">điện thoại Xiaomi</a>. Poco 4 đã được hoàn thiện trong quá trình sản xuất và đưa ra thị trường sau một thời gian dài, chắc chắn sẽ không khiến người dùng thất vọng về cả giá tiền và chất lượng mà máy mang lại.</p>
<p>Cùng tìm hiểu tổng quát về diện mạo và hiệu năng của <strong>Xiaomi Poco F4</strong> để biết được lý do tại sao mà nhiều người dùng chờ đợi để sở hữu thiết bị này.</p>
<h3><strong>Thiết kế Xiaomi Poco F4 sang trọng</strong></h3>
<blockquote><p><strong>Xiaomi Poco F4</strong> với thiết kế khác hoàn toàn so với những máy tiền nhiệm trước đây. Với cạnh viền vuông tạo nên sự mạnh mẽ, cá tính, không kém phần sang trọng, tạo sự thú vị khác biệt với nhiều sản phẩm điện thoại cùng phân khúc hiện nay.</p></blockquote>
<p><img decoding="async" src="https://cdn2.cellphones.com.vn/x,webp,q100/media/wysiwyg/Phone/Xiaomi/Poco/POCO-F4-5G-3.jpg" alt="Đánh giá điện thoại Xiaomi Poco F4 – Thiết kế mạnh mẽ, hiệu năng vượt trội" /></p>
<p>Camera sắc nét ấn tượng giúp người dùng nắm bắt từng khoảnh khắc nhờ máy ảnh selfie là 20MP, rõ ràng, sinh động.</p>
<p>Ngoài ra, sản phẩm với hệ thống có ba camera, gọn gàng, không chiếm diện tích của máy, phía sau còn gồm có cảm biến chính lên đến 64MP. Phóng tầm nhìn với góc rộng là 8MP và kèm theo là camera macro 2MP, tạo cảm giác rõ nét, rộng hơn khi chụp ảnh.</p>
<p>Xiaomi Poco F4 được khởi động với giao diện là MIUI 13 dựa trên nền tảng Android 12, ra mắt với phiên bản đổi tên của dòng máy Redmi K40, đây là tin đồn của nhiều người về sản phẩm này.</p>
<h3><strong>Hiệu năng Poco F4 vượt trội</strong></h3>
<blockquote><p>Bên cạnh thiết kế, người dùng quan tâm hơn đó là hiệu năng máy, <strong>POCO F4</strong> sẽ khởi động dựa trên hệ điều hành Android 12 với chipset Qualcomm Snapdragon 870 tạo sự mạnh mẽ cho máy. Đây chính là phần người dùng bỏ tiền ra vô cùng xứng đáng. Khi chơi game sẽ giảm độ trễ đi rất nhiều thay vào đó là sự nhanh nhẹn, chiến thắng dễ dàng hơn, giống với sản phẩm tiền nhiệm trước là POCO F3. Ngoài ra, Chipset còn được ghép nối RAM LPDDR5 và cả bộ nhớ trong là UFS 3.1.</p></blockquote>
<p><img decoding="async" src="https://cdn2.cellphones.com.vn/x,webp,q100/media/wysiwyg/Phone/Xiaomi/Poco/POCO-F4-5G-2.jpg" alt="Đánh giá điện thoại Xiaomi Poco F4 – Thiết kế mạnh mẽ, hiệu năng vượt trội" /></p>
<p><strong>Xiaomi Poco F4</strong> sẽ có các phiên bản RAM lớn giúp người dùng lưu trữ nhiều thông tin, không lo lắng nhanh hết dung lượng khi đang sử dụng. Với bộ nhớ dung lượng lớn, có hai phiên bản 8GB/128GB và 12GB/256GB.</p>
<h3><strong>Thời lượng pin cho phép sử dụng cả ngày</strong></h3>
<blockquote><p><strong>Xiaomi Poco F4</strong> còn có thời lượng <strong>pin 4,500 mAh</strong>, người dùng tha hồ lướt web, chơi game giải trí hay làm việc cả một ngày dài mà không lo lắng hết pin giữa chừng, bên cạnh đó sản phẩm còn kết hợp hỗ trợ sạc nhanh lên đến 67W để sạc pin ngay khi cần đến.</p></blockquote>
<p><img decoding="async" src="https://cdn2.cellphones.com.vn/x,webp,q100/media/wysiwyg/Phone/Xiaomi/Poco/POCO-F4-5G-1.jpg" alt="Đánh giá điện thoại Xiaomi Poco F4 – Thiết kế mạnh mẽ, hiệu năng vượt trội" /></p>
<h3><strong>Tốc độ nhanh nhạy</strong></h3>
<blockquote><p><strong>POCO F4</strong> có độ phân giải full HD+, tốc độ nhanh nhạy khiến người dùng phải kinh ngạc bởi đồ họa chân thực, sống động với màn hình khá rộng. Kết hợp với con chip tầm trung mạnh mẽ, hiệu suất cao tạo trải nghiệm tốt nhất dành đến cho người dùng.</p></blockquote>
<p><img decoding="async" src="https://cdn2.cellphones.com.vn/x,webp,q100/media/wysiwyg/Phone/Xiaomi/Poco/POCO-F4-5G-6.jpg" alt="Đánh giá điện thoại Xiaomi Poco F4 – Thiết kế mạnh mẽ, hiệu năng vượt trội" /></p>
<p>Sản phẩm Xiaomi Poco F4 được hoàn thiện dần và với tần số quét lên đến 120Hz, Sử dụng tấm nền AMOLED tạo khả năng tối sử khi chơi game, hiệu ứng chuyển cảnh nhanh chóng, hứa hẹn sẽ mang đến cho người sử dụng những giây phút mượt mà, nhanh chóng hơn khi chiến trong game hay nghe nhạc, xem phim.</p>
<h2><strong>Mua ngay Xiaomi Poco F4 chất lượng tại CellphoneS</strong></h2>
<p>Bạn đang có ý định mua Xiaomi Poco F4 nhưng không biết nơi nào giá tốt, sợ mua phải hàng giả, hàng đểu. Đừng lo lắng về điều này, hãy đến ngay CellphoneS gồm nhiều chi nhánh và có tiếng về nhập hàng chính hãng, giá cả phải chăng, dịch vụ tốt kèm theo đó là nhiều ưu đãi, bảo hành để bảo đảm quyền lợi của khách hàng.</p>
<h2><strong>Các câu hỏi thường gặp</strong></h2>
<p>POCO F4 có thể đáp ứng các nhu cầu sử dụng cơ bản, phù hợp với học sinh, sinh viên hoặc những ai sử dụng các tác vụ cơ bản như xem phim, nghe nhạc, nhắn tin, gọi video call,&#8230; Khi có bất cứ câu hỏi nào về Xiaomi POCO F4, quý khách đừng ngại ngần liên hệ ngay với CellphoneS qua số điện thoại 1800.2097, Fanpage CellphoneS hoặc nhắn tin trò truyện ngay trên Website với tư vấn viên để được giải đáp nhanh chóng nhất!</p><p>The post <a href="http://https://github.com/lekhanhluan/lekhanhluan.github.io.git/san-pham/xiaomi-poco-f4-60gb/">Xiaomi Poco F4 60GB</a> first appeared on <a href="http://https://github.com/lekhanhluan/lekhanhluan.github.io.git">Luan FastFood</a>.</p>]]></content:encoded>
					
					<wfw:commentRss>http://https://github.com/lekhanhluan/lekhanhluan.github.io.git/san-pham/xiaomi-poco-f4-60gb/feed/</wfw:commentRss>
			<slash:comments>0</slash:comments>
		
		
			</item>
		<item>
		<title>Xiaomi Redmi Note 11S</title>
		<link>http://https://github.com/lekhanhluan/lekhanhluan.github.io.git/san-pham/xiaomi-redmi-note-11s-sao-chep/?utm_source=rss#038;utm_medium=rss&#038;utm_campaign=xiaomi-redmi-note-11s-sao-chep</link>
					<comments>http://https://github.com/lekhanhluan/lekhanhluan.github.io.git/san-pham/xiaomi-redmi-note-11s-sao-chep/#respond</comments>
		
		<dc:creator><![CDATA[lekhanhluan]]></dc:creator>
		<pubDate>Thu, 25 May 2023 09:17:55 +0000</pubDate>
				<guid isPermaLink="false">http://https://github.com/lekhanhluan/lekhanhluan.github.io.git/?post_type=product#038;p=717</guid>

					<description><![CDATA[<h2 class="ksp-title has-text-centered" style="text-align: center;">ĐẶC ĐIỂM NỔI BẬT</h2>
<div>
<ul>
<li>Thiết kế tinh tế, cuốn hút - Mỏng nhẹ thời trang, nhỏ gọn trong tay</li>
<li>Trọn vẹn từng khung hình - Màn hình 6.43" FHD+ AMOLED DotDisplay, 90Hz</li>
<li>Chụp ảnh chuyên nghiệp - Cụm 4 camera sau 108MP, hỗ trợ đa dạng chế độ chụp</li>
<li>Pin siêu lớn cùng khả năng sạc siêu tốc - Viên pin 5000mAh, sạc nhanh 33W</li>
</ul>
</div>
<p>The post <a href="http://https://github.com/lekhanhluan/lekhanhluan.github.io.git/san-pham/xiaomi-redmi-note-11s-sao-chep/">Xiaomi Redmi Note 11S</a> first appeared on <a href="http://https://github.com/lekhanhluan/lekhanhluan.github.io.git">Luan FastFood</a>.</p>]]></description>
										<content:encoded><![CDATA[<p><strong>Xiaomi Redmi Note 11S</strong> sở hữu một thiết kế cuốn hút với các đường nét hoàn thiện tỉ mỉ. Điện thoại sở hữu màn hình kích thước 6.43 inch cùng độ tần số quét 90Hz mang lại các chuyển động ổn định và mượt mà. Bên trong thiết bị sẽ chạy trên con chip <strong>MediaTek Helio G96CPU</strong> cùng bộ nhớ RAM lên đến 8GB.</p>
<p><img decoding="async" src="https://cdn2.cellphones.com.vn/x,webp,q100/media/wysiwyg/Phone/Xiaomi/Redmi/NOte/xiaomi-redmi-note-11s-8.jpg" alt="Điện thoại Xiaomi Redmi Note 11S" /></p>
<h2><strong>So sánh điện thoại Xiaomi Redmi Note 11S với Xiaomi Redmi Note 10S</strong></h2>
<p>Điện thoại Xiaomi Redmi Note 11S là phiên bản kế nhiệm của Redmi Note 10S. Vậy cụ thể chiếc smartphone đời mới này có điểm gì giống và khác so với người tiền nhiệm.</p>
<table class="table table-bordered">
<tbody>
<tr class="success">
<td><strong>Thông số</strong></td>
<td><strong>Xiaomi Redmi Note 11S</strong></td>
<td><strong>Xiaomi Redmi Note 10S</strong></td>
</tr>
<tr>
<td>Màu sắc</td>
<td>Trắng, Xanh, Xám</td>
<td>Tím, Xám, Trắng, Xanh</td>
</tr>
<tr>
<td>Màn hình</td>
<td>AMOLED 6.43 inch</p>
<p>Tần số quét 90Hz</td>
<td>AMOLED 6.43 inch</p>
<p>Tần số quét 90Hz</td>
</tr>
<tr>
<td>Trọng lượng</td>
<td>179g</td>
<td>178.8g</td>
</tr>
<tr>
<td>CPU</td>
<td>MediaTek Helio G96</td>
<td>MediaTek Helio G95</td>
</tr>
<tr>
<td>GPU</td>
<td>ARM Mali-G57 MC2</td>
<td>ARM Mali-G76 MC4</td>
</tr>
<tr>
<td>RAM &#8211; ROM</td>
<td>6GB+64GB</p>
<p>6GB+128GB</p>
<p>8GB+128GB</td>
<td>6GB+64GB</p>
<p>6GB+128GB</p>
<p>8GB+128GB</td>
</tr>
<tr>
<td>Camera trước</td>
<td>16MP, f/2.4</td>
<td>13 MP, f/2.5</td>
</tr>
<tr>
<td>Camera sau</td>
<td>Camera góc rộng: 108MP, f/1.9</p>
<p>Camera góc siêu rộng: 8MP f/2.2FOV 118°</p>
<p>Camera macro: 2MP, f/2.4</p>
<p>Camera chân dung: 2MP, f/2.4</td>
<td>Camera góc rộng: 64 MP, f/1.8</p>
<p>Camera góc siêu rộng: 8 MP, f/2.2</p>
<p>Camera macro: 2 MP, f/2.4</p>
<p>Camera xóa phông: 2 MP, f/2.4</td>
</tr>
<tr>
<td>Dung lượng pin</td>
<td>5000mAh</p>
<p>Sạc nhanh 33W</td>
<td>5000mAh</p>
<p>Sạc nhanh 33W</td>
</tr>
</tbody>
</table>
<h2><strong>Điện thoại Xiaomi Redmi Note 11S &#8211; Cấu hình toàn diện trong phân khúc</strong></h2>
<p>Thương hiệu Xiaomi luôn tạo ấn tượng với người dùng công nghệ với những mẫu smartphone đầy chất lượng so với mức giá. Mới đây, hãng vừa trình làng sản phẩm mới đó là <strong>Redmi Note 11S</strong> &#8211; hứa hẹn sẽ là mẫu smartphone nổi trội trong phân khúc tầm trung.</p>
<p>Tham khảo ngay <a href="https://cellphones.com.vn/xiaomi-redmi-note-11-pro-plus.html">Điện thoại Redmi Note 11 Pro Plus</a> với mức giá hấp dẫn, ưu đãi khủng được bán độc quyền tại hệ thống CellphoneS.</p>
<h3><strong>Mỏng nhẹ thời trang, màn hình 90 Hz cuốn hút</strong></h3>
<p>Tiếp nối thành công từ Note 10S trước đó, Xiaomi Redmi Note 11S được thiết kế mỏng nhẹ, linh hoạt và gọn tay cầm. Phần viền máy được dát phẳng cùng với mặt lưng trơn tối giản góp phần làm nên vẻ tinh tế cho Redmi Note 11S. Nhiều tùy chọn màu sắc khác nhau cũng giúp tạo nét thời trang cuốn hút cho tổng thể máy.</p>
<p><img decoding="async" src="https://cdn2.cellphones.com.vn/x,webp,q100/media/wysiwyg/Phone/Xiaomi/Redmi/NOte/xiaomi-redmi-note-11s-3.jpg" alt="Mỏng nhẹ thời trang, màn hình 90 Hz cuốn hút" /></p>
<p>Xiaomi Redmi Note 11S trang bị màn hình đáp ứng trọn vẹn giải trí như gaming hoặc xem phim thỏa thích. Màn hình Redmi Note 11S sử dụng tấm nền AMOLED và hỗ trợ tần số quét chuẩn lên đến 90 Hz cho ảnh mượt và chân thực. Đặc biệt, Xiaomi cũng trang bị chế độ đọc 3.0 giúp giảm mỏi mắt khi sử dụng liên tục.</p>
<p><img decoding="async" src="https://cdn2.cellphones.com.vn/x,webp,q100/media/wysiwyg/Phone/Xiaomi/Redmi/NOte/xiaomi-redmi-note-11s-6.jpg" alt="Màn hình Redmi Note 11S sử dụng tấm nền AMOLED" /></p>
<h3><strong>Camera chụp ảnh 108 MP chụp ảnh cao cấp</strong></h3>
<p>Được nâng cấp lớn so với model trước, Xiaomi Redmi Note 11S trang bị hệ thống camera bốn ống kính với camera chính đạt độ phân giải tận 108 MP cho ảnh chụp phong cảnh tuyệt nét. Ba camera còn lại giúp Redmi Note 11S thực hiện các tính năng chụp cao cấp như góc siêu rộng, chụp macro, và chụp xóa phông chiều sâu. Hệ thống camera này còn cho phép bạn quay video độ phân giải đến 4K hoặc tốc độ khung hình đến 960 fps.</p>
<p><img decoding="async" src="https://cdn2.cellphones.com.vn/x,webp,q100/media/wysiwyg/Phone/Xiaomi/Redmi/NOte/xiaomi-redmi-note-11s-7.jpg" alt="Camera chụp ảnh 108 MP chụp ảnh cao cấp" /></p>
<p>Điện thoại Xiaomi Redmi Note 11S cũng được trang bị camera selfie 16 MP nằm trong thiết kế nốt ruồi. Camera selfie này còn được hỗ trợ tính năng làm đẹp tự động, giúp mang lại những bức ảnh bắt mắt và ảo diệu cho người dùng Redmi Note 11S.</p>
<h3><strong>Cấu hình phù hợp cho giải trí</strong></h3>
<p><strong>Xiaomi Redmi Note 11S</strong> trang bị bộ CPU MediaTek được thiết kế tập trung vào khả năng tối ưu hiệu năng gaming, giúp bạn chiến game thỏa thích ở thiết lập đồ họa cao. Xiaomi Redmi Note 11S còn được trang bị hệ thống loa ngoài kép giúp tái tạo âm thanh lớn ở diện rộng, đưa bạn bước vào thế giới game sôi động. Chiếc máy cũng trang bị cổng 3.5mm cho các loại tai nghe có dây truyền thống.</p>
<p><img decoding="async" src="https://cdn2.cellphones.com.vn/x,webp,q100/media/wysiwyg/Phone/Xiaomi/Redmi/NOte/xiaomi-redmi-note-11s-5.jpg" alt="Cấu hình phù hợp cho giải trí" /></p>
<p>Điện thoại Xiaomi Redmi Note 11S được trang bị bộ nớ RAM 5GB cùng với bộ nhớ trong dung lượng 64GB. Máy sẽ vận hành sẵn giao diện riêng của Xiaomi &#8211; MIUI 13 trên nền Android 11. Phương thức bảo mật chính của máy là bảo mật vân tay, với vùng cảm biến hiện diện ở phím cạnh của thân máy.</p><p>The post <a href="http://https://github.com/lekhanhluan/lekhanhluan.github.io.git/san-pham/xiaomi-redmi-note-11s-sao-chep/">Xiaomi Redmi Note 11S</a> first appeared on <a href="http://https://github.com/lekhanhluan/lekhanhluan.github.io.git">Luan FastFood</a>.</p>]]></content:encoded>
					
					<wfw:commentRss>http://https://github.com/lekhanhluan/lekhanhluan.github.io.git/san-pham/xiaomi-redmi-note-11s-sao-chep/feed/</wfw:commentRss>
			<slash:comments>0</slash:comments>
		
		
			</item>
		<item>
		<title>Xiaomi Poco F4</title>
		<link>http://https://github.com/lekhanhluan/lekhanhluan.github.io.git/san-pham/cap/?utm_source=rss#038;utm_medium=rss&#038;utm_campaign=cap</link>
					<comments>http://https://github.com/lekhanhluan/lekhanhluan.github.io.git/san-pham/cap/#respond</comments>
		
		<dc:creator><![CDATA[lekhanhluan]]></dc:creator>
		<pubDate>Wed, 16 Jan 2019 13:01:53 +0000</pubDate>
				<guid isPermaLink="false">https://woocommercecore.mystagingwebsite.com/product/cap/</guid>

					<description><![CDATA[<h2 class="ksp-title has-text-centered" style="text-align: center;">ĐẶC ĐIỂM NỔI BẬT</h2>
<div>
<ul>
<li>Hiển thị sắc nét, cảm ứng mượt mà - Màn hình AMOLED 6,67 inch, FHD+ và tần số quét 120Hz</li>
<li>Bộ xử lí mạnh mẽ, cân mọi tựa game - Chip Snapdragon 870 5G, 6GB RAM</li>
<li>Năng lượng bất tận, làm chủ cuộc chơi - Viên pin 4500 mAh, sạc nhanh 67W</li>
<li>Bộ camera ấn tượng với camera chính lên đến 64MP, cùng đa dạng chế độ chụp</li>
</ul>
</div>
<p>The post <a href="http://https://github.com/lekhanhluan/lekhanhluan.github.io.git/san-pham/cap/">Xiaomi Poco F4</a> first appeared on <a href="http://https://github.com/lekhanhluan/lekhanhluan.github.io.git">Luan FastFood</a>.</p>]]></description>
										<content:encoded><![CDATA[<h2><strong>Đánh giá điện thoại Xiaomi Poco F4 – Thiết kế mạnh mẽ, hiệu năng vượt trội</strong></h2>
<p><a title="Xiaomi Poco F4" href="https://cellphones.com.vn/xiaomi-poco-f4.html"><strong>Xiaomi Poco F4</strong></a> sản phẩm làm nhiều tính đồ công nghệ mong chờ, với thiết kế và hiệu năng nổi bật, mang sự đặt biệt của thương hiệu <a title="Điện thoại Xiaomi chính hãng" href="https://cellphones.com.vn/mobile/hang-sap-ve/xiaomi.html" target="_self" rel="noopener">điện thoại Xiaomi</a>. Poco 4 đã được hoàn thiện trong quá trình sản xuất và đưa ra thị trường sau một thời gian dài, chắc chắn sẽ không khiến người dùng thất vọng về cả giá tiền và chất lượng mà máy mang lại.</p>
<p>Cùng tìm hiểu tổng quát về diện mạo và hiệu năng của <strong>Xiaomi Poco F4</strong> để biết được lý do tại sao mà nhiều người dùng chờ đợi để sở hữu thiết bị này.</p>
<h3><strong>Thiết kế Xiaomi Poco F4 sang trọng</strong></h3>
<blockquote><p><strong>Xiaomi Poco F4</strong> với thiết kế khác hoàn toàn so với những máy tiền nhiệm trước đây. Với cạnh viền vuông tạo nên sự mạnh mẽ, cá tính, không kém phần sang trọng, tạo sự thú vị khác biệt với nhiều sản phẩm điện thoại cùng phân khúc hiện nay.</p></blockquote>
<p><img decoding="async" src="https://cdn2.cellphones.com.vn/x,webp,q100/media/wysiwyg/Phone/Xiaomi/Poco/POCO-F4-5G-3.jpg" alt="Đánh giá điện thoại Xiaomi Poco F4 – Thiết kế mạnh mẽ, hiệu năng vượt trội" /></p>
<p>Camera sắc nét ấn tượng giúp người dùng nắm bắt từng khoảnh khắc nhờ máy ảnh selfie là 20MP, rõ ràng, sinh động.</p>
<p>Ngoài ra, sản phẩm với hệ thống có ba camera, gọn gàng, không chiếm diện tích của máy, phía sau còn gồm có cảm biến chính lên đến 64MP. Phóng tầm nhìn với góc rộng là 8MP và kèm theo là camera macro 2MP, tạo cảm giác rõ nét, rộng hơn khi chụp ảnh.</p>
<p>Xiaomi Poco F4 được khởi động với giao diện là MIUI 13 dựa trên nền tảng Android 12, ra mắt với phiên bản đổi tên của dòng máy Redmi K40, đây là tin đồn của nhiều người về sản phẩm này.</p>
<h3><strong>Hiệu năng Poco F4 vượt trội</strong></h3>
<blockquote><p>Bên cạnh thiết kế, người dùng quan tâm hơn đó là hiệu năng máy, <strong>POCO F4</strong> sẽ khởi động dựa trên hệ điều hành Android 12 với chipset Qualcomm Snapdragon 870 tạo sự mạnh mẽ cho máy. Đây chính là phần người dùng bỏ tiền ra vô cùng xứng đáng. Khi chơi game sẽ giảm độ trễ đi rất nhiều thay vào đó là sự nhanh nhẹn, chiến thắng dễ dàng hơn, giống với sản phẩm tiền nhiệm trước là POCO F3. Ngoài ra, Chipset còn được ghép nối RAM LPDDR5 và cả bộ nhớ trong là UFS 3.1.</p></blockquote>
<p><img decoding="async" src="https://cdn2.cellphones.com.vn/x,webp,q100/media/wysiwyg/Phone/Xiaomi/Poco/POCO-F4-5G-2.jpg" alt="Đánh giá điện thoại Xiaomi Poco F4 – Thiết kế mạnh mẽ, hiệu năng vượt trội" /></p>
<p><strong>Xiaomi Poco F4</strong> sẽ có các phiên bản RAM lớn giúp người dùng lưu trữ nhiều thông tin, không lo lắng nhanh hết dung lượng khi đang sử dụng. Với bộ nhớ dung lượng lớn, có hai phiên bản 8GB/128GB và 12GB/256GB.</p>
<h3><strong>Thời lượng pin cho phép sử dụng cả ngày</strong></h3>
<blockquote><p><strong>Xiaomi Poco F4</strong> còn có thời lượng <strong>pin 4,500 mAh</strong>, người dùng tha hồ lướt web, chơi game giải trí hay làm việc cả một ngày dài mà không lo lắng hết pin giữa chừng, bên cạnh đó sản phẩm còn kết hợp hỗ trợ sạc nhanh lên đến 67W để sạc pin ngay khi cần đến.</p></blockquote>
<p><img decoding="async" src="https://cdn2.cellphones.com.vn/x,webp,q100/media/wysiwyg/Phone/Xiaomi/Poco/POCO-F4-5G-1.jpg" alt="Đánh giá điện thoại Xiaomi Poco F4 – Thiết kế mạnh mẽ, hiệu năng vượt trội" /></p>
<h3><strong>Tốc độ nhanh nhạy</strong></h3>
<blockquote><p><strong>POCO F4</strong> có độ phân giải full HD+, tốc độ nhanh nhạy khiến người dùng phải kinh ngạc bởi đồ họa chân thực, sống động với màn hình khá rộng. Kết hợp với con chip tầm trung mạnh mẽ, hiệu suất cao tạo trải nghiệm tốt nhất dành đến cho người dùng.</p></blockquote>
<p><img decoding="async" src="https://cdn2.cellphones.com.vn/x,webp,q100/media/wysiwyg/Phone/Xiaomi/Poco/POCO-F4-5G-6.jpg" alt="Đánh giá điện thoại Xiaomi Poco F4 – Thiết kế mạnh mẽ, hiệu năng vượt trội" /></p>
<p>Sản phẩm Xiaomi Poco F4 được hoàn thiện dần và với tần số quét lên đến 120Hz, Sử dụng tấm nền AMOLED tạo khả năng tối sử khi chơi game, hiệu ứng chuyển cảnh nhanh chóng, hứa hẹn sẽ mang đến cho người sử dụng những giây phút mượt mà, nhanh chóng hơn khi chiến trong game hay nghe nhạc, xem phim.</p>
<h2><strong>Mua ngay Xiaomi Poco F4 chất lượng tại CellphoneS</strong></h2>
<p>Bạn đang có ý định mua Xiaomi Poco F4 nhưng không biết nơi nào giá tốt, sợ mua phải hàng giả, hàng đểu. Đừng lo lắng về điều này, hãy đến ngay CellphoneS gồm nhiều chi nhánh và có tiếng về nhập hàng chính hãng, giá cả phải chăng, dịch vụ tốt kèm theo đó là nhiều ưu đãi, bảo hành để bảo đảm quyền lợi của khách hàng.</p>
<h2><strong>Các câu hỏi thường gặp</strong></h2>
<p>POCO F4 có thể đáp ứng các nhu cầu sử dụng cơ bản, phù hợp với học sinh, sinh viên hoặc những ai sử dụng các tác vụ cơ bản như xem phim, nghe nhạc, nhắn tin, gọi video call,&#8230; Khi có bất cứ câu hỏi nào về Xiaomi POCO F4, quý khách đừng ngại ngần liên hệ ngay với CellphoneS qua số điện thoại 1800.2097, Fanpage CellphoneS hoặc nhắn tin trò truyện ngay trên Website với tư vấn viên để được giải đáp nhanh chóng nhất!</p><p>The post <a href="http://https://github.com/lekhanhluan/lekhanhluan.github.io.git/san-pham/cap/">Xiaomi Poco F4</a> first appeared on <a href="http://https://github.com/lekhanhluan/lekhanhluan.github.io.git">Luan FastFood</a>.</p>]]></content:encoded>
					
					<wfw:commentRss>http://https://github.com/lekhanhluan/lekhanhluan.github.io.git/san-pham/cap/feed/</wfw:commentRss>
			<slash:comments>0</slash:comments>
		
		
			</item>
		<item>
		<title>Xiaomi Redmi Note 11S</title>
		<link>http://https://github.com/lekhanhluan/lekhanhluan.github.io.git/san-pham/hoodie-with-zipper/?utm_source=rss#038;utm_medium=rss&#038;utm_campaign=hoodie-with-zipper</link>
					<comments>http://https://github.com/lekhanhluan/lekhanhluan.github.io.git/san-pham/hoodie-with-zipper/#respond</comments>
		
		<dc:creator><![CDATA[lekhanhluan]]></dc:creator>
		<pubDate>Wed, 16 Jan 2019 13:01:53 +0000</pubDate>
				<guid isPermaLink="false">https://woocommercecore.mystagingwebsite.com/product/hoodie-with-zipper/</guid>

					<description><![CDATA[<h2 class="ksp-title has-text-centered" style="text-align: center;">ĐẶC ĐIỂM NỔI BẬT</h2>
<div>
<ul>
<li>Thiết kế tinh tế, cuốn hút - Mỏng nhẹ thời trang, nhỏ gọn trong tay</li>
<li>Trọn vẹn từng khung hình - Màn hình 6.43" FHD+ AMOLED DotDisplay, 90Hz</li>
<li>Chụp ảnh chuyên nghiệp - Cụm 4 camera sau 108MP, hỗ trợ đa dạng chế độ chụp</li>
<li>Pin siêu lớn cùng khả năng sạc siêu tốc - Viên pin 5000mAh, sạc nhanh 33W</li>
</ul>
</div>
<p>The post <a href="http://https://github.com/lekhanhluan/lekhanhluan.github.io.git/san-pham/hoodie-with-zipper/">Xiaomi Redmi Note 11S</a> first appeared on <a href="http://https://github.com/lekhanhluan/lekhanhluan.github.io.git">Luan FastFood</a>.</p>]]></description>
										<content:encoded><![CDATA[<p><strong>Xiaomi Redmi Note 11S</strong> sở hữu một thiết kế cuốn hút với các đường nét hoàn thiện tỉ mỉ. Điện thoại sở hữu màn hình kích thước 6.43 inch cùng độ tần số quét 90Hz mang lại các chuyển động ổn định và mượt mà. Bên trong thiết bị sẽ chạy trên con chip <strong>MediaTek Helio G96CPU</strong> cùng bộ nhớ RAM lên đến 8GB.</p>
<p><img decoding="async" src="https://cdn2.cellphones.com.vn/x,webp,q100/media/wysiwyg/Phone/Xiaomi/Redmi/NOte/xiaomi-redmi-note-11s-8.jpg" alt="Điện thoại Xiaomi Redmi Note 11S" /></p>
<h2><strong>So sánh điện thoại Xiaomi Redmi Note 11S với Xiaomi Redmi Note 10S</strong></h2>
<p>Điện thoại Xiaomi Redmi Note 11S là phiên bản kế nhiệm của Redmi Note 10S. Vậy cụ thể chiếc smartphone đời mới này có điểm gì giống và khác so với người tiền nhiệm.</p>
<table class="table table-bordered">
<tbody>
<tr class="success">
<td><strong>Thông số</strong></td>
<td><strong>Xiaomi Redmi Note 11S</strong></td>
<td><strong>Xiaomi Redmi Note 10S</strong></td>
</tr>
<tr>
<td>Màu sắc</td>
<td>Trắng, Xanh, Xám</td>
<td>Tím, Xám, Trắng, Xanh</td>
</tr>
<tr>
<td>Màn hình</td>
<td>AMOLED 6.43 inch</p>
<p>Tần số quét 90Hz</td>
<td>AMOLED 6.43 inch</p>
<p>Tần số quét 90Hz</td>
</tr>
<tr>
<td>Trọng lượng</td>
<td>179g</td>
<td>178.8g</td>
</tr>
<tr>
<td>CPU</td>
<td>MediaTek Helio G96</td>
<td>MediaTek Helio G95</td>
</tr>
<tr>
<td>GPU</td>
<td>ARM Mali-G57 MC2</td>
<td>ARM Mali-G76 MC4</td>
</tr>
<tr>
<td>RAM &#8211; ROM</td>
<td>6GB+64GB</p>
<p>6GB+128GB</p>
<p>8GB+128GB</td>
<td>6GB+64GB</p>
<p>6GB+128GB</p>
<p>8GB+128GB</td>
</tr>
<tr>
<td>Camera trước</td>
<td>16MP, f/2.4</td>
<td>13 MP, f/2.5</td>
</tr>
<tr>
<td>Camera sau</td>
<td>Camera góc rộng: 108MP, f/1.9</p>
<p>Camera góc siêu rộng: 8MP f/2.2FOV 118°</p>
<p>Camera macro: 2MP, f/2.4</p>
<p>Camera chân dung: 2MP, f/2.4</td>
<td>Camera góc rộng: 64 MP, f/1.8</p>
<p>Camera góc siêu rộng: 8 MP, f/2.2</p>
<p>Camera macro: 2 MP, f/2.4</p>
<p>Camera xóa phông: 2 MP, f/2.4</td>
</tr>
<tr>
<td>Dung lượng pin</td>
<td>5000mAh</p>
<p>Sạc nhanh 33W</td>
<td>5000mAh</p>
<p>Sạc nhanh 33W</td>
</tr>
</tbody>
</table>
<h2><strong>Điện thoại Xiaomi Redmi Note 11S &#8211; Cấu hình toàn diện trong phân khúc</strong></h2>
<p>Thương hiệu Xiaomi luôn tạo ấn tượng với người dùng công nghệ với những mẫu smartphone đầy chất lượng so với mức giá. Mới đây, hãng vừa trình làng sản phẩm mới đó là <strong>Redmi Note 11S</strong> &#8211; hứa hẹn sẽ là mẫu smartphone nổi trội trong phân khúc tầm trung.</p>
<p>Tham khảo ngay <a href="https://cellphones.com.vn/xiaomi-redmi-note-11-pro-plus.html">Điện thoại Redmi Note 11 Pro Plus</a> với mức giá hấp dẫn, ưu đãi khủng được bán độc quyền tại hệ thống CellphoneS.</p>
<h3><strong>Mỏng nhẹ thời trang, màn hình 90 Hz cuốn hút</strong></h3>
<p>Tiếp nối thành công từ Note 10S trước đó, Xiaomi Redmi Note 11S được thiết kế mỏng nhẹ, linh hoạt và gọn tay cầm. Phần viền máy được dát phẳng cùng với mặt lưng trơn tối giản góp phần làm nên vẻ tinh tế cho Redmi Note 11S. Nhiều tùy chọn màu sắc khác nhau cũng giúp tạo nét thời trang cuốn hút cho tổng thể máy.</p>
<p><img decoding="async" src="https://cdn2.cellphones.com.vn/x,webp,q100/media/wysiwyg/Phone/Xiaomi/Redmi/NOte/xiaomi-redmi-note-11s-3.jpg" alt="Mỏng nhẹ thời trang, màn hình 90 Hz cuốn hút" /></p>
<p>Xiaomi Redmi Note 11S trang bị màn hình đáp ứng trọn vẹn giải trí như gaming hoặc xem phim thỏa thích. Màn hình Redmi Note 11S sử dụng tấm nền AMOLED và hỗ trợ tần số quét chuẩn lên đến 90 Hz cho ảnh mượt và chân thực. Đặc biệt, Xiaomi cũng trang bị chế độ đọc 3.0 giúp giảm mỏi mắt khi sử dụng liên tục.</p>
<p><img decoding="async" src="https://cdn2.cellphones.com.vn/x,webp,q100/media/wysiwyg/Phone/Xiaomi/Redmi/NOte/xiaomi-redmi-note-11s-6.jpg" alt="Màn hình Redmi Note 11S sử dụng tấm nền AMOLED" /></p>
<h3><strong>Camera chụp ảnh 108 MP chụp ảnh cao cấp</strong></h3>
<p>Được nâng cấp lớn so với model trước, Xiaomi Redmi Note 11S trang bị hệ thống camera bốn ống kính với camera chính đạt độ phân giải tận 108 MP cho ảnh chụp phong cảnh tuyệt nét. Ba camera còn lại giúp Redmi Note 11S thực hiện các tính năng chụp cao cấp như góc siêu rộng, chụp macro, và chụp xóa phông chiều sâu. Hệ thống camera này còn cho phép bạn quay video độ phân giải đến 4K hoặc tốc độ khung hình đến 960 fps.</p>
<p><img decoding="async" src="https://cdn2.cellphones.com.vn/x,webp,q100/media/wysiwyg/Phone/Xiaomi/Redmi/NOte/xiaomi-redmi-note-11s-7.jpg" alt="Camera chụp ảnh 108 MP chụp ảnh cao cấp" /></p>
<p>Điện thoại Xiaomi Redmi Note 11S cũng được trang bị camera selfie 16 MP nằm trong thiết kế nốt ruồi. Camera selfie này còn được hỗ trợ tính năng làm đẹp tự động, giúp mang lại những bức ảnh bắt mắt và ảo diệu cho người dùng Redmi Note 11S.</p>
<h3><strong>Cấu hình phù hợp cho giải trí</strong></h3>
<p><strong>Xiaomi Redmi Note 11S</strong> trang bị bộ CPU MediaTek được thiết kế tập trung vào khả năng tối ưu hiệu năng gaming, giúp bạn chiến game thỏa thích ở thiết lập đồ họa cao. Xiaomi Redmi Note 11S còn được trang bị hệ thống loa ngoài kép giúp tái tạo âm thanh lớn ở diện rộng, đưa bạn bước vào thế giới game sôi động. Chiếc máy cũng trang bị cổng 3.5mm cho các loại tai nghe có dây truyền thống.</p>
<p><img decoding="async" src="https://cdn2.cellphones.com.vn/x,webp,q100/media/wysiwyg/Phone/Xiaomi/Redmi/NOte/xiaomi-redmi-note-11s-5.jpg" alt="Cấu hình phù hợp cho giải trí" /></p>
<p>Điện thoại Xiaomi Redmi Note 11S được trang bị bộ nớ RAM 5GB cùng với bộ nhớ trong dung lượng 64GB. Máy sẽ vận hành sẵn giao diện riêng của Xiaomi &#8211; MIUI 13 trên nền Android 11. Phương thức bảo mật chính của máy là bảo mật vân tay, với vùng cảm biến hiện diện ở phím cạnh của thân máy.</p><p>The post <a href="http://https://github.com/lekhanhluan/lekhanhluan.github.io.git/san-pham/hoodie-with-zipper/">Xiaomi Redmi Note 11S</a> first appeared on <a href="http://https://github.com/lekhanhluan/lekhanhluan.github.io.git">Luan FastFood</a>.</p>]]></content:encoded>
					
					<wfw:commentRss>http://https://github.com/lekhanhluan/lekhanhluan.github.io.git/san-pham/hoodie-with-zipper/feed/</wfw:commentRss>
			<slash:comments>0</slash:comments>
		
		
			</item>
	</channel>
</rss>
