<?xml version="1.0" encoding="UTF-8"?><rss version="2.0"
	xmlns:content="http://purl.org/rss/1.0/modules/content/"
	xmlns:wfw="http://wellformedweb.org/CommentAPI/"
	xmlns:dc="http://purl.org/dc/elements/1.1/"
	xmlns:atom="http://www.w3.org/2005/Atom"
	xmlns:sy="http://purl.org/rss/1.0/modules/syndication/"
	xmlns:slash="http://purl.org/rss/1.0/modules/slash/"
	>

<channel>
	<title>Sale Products - Luan FastFood</title>
	<atom:link href="http://https://github.com/lekhanhluan/lekhanhluan.github.io.git/danh-muc-san-pham/sale-products/feed/" rel="self" type="application/rss+xml" />
	<link>http://https://github.com/lekhanhluan/lekhanhluan.github.io.git</link>
	<description></description>
	<lastBuildDate>Thu, 25 May 2023 09:33:40 +0000</lastBuildDate>
	<language>vi</language>
	<sy:updatePeriod>
	hourly	</sy:updatePeriod>
	<sy:updateFrequency>
	1	</sy:updateFrequency>
	<generator>https://wordpress.org/?v=6.2.2</generator>
	<item>
		<title>Xiaomi Poco F4 60GB</title>
		<link>http://https://github.com/lekhanhluan/lekhanhluan.github.io.git/san-pham/xiaomi-poco-f4-60gb/?utm_source=rss#038;utm_medium=rss&#038;utm_campaign=xiaomi-poco-f4-60gb</link>
					<comments>http://https://github.com/lekhanhluan/lekhanhluan.github.io.git/san-pham/xiaomi-poco-f4-60gb/#respond</comments>
		
		<dc:creator><![CDATA[lekhanhluan]]></dc:creator>
		<pubDate>Thu, 25 May 2023 09:31:55 +0000</pubDate>
				<guid isPermaLink="false">http://https://github.com/lekhanhluan/lekhanhluan.github.io.git/?post_type=product#038;p=728</guid>

					<description><![CDATA[<h2 class="ksp-title has-text-centered" style="text-align: center;">ĐẶC ĐIỂM NỔI BẬT</h2>
<div>
<ul>
<li>Hiển thị sắc nét, cảm ứng mượt mà - Màn hình AMOLED 6,67 inch, FHD+ và tần số quét 120Hz</li>
<li>Bộ xử lí mạnh mẽ, cân mọi tựa game - Chip Snapdragon 870 5G, 6GB RAM</li>
<li>Năng lượng bất tận, làm chủ cuộc chơi - Viên pin 4500 mAh, sạc nhanh 67W</li>
<li>Bộ camera ấn tượng với camera chính lên đến 64MP, cùng đa dạng chế độ chụp</li>
</ul>
</div>
<p>The post <a href="http://https://github.com/lekhanhluan/lekhanhluan.github.io.git/san-pham/xiaomi-poco-f4-60gb/">Xiaomi Poco F4 60GB</a> first appeared on <a href="http://https://github.com/lekhanhluan/lekhanhluan.github.io.git">Luan FastFood</a>.</p>]]></description>
										<content:encoded><![CDATA[<h2><strong>Đánh giá điện thoại Xiaomi Poco F4 – Thiết kế mạnh mẽ, hiệu năng vượt trội</strong></h2>
<p><a title="Xiaomi Poco F4" href="https://cellphones.com.vn/xiaomi-poco-f4.html"><strong>Xiaomi Poco F4</strong></a> sản phẩm làm nhiều tính đồ công nghệ mong chờ, với thiết kế và hiệu năng nổi bật, mang sự đặt biệt của thương hiệu <a title="Điện thoại Xiaomi chính hãng" href="https://cellphones.com.vn/mobile/hang-sap-ve/xiaomi.html" target="_self" rel="noopener">điện thoại Xiaomi</a>. Poco 4 đã được hoàn thiện trong quá trình sản xuất và đưa ra thị trường sau một thời gian dài, chắc chắn sẽ không khiến người dùng thất vọng về cả giá tiền và chất lượng mà máy mang lại.</p>
<p>Cùng tìm hiểu tổng quát về diện mạo và hiệu năng của <strong>Xiaomi Poco F4</strong> để biết được lý do tại sao mà nhiều người dùng chờ đợi để sở hữu thiết bị này.</p>
<h3><strong>Thiết kế Xiaomi Poco F4 sang trọng</strong></h3>
<blockquote><p><strong>Xiaomi Poco F4</strong> với thiết kế khác hoàn toàn so với những máy tiền nhiệm trước đây. Với cạnh viền vuông tạo nên sự mạnh mẽ, cá tính, không kém phần sang trọng, tạo sự thú vị khác biệt với nhiều sản phẩm điện thoại cùng phân khúc hiện nay.</p></blockquote>
<p><img decoding="async" src="https://cdn2.cellphones.com.vn/x,webp,q100/media/wysiwyg/Phone/Xiaomi/Poco/POCO-F4-5G-3.jpg" alt="Đánh giá điện thoại Xiaomi Poco F4 – Thiết kế mạnh mẽ, hiệu năng vượt trội" /></p>
<p>Camera sắc nét ấn tượng giúp người dùng nắm bắt từng khoảnh khắc nhờ máy ảnh selfie là 20MP, rõ ràng, sinh động.</p>
<p>Ngoài ra, sản phẩm với hệ thống có ba camera, gọn gàng, không chiếm diện tích của máy, phía sau còn gồm có cảm biến chính lên đến 64MP. Phóng tầm nhìn với góc rộng là 8MP và kèm theo là camera macro 2MP, tạo cảm giác rõ nét, rộng hơn khi chụp ảnh.</p>
<p>Xiaomi Poco F4 được khởi động với giao diện là MIUI 13 dựa trên nền tảng Android 12, ra mắt với phiên bản đổi tên của dòng máy Redmi K40, đây là tin đồn của nhiều người về sản phẩm này.</p>
<h3><strong>Hiệu năng Poco F4 vượt trội</strong></h3>
<blockquote><p>Bên cạnh thiết kế, người dùng quan tâm hơn đó là hiệu năng máy, <strong>POCO F4</strong> sẽ khởi động dựa trên hệ điều hành Android 12 với chipset Qualcomm Snapdragon 870 tạo sự mạnh mẽ cho máy. Đây chính là phần người dùng bỏ tiền ra vô cùng xứng đáng. Khi chơi game sẽ giảm độ trễ đi rất nhiều thay vào đó là sự nhanh nhẹn, chiến thắng dễ dàng hơn, giống với sản phẩm tiền nhiệm trước là POCO F3. Ngoài ra, Chipset còn được ghép nối RAM LPDDR5 và cả bộ nhớ trong là UFS 3.1.</p></blockquote>
<p><img decoding="async" src="https://cdn2.cellphones.com.vn/x,webp,q100/media/wysiwyg/Phone/Xiaomi/Poco/POCO-F4-5G-2.jpg" alt="Đánh giá điện thoại Xiaomi Poco F4 – Thiết kế mạnh mẽ, hiệu năng vượt trội" /></p>
<p><strong>Xiaomi Poco F4</strong> sẽ có các phiên bản RAM lớn giúp người dùng lưu trữ nhiều thông tin, không lo lắng nhanh hết dung lượng khi đang sử dụng. Với bộ nhớ dung lượng lớn, có hai phiên bản 8GB/128GB và 12GB/256GB.</p>
<h3><strong>Thời lượng pin cho phép sử dụng cả ngày</strong></h3>
<blockquote><p><strong>Xiaomi Poco F4</strong> còn có thời lượng <strong>pin 4,500 mAh</strong>, người dùng tha hồ lướt web, chơi game giải trí hay làm việc cả một ngày dài mà không lo lắng hết pin giữa chừng, bên cạnh đó sản phẩm còn kết hợp hỗ trợ sạc nhanh lên đến 67W để sạc pin ngay khi cần đến.</p></blockquote>
<p><img decoding="async" src="https://cdn2.cellphones.com.vn/x,webp,q100/media/wysiwyg/Phone/Xiaomi/Poco/POCO-F4-5G-1.jpg" alt="Đánh giá điện thoại Xiaomi Poco F4 – Thiết kế mạnh mẽ, hiệu năng vượt trội" /></p>
<h3><strong>Tốc độ nhanh nhạy</strong></h3>
<blockquote><p><strong>POCO F4</strong> có độ phân giải full HD+, tốc độ nhanh nhạy khiến người dùng phải kinh ngạc bởi đồ họa chân thực, sống động với màn hình khá rộng. Kết hợp với con chip tầm trung mạnh mẽ, hiệu suất cao tạo trải nghiệm tốt nhất dành đến cho người dùng.</p></blockquote>
<p><img decoding="async" src="https://cdn2.cellphones.com.vn/x,webp,q100/media/wysiwyg/Phone/Xiaomi/Poco/POCO-F4-5G-6.jpg" alt="Đánh giá điện thoại Xiaomi Poco F4 – Thiết kế mạnh mẽ, hiệu năng vượt trội" /></p>
<p>Sản phẩm Xiaomi Poco F4 được hoàn thiện dần và với tần số quét lên đến 120Hz, Sử dụng tấm nền AMOLED tạo khả năng tối sử khi chơi game, hiệu ứng chuyển cảnh nhanh chóng, hứa hẹn sẽ mang đến cho người sử dụng những giây phút mượt mà, nhanh chóng hơn khi chiến trong game hay nghe nhạc, xem phim.</p>
<h2><strong>Mua ngay Xiaomi Poco F4 chất lượng tại CellphoneS</strong></h2>
<p>Bạn đang có ý định mua Xiaomi Poco F4 nhưng không biết nơi nào giá tốt, sợ mua phải hàng giả, hàng đểu. Đừng lo lắng về điều này, hãy đến ngay CellphoneS gồm nhiều chi nhánh và có tiếng về nhập hàng chính hãng, giá cả phải chăng, dịch vụ tốt kèm theo đó là nhiều ưu đãi, bảo hành để bảo đảm quyền lợi của khách hàng.</p>
<h2><strong>Các câu hỏi thường gặp</strong></h2>
<p>POCO F4 có thể đáp ứng các nhu cầu sử dụng cơ bản, phù hợp với học sinh, sinh viên hoặc những ai sử dụng các tác vụ cơ bản như xem phim, nghe nhạc, nhắn tin, gọi video call,&#8230; Khi có bất cứ câu hỏi nào về Xiaomi POCO F4, quý khách đừng ngại ngần liên hệ ngay với CellphoneS qua số điện thoại 1800.2097, Fanpage CellphoneS hoặc nhắn tin trò truyện ngay trên Website với tư vấn viên để được giải đáp nhanh chóng nhất!</p><p>The post <a href="http://https://github.com/lekhanhluan/lekhanhluan.github.io.git/san-pham/xiaomi-poco-f4-60gb/">Xiaomi Poco F4 60GB</a> first appeared on <a href="http://https://github.com/lekhanhluan/lekhanhluan.github.io.git">Luan FastFood</a>.</p>]]></content:encoded>
					
					<wfw:commentRss>http://https://github.com/lekhanhluan/lekhanhluan.github.io.git/san-pham/xiaomi-poco-f4-60gb/feed/</wfw:commentRss>
			<slash:comments>0</slash:comments>
		
		
			</item>
		<item>
		<title>iPhone 12 128GB&#124; Chính hãng VN/A</title>
		<link>http://https://github.com/lekhanhluan/lekhanhluan.github.io.git/san-pham/iphone-12-128gb-chinh-hang-vn-a-sao-chep/?utm_source=rss#038;utm_medium=rss&#038;utm_campaign=iphone-12-128gb-chinh-hang-vn-a-sao-chep</link>
					<comments>http://https://github.com/lekhanhluan/lekhanhluan.github.io.git/san-pham/iphone-12-128gb-chinh-hang-vn-a-sao-chep/#respond</comments>
		
		<dc:creator><![CDATA[lekhanhluan]]></dc:creator>
		<pubDate>Thu, 25 May 2023 09:12:20 +0000</pubDate>
				<guid isPermaLink="false">http://https://github.com/lekhanhluan/lekhanhluan.github.io.git/?post_type=product#038;p=712</guid>

					<description><![CDATA[<h2 class="ksp-title has-text-centered" style="text-align: center;">ĐẶC ĐIỂM NỔI BẬT</h2>
<div>
<ul>
<li>Mạnh mẽ, siêu nhanh với chip A14, RAM 4GB, mạng 5G tốc độ cao</li>
<li>Rực rỡ, sắc nét, độ sáng cao - Màn hình OLED cao cấp, Super Retina XDR hỗ trợ HDR10, Dolby Vision</li>
<li>Chụp đêm ấn tượng - Night Mode cho 2 camera, thuật toán Deep Fusion, Smart HDR 3</li>
<li>Bền bỉ vượt trội - Kháng nước, kháng bụi IP68, mặt lưng Ceramic Shield</li>
</ul>
</div>
<p>The post <a href="http://https://github.com/lekhanhluan/lekhanhluan.github.io.git/san-pham/iphone-12-128gb-chinh-hang-vn-a-sao-chep/">iPhone 12 128GB| Chính hãng VN/A</a> first appeared on <a href="http://https://github.com/lekhanhluan/lekhanhluan.github.io.git">Luan FastFood</a>.</p>]]></description>
										<content:encoded><![CDATA[<h2 align="center"><strong>Apple iPhone 12 128GB chính hãng (VN/A) phiên bản bộ nhớ 128GB lưu trữ thoải </strong><strong>mái</strong></h2>
<p><em>iPhone 12 hiện nay là cái tên “sốt xình xịch” bởi đây là một trong 4 siêu phẩm vừa được ra mắt của Apple với những đột phá về cả thiết kế lẫn cấu hình. Phiên bản Apple iPhone 12 128GB chính là một trong những chiếc iPhone được săn đón nhất bởi dung lượng bộ nhớ khủng, cho phép bạn thoải mái với vô vàn ứng dụng.</em></p>
<h3><strong>Dung lượng bộ nhớ trong lên đến 128GB và chip Apple A14 độc quyền</strong></h3>
<p><a href="https://cellphones.com.vn/iphone-12.html">iPhone 12 VN/A</a> phiên bản bộ nhớ trong 128GB sẽ khiến bạn có thể vô tư với hàng tá ứng dụng, chứa rất nhiều ảnh, video và không cần lo lắng việc không đủ dung lượng sử dụng.</p>
<p><img decoding="async" class="alignnone size-full wp-image-667" src="http://https://github.com/lekhanhluan/lekhanhluan.github.io.git/wp-content/uploads/2019/01/iphone-11-3_1.webp" alt="" width="810" height="456" /></p>
<p>Ngoài ra, iPhone 12 128GB chính hãng (VN/A) còn hỗ trợ sạc nhanh lên đến 20W, tiết kiệm thời gian của bạn và có thể nhanh chóng tiếp tục sử dụng điện thoại của mình.</p>
<h2><strong>iPhone 12 128GB giá bao nhiêu?</strong></h2>
<p>Bên cạnh thiết kế, mẫu mã, hiệu năng và dung lượng pin thì iPhone 12 128GB giá bao nhiêu là điều được nhiều người quan tâm không kém. Giá ở hiện tại đã giảm đi rất nhiều so với thời điểm chiếc “Táo” này ra mắt. Nhờ vậy, việc sở hữu sản phẩm tốt giá hời nằm trong tầm tay của các tín đồ công nghệ, đặc biệt là iFan. Tại CellphoneS, iPhone 12 128GB hiện tại có mức giá từ 16 triệu đồng (giá có thể thay đổi tùy theo thời gian và chương trình khuyến mãi khác nhau). Như vậy bạn đã tiết kiệm đến hơn 20% so với giá ban đầu.</p>
<p><img decoding="async" class="alignnone size-full wp-image-662" src="http://https://github.com/lekhanhluan/lekhanhluan.github.io.git/wp-content/uploads/2019/01/iphone-12-7.webp" alt="" width="810" height="456" /></p><p>The post <a href="http://https://github.com/lekhanhluan/lekhanhluan.github.io.git/san-pham/iphone-12-128gb-chinh-hang-vn-a-sao-chep/">iPhone 12 128GB| Chính hãng VN/A</a> first appeared on <a href="http://https://github.com/lekhanhluan/lekhanhluan.github.io.git">Luan FastFood</a>.</p>]]></content:encoded>
					
					<wfw:commentRss>http://https://github.com/lekhanhluan/lekhanhluan.github.io.git/san-pham/iphone-12-128gb-chinh-hang-vn-a-sao-chep/feed/</wfw:commentRss>
			<slash:comments>0</slash:comments>
		
		
			</item>
		<item>
		<title>Samsung Galaxy S23 8GB 256GB</title>
		<link>http://https://github.com/lekhanhluan/lekhanhluan.github.io.git/san-pham/samsung-galaxy-s23-8gb-256gb-sao-chep/?utm_source=rss#038;utm_medium=rss&#038;utm_campaign=samsung-galaxy-s23-8gb-256gb-sao-chep</link>
					<comments>http://https://github.com/lekhanhluan/lekhanhluan.github.io.git/san-pham/samsung-galaxy-s23-8gb-256gb-sao-chep/#respond</comments>
		
		<dc:creator><![CDATA[lekhanhluan]]></dc:creator>
		<pubDate>Thu, 25 May 2023 08:46:35 +0000</pubDate>
				<guid isPermaLink="false">http://https://github.com/lekhanhluan/lekhanhluan.github.io.git/?post_type=product#038;p=693</guid>

					<description><![CDATA[<h2 class="ksp-title has-text-centered" style="text-align: center;">ĐẶC ĐIỂM NỔI BẬT</h2>
<div>
<ul>
<li>Dẫn đầu công nghệ chụp đêm - Camera lên đến 50MP, zoom xa rõ nét, vi xử lí AI, công nghệ ảnh siêu chi tiết</li>
<li>Hiệu năng vượt trội - Snapdragon 8 Gen 2 8 nhân mạnh mẽ</li>
<li>Đa nhiệm mượt mà - RAM lớn 8G, dễ dàng chuyển đổi giữa các thiết bị</li>
<li>Thiết kế vì hành tinh - Màu sắc lấy cảm hứng từ thiên nhiên, chất liệu kính và lớp phim phủ PET tái chế</li>
</ul>
</div>
<p>The post <a href="http://https://github.com/lekhanhluan/lekhanhluan.github.io.git/san-pham/samsung-galaxy-s23-8gb-256gb-sao-chep/">Samsung Galaxy S23 8GB 256GB</a> first appeared on <a href="http://https://github.com/lekhanhluan/lekhanhluan.github.io.git">Luan FastFood</a>.</p>]]></description>
										<content:encoded><![CDATA[<p style="text-align: left;" align="center"><strong>Samsung Galaxy S23 </strong>là phiên bản tiếp theo sắp được Samsung cho ra mắt thị trường. Sở hữu diện mạo tinh tế mới mẻ đi đầu xu hướng, bên cạnh đó là màn hình chất lượng, hiệu năng mạnh mẽ và cụm camera siêu chất sẽ mang tới những trải nghiệm ấn tượng cho người dùng ngay từ lần chạm đầu tiên.</p>
<h2 style="text-align: center;" align="center"><strong>Ưu đãi cực &#8220;khủng&#8221; khi đặt trước Samsung Galaxy S23 tại CellphoneS</strong></h2>
<p style="text-align: left;">Khi đặt trước Samsung Galaxy S23 tại CellphoneS, bạn sẽ nhận được nhiều ưu đãi sốc, cụ thể:</p>
<p style="text-align: left;">&#8211; Sở hữu liền tay phiếu mua hàng đến 3 triệu đồng;</p>
<p style="text-align: left;">&#8211; Trợ giá lên đời đến 3 triệu đồng;</p>
<p style="text-align: left;">&#8211; Hoàn tiền qua ví điện tử lên đến 2 triệu đồng;</p>
<p style="text-align: left;">&#8211; Trả góp 0% trong vòng 24 tháng.</p>
<p style="text-align: left;">Chi tiết cụ thể khách hàng vui lòng xem tại chương trình khuyến mãi hoặc gọi đến hotline của CellphoneS để được tư vấn và giải đáp thắc mắc!</p>
<p style="text-align: left;"><img decoding="async" class="alignnone size-full wp-image-685" src="http://https://github.com/lekhanhluan/lekhanhluan.github.io.git/wp-content/uploads/2019/01/samsung-s23-1.webp" alt="" width="810" height="456" /></p>
<h2 align="center"><strong>So sánh Samsung Galaxy S23 và Samsung Galaxy S22</strong></h2>
<p>Samsung Galaxy S23 có nhiều thay đổi và cải tiến so với thế hệ tiền nhiệm. Không chỉ về màu sắc mang hơi hướng tự nhiên, chất liệu bền vững mà những thông số kỹ thuật cũng có sự thay đổi ít nhiều. Xem ngay thông tin qua bảng sau đây nhé!</p>
<table class="table table-bordered" border="0">
<tbody>
<tr class="info">
<td></td>
<td><strong>Samsung Galaxy S23</strong></td>
<td><strong>Samsung Galaxy S22</strong></td>
</tr>
<tr>
<td><strong>Màn hình</strong></td>
<td>Dynamic AMOLED 2X 6.1 inch</td>
<td>Dynamic AMOLED 2X 6.1 inch</td>
</tr>
<tr>
<td><strong>Độ phân giải</strong></td>
<td>2340 x 1080 pixel (FHD+)</td>
<td>2340 x 1080 pixel (FHD+)</td>
</tr>
<tr>
<td><strong>Tần số quét</strong></td>
<td>120Hz</td>
<td>120Hz</td>
</tr>
<tr>
<td><strong>Chip xử lý</strong></td>
<td>Snapdragon 8 Gen 2</td>
<td>Snapdragon 8 Gen 1</td>
</tr>
<tr>
<td><strong>Dung lượng RAM</strong></td>
<td>8GB</td>
<td>8GB</td>
</tr>
<tr>
<td><strong>Bộ nhớ trong</strong></td>
<td>128GB, 256GB</td>
<td>128GB, 256GB</td>
</tr>
<tr>
<td><strong>Dung lượng pin</strong></td>
<td>3900mAh</td>
<td>3700mAh</td>
</tr>
<tr>
<td><strong>Hỗ trợ 5G</strong></td>
<td>Có</td>
<td>Có</td>
</tr>
<tr>
<td><strong>Camera sau</strong></td>
<td>50MP+10MP+12MP</td>
<td>50MP+10MP+12MP</td>
</tr>
<tr>
<td><strong>Camera trước</strong></td>
<td>12MP</td>
<td>10MP</td>
</tr>
<tr>
<td><strong>Màu sắc</strong></td>
<td> Tím Lilac, Kem Cotton, Đen Phantom và Xanh Botanic</td>
<td>Trắng nguyên bản, Xanh Phantom, Hồng Ánh Kim và Đen Phantom</td>
</tr>
</tbody>
</table>
<h2 align="center"><strong>Samsung Galaxy S23 mạnh mẽ, ấn tượng đi đầu xu hướng</strong></h2>
<p>Thêm vào đó, 2023 Samsung cũng có thể ra mắt phiên bản <strong><a title="Samsung S23 Ultra" href="https://cellphones.com.vn/samsung-galaxy-s23-ultra.html" target="_blank" rel="noopener">Galaxy S23 Ultra</a></strong> với nhiều cải tiến hơn người tiền nhiệm S22 Ultra.</p>
<h3><strong>Thiết kế mềm mại thu hút mọi ánh nhìn</strong></h3>
<p>Samsung Galaxy S23 sở hữu trên mình thiết kế sang trọng, tinh tế và hấp dẫn người dùng ngay từ ánh nhìn đầu tiên. Toàn bộ các góc cạnh được bo tỉ mỉ mang tới sự mềm mại mà không kém phần chắc chắn.</p>
<p><img decoding="async" src="https://cdn2.cellphones.com.vn/x,webp,q100/media/wysiwyg/Phone/Samsung/samsung_s/S23/Samsung-Galaxy-S23-8.jpg" alt="Samsung Galaxy S23 mạnh mẽ, ấn tượng đi đầu xu hướng" /></p><p>The post <a href="http://https://github.com/lekhanhluan/lekhanhluan.github.io.git/san-pham/samsung-galaxy-s23-8gb-256gb-sao-chep/">Samsung Galaxy S23 8GB 256GB</a> first appeared on <a href="http://https://github.com/lekhanhluan/lekhanhluan.github.io.git">Luan FastFood</a>.</p>]]></content:encoded>
					
					<wfw:commentRss>http://https://github.com/lekhanhluan/lekhanhluan.github.io.git/san-pham/samsung-galaxy-s23-8gb-256gb-sao-chep/feed/</wfw:commentRss>
			<slash:comments>0</slash:comments>
		
		
			</item>
		<item>
		<title>iPhone 12 128GB&#124; Chính hãng VN/A</title>
		<link>http://https://github.com/lekhanhluan/lekhanhluan.github.io.git/san-pham/beanie-with-logo/?utm_source=rss#038;utm_medium=rss&#038;utm_campaign=beanie-with-logo</link>
					<comments>http://https://github.com/lekhanhluan/lekhanhluan.github.io.git/san-pham/beanie-with-logo/#respond</comments>
		
		<dc:creator><![CDATA[lekhanhluan]]></dc:creator>
		<pubDate>Wed, 16 Jan 2019 13:01:55 +0000</pubDate>
				<guid isPermaLink="false">https://woocommercecore.mystagingwebsite.com/product/beanie-with-logo/</guid>

					<description><![CDATA[<h2 class="ksp-title has-text-centered" style="text-align: center;">ĐẶC ĐIỂM NỔI BẬT</h2>
<div>
<ul>
<li>Mạnh mẽ, siêu nhanh với chip A14, RAM 4GB, mạng 5G tốc độ cao</li>
<li>Rực rỡ, sắc nét, độ sáng cao - Màn hình OLED cao cấp, Super Retina XDR hỗ trợ HDR10, Dolby Vision</li>
<li>Chụp đêm ấn tượng - Night Mode cho 2 camera, thuật toán Deep Fusion, Smart HDR 3</li>
<li>Bền bỉ vượt trội - Kháng nước, kháng bụi IP68, mặt lưng Ceramic Shield</li>
</ul>
</div>
<p>The post <a href="http://https://github.com/lekhanhluan/lekhanhluan.github.io.git/san-pham/beanie-with-logo/">iPhone 12 128GB| Chính hãng VN/A</a> first appeared on <a href="http://https://github.com/lekhanhluan/lekhanhluan.github.io.git">Luan FastFood</a>.</p>]]></description>
										<content:encoded><![CDATA[<h2 align="center"><strong>Apple iPhone 12 128GB chính hãng (VN/A) phiên bản bộ nhớ 128GB lưu trữ thoải </strong><strong>mái</strong></h2>
<p><em>iPhone 12 hiện nay là cái tên “sốt xình xịch” bởi đây là một trong 4 siêu phẩm vừa được ra mắt của Apple với những đột phá về cả thiết kế lẫn cấu hình. Phiên bản Apple iPhone 12 128GB chính là một trong những chiếc iPhone được săn đón nhất bởi dung lượng bộ nhớ khủng, cho phép bạn thoải mái với vô vàn ứng dụng.</em></p>
<h3><strong>Dung lượng bộ nhớ trong lên đến 128GB và chip Apple A14 độc quyền</strong></h3>
<p><a href="https://cellphones.com.vn/iphone-12.html">iPhone 12 VN/A</a> phiên bản bộ nhớ trong 128GB sẽ khiến bạn có thể vô tư với hàng tá ứng dụng, chứa rất nhiều ảnh, video và không cần lo lắng việc không đủ dung lượng sử dụng.</p>
<p><img decoding="async" class="alignnone size-full wp-image-667" src="http://https://github.com/lekhanhluan/lekhanhluan.github.io.git/wp-content/uploads/2019/01/iphone-11-3_1.webp" alt="" width="810" height="456" /></p>
<p>Ngoài ra, iPhone 12 128GB chính hãng (VN/A) còn hỗ trợ sạc nhanh lên đến 20W, tiết kiệm thời gian của bạn và có thể nhanh chóng tiếp tục sử dụng điện thoại của mình.</p>
<h2><strong>iPhone 12 128GB giá bao nhiêu?</strong></h2>
<p>Bên cạnh thiết kế, mẫu mã, hiệu năng và dung lượng pin thì iPhone 12 128GB giá bao nhiêu là điều được nhiều người quan tâm không kém. Giá ở hiện tại đã giảm đi rất nhiều so với thời điểm chiếc “Táo” này ra mắt. Nhờ vậy, việc sở hữu sản phẩm tốt giá hời nằm trong tầm tay của các tín đồ công nghệ, đặc biệt là iFan. Tại CellphoneS, iPhone 12 128GB hiện tại có mức giá từ 16 triệu đồng (giá có thể thay đổi tùy theo thời gian và chương trình khuyến mãi khác nhau). Như vậy bạn đã tiết kiệm đến hơn 20% so với giá ban đầu.</p>
<p><img decoding="async" class="alignnone size-full wp-image-662" src="http://https://github.com/lekhanhluan/lekhanhluan.github.io.git/wp-content/uploads/2019/01/iphone-12-7.webp" alt="" width="810" height="456" /></p><p>The post <a href="http://https://github.com/lekhanhluan/lekhanhluan.github.io.git/san-pham/beanie-with-logo/">iPhone 12 128GB| Chính hãng VN/A</a> first appeared on <a href="http://https://github.com/lekhanhluan/lekhanhluan.github.io.git">Luan FastFood</a>.</p>]]></content:encoded>
					
					<wfw:commentRss>http://https://github.com/lekhanhluan/lekhanhluan.github.io.git/san-pham/beanie-with-logo/feed/</wfw:commentRss>
			<slash:comments>0</slash:comments>
		
		
			</item>
		<item>
		<title>Samsung Galaxy S23 8GB 256GB</title>
		<link>http://https://github.com/lekhanhluan/lekhanhluan.github.io.git/san-pham/single/?utm_source=rss#038;utm_medium=rss&#038;utm_campaign=single</link>
					<comments>http://https://github.com/lekhanhluan/lekhanhluan.github.io.git/san-pham/single/#respond</comments>
		
		<dc:creator><![CDATA[lekhanhluan]]></dc:creator>
		<pubDate>Wed, 16 Jan 2019 13:01:54 +0000</pubDate>
				<guid isPermaLink="false">https://woocommercecore.mystagingwebsite.com/product/single/</guid>

					<description><![CDATA[<h2 class="ksp-title has-text-centered" style="text-align: center;">ĐẶC ĐIỂM NỔI BẬT</h2>
<div>
<ul>
<li>Dẫn đầu công nghệ chụp đêm - Camera lên đến 50MP, zoom xa rõ nét, vi xử lí AI, công nghệ ảnh siêu chi tiết</li>
<li>Hiệu năng vượt trội - Snapdragon 8 Gen 2 8 nhân mạnh mẽ</li>
<li>Đa nhiệm mượt mà - RAM lớn 8G, dễ dàng chuyển đổi giữa các thiết bị</li>
<li>Thiết kế vì hành tinh - Màu sắc lấy cảm hứng từ thiên nhiên, chất liệu kính và lớp phim phủ PET tái chế</li>
</ul>
</div>
<p>The post <a href="http://https://github.com/lekhanhluan/lekhanhluan.github.io.git/san-pham/single/">Samsung Galaxy S23 8GB 256GB</a> first appeared on <a href="http://https://github.com/lekhanhluan/lekhanhluan.github.io.git">Luan FastFood</a>.</p>]]></description>
										<content:encoded><![CDATA[<p style="text-align: left;" align="center"><strong>Samsung Galaxy S23 </strong>là phiên bản tiếp theo sắp được Samsung cho ra mắt thị trường. Sở hữu diện mạo tinh tế mới mẻ đi đầu xu hướng, bên cạnh đó là màn hình chất lượng, hiệu năng mạnh mẽ và cụm camera siêu chất sẽ mang tới những trải nghiệm ấn tượng cho người dùng ngay từ lần chạm đầu tiên.</p>
<h2 style="text-align: center;" align="center"><strong>Ưu đãi cực &#8220;khủng&#8221; khi đặt trước Samsung Galaxy S23 tại CellphoneS</strong></h2>
<p style="text-align: left;">Khi đặt trước Samsung Galaxy S23 tại CellphoneS, bạn sẽ nhận được nhiều ưu đãi sốc, cụ thể:</p>
<p style="text-align: left;">&#8211; Sở hữu liền tay phiếu mua hàng đến 3 triệu đồng;</p>
<p style="text-align: left;">&#8211; Trợ giá lên đời đến 3 triệu đồng;</p>
<p style="text-align: left;">&#8211; Hoàn tiền qua ví điện tử lên đến 2 triệu đồng;</p>
<p style="text-align: left;">&#8211; Trả góp 0% trong vòng 24 tháng.</p>
<p style="text-align: left;">Chi tiết cụ thể khách hàng vui lòng xem tại chương trình khuyến mãi hoặc gọi đến hotline của CellphoneS để được tư vấn và giải đáp thắc mắc!</p>
<p style="text-align: left;"><img decoding="async" class="alignnone size-full wp-image-685" src="http://https://github.com/lekhanhluan/lekhanhluan.github.io.git/wp-content/uploads/2019/01/samsung-s23-1.webp" alt="" width="810" height="456" /></p>
<h2 align="center"><strong>So sánh Samsung Galaxy S23 và Samsung Galaxy S22</strong></h2>
<p>Samsung Galaxy S23 có nhiều thay đổi và cải tiến so với thế hệ tiền nhiệm. Không chỉ về màu sắc mang hơi hướng tự nhiên, chất liệu bền vững mà những thông số kỹ thuật cũng có sự thay đổi ít nhiều. Xem ngay thông tin qua bảng sau đây nhé!</p>
<table class="table table-bordered" border="0">
<tbody>
<tr class="info">
<td></td>
<td><strong>Samsung Galaxy S23</strong></td>
<td><strong>Samsung Galaxy S22</strong></td>
</tr>
<tr>
<td><strong>Màn hình</strong></td>
<td>Dynamic AMOLED 2X 6.1 inch</td>
<td>Dynamic AMOLED 2X 6.1 inch</td>
</tr>
<tr>
<td><strong>Độ phân giải</strong></td>
<td>2340 x 1080 pixel (FHD+)</td>
<td>2340 x 1080 pixel (FHD+)</td>
</tr>
<tr>
<td><strong>Tần số quét</strong></td>
<td>120Hz</td>
<td>120Hz</td>
</tr>
<tr>
<td><strong>Chip xử lý</strong></td>
<td>Snapdragon 8 Gen 2</td>
<td>Snapdragon 8 Gen 1</td>
</tr>
<tr>
<td><strong>Dung lượng RAM</strong></td>
<td>8GB</td>
<td>8GB</td>
</tr>
<tr>
<td><strong>Bộ nhớ trong</strong></td>
<td>128GB, 256GB</td>
<td>128GB, 256GB</td>
</tr>
<tr>
<td><strong>Dung lượng pin</strong></td>
<td>3900mAh</td>
<td>3700mAh</td>
</tr>
<tr>
<td><strong>Hỗ trợ 5G</strong></td>
<td>Có</td>
<td>Có</td>
</tr>
<tr>
<td><strong>Camera sau</strong></td>
<td>50MP+10MP+12MP</td>
<td>50MP+10MP+12MP</td>
</tr>
<tr>
<td><strong>Camera trước</strong></td>
<td>12MP</td>
<td>10MP</td>
</tr>
<tr>
<td><strong>Màu sắc</strong></td>
<td> Tím Lilac, Kem Cotton, Đen Phantom và Xanh Botanic</td>
<td>Trắng nguyên bản, Xanh Phantom, Hồng Ánh Kim và Đen Phantom</td>
</tr>
</tbody>
</table>
<h2 align="center"><strong>Samsung Galaxy S23 mạnh mẽ, ấn tượng đi đầu xu hướng</strong></h2>
<p>Thêm vào đó, 2023 Samsung cũng có thể ra mắt phiên bản <strong><a title="Samsung S23 Ultra" href="https://cellphones.com.vn/samsung-galaxy-s23-ultra.html" target="_blank" rel="noopener">Galaxy S23 Ultra</a></strong> với nhiều cải tiến hơn người tiền nhiệm S22 Ultra.</p>
<h3><strong>Thiết kế mềm mại thu hút mọi ánh nhìn</strong></h3>
<p>Samsung Galaxy S23 sở hữu trên mình thiết kế sang trọng, tinh tế và hấp dẫn người dùng ngay từ ánh nhìn đầu tiên. Toàn bộ các góc cạnh được bo tỉ mỉ mang tới sự mềm mại mà không kém phần chắc chắn.</p>
<p><img decoding="async" src="https://cdn2.cellphones.com.vn/x,webp,q100/media/wysiwyg/Phone/Samsung/samsung_s/S23/Samsung-Galaxy-S23-8.jpg" alt="Samsung Galaxy S23 mạnh mẽ, ấn tượng đi đầu xu hướng" /></p><p>The post <a href="http://https://github.com/lekhanhluan/lekhanhluan.github.io.git/san-pham/single/">Samsung Galaxy S23 8GB 256GB</a> first appeared on <a href="http://https://github.com/lekhanhluan/lekhanhluan.github.io.git">Luan FastFood</a>.</p>]]></content:encoded>
					
					<wfw:commentRss>http://https://github.com/lekhanhluan/lekhanhluan.github.io.git/san-pham/single/feed/</wfw:commentRss>
			<slash:comments>0</slash:comments>
		
		
			</item>
		<item>
		<title>Xiaomi Poco F4</title>
		<link>http://https://github.com/lekhanhluan/lekhanhluan.github.io.git/san-pham/cap/?utm_source=rss#038;utm_medium=rss&#038;utm_campaign=cap</link>
					<comments>http://https://github.com/lekhanhluan/lekhanhluan.github.io.git/san-pham/cap/#respond</comments>
		
		<dc:creator><![CDATA[lekhanhluan]]></dc:creator>
		<pubDate>Wed, 16 Jan 2019 13:01:53 +0000</pubDate>
				<guid isPermaLink="false">https://woocommercecore.mystagingwebsite.com/product/cap/</guid>

					<description><![CDATA[<h2 class="ksp-title has-text-centered" style="text-align: center;">ĐẶC ĐIỂM NỔI BẬT</h2>
<div>
<ul>
<li>Hiển thị sắc nét, cảm ứng mượt mà - Màn hình AMOLED 6,67 inch, FHD+ và tần số quét 120Hz</li>
<li>Bộ xử lí mạnh mẽ, cân mọi tựa game - Chip Snapdragon 870 5G, 6GB RAM</li>
<li>Năng lượng bất tận, làm chủ cuộc chơi - Viên pin 4500 mAh, sạc nhanh 67W</li>
<li>Bộ camera ấn tượng với camera chính lên đến 64MP, cùng đa dạng chế độ chụp</li>
</ul>
</div>
<p>The post <a href="http://https://github.com/lekhanhluan/lekhanhluan.github.io.git/san-pham/cap/">Xiaomi Poco F4</a> first appeared on <a href="http://https://github.com/lekhanhluan/lekhanhluan.github.io.git">Luan FastFood</a>.</p>]]></description>
										<content:encoded><![CDATA[<h2><strong>Đánh giá điện thoại Xiaomi Poco F4 – Thiết kế mạnh mẽ, hiệu năng vượt trội</strong></h2>
<p><a title="Xiaomi Poco F4" href="https://cellphones.com.vn/xiaomi-poco-f4.html"><strong>Xiaomi Poco F4</strong></a> sản phẩm làm nhiều tính đồ công nghệ mong chờ, với thiết kế và hiệu năng nổi bật, mang sự đặt biệt của thương hiệu <a title="Điện thoại Xiaomi chính hãng" href="https://cellphones.com.vn/mobile/hang-sap-ve/xiaomi.html" target="_self" rel="noopener">điện thoại Xiaomi</a>. Poco 4 đã được hoàn thiện trong quá trình sản xuất và đưa ra thị trường sau một thời gian dài, chắc chắn sẽ không khiến người dùng thất vọng về cả giá tiền và chất lượng mà máy mang lại.</p>
<p>Cùng tìm hiểu tổng quát về diện mạo và hiệu năng của <strong>Xiaomi Poco F4</strong> để biết được lý do tại sao mà nhiều người dùng chờ đợi để sở hữu thiết bị này.</p>
<h3><strong>Thiết kế Xiaomi Poco F4 sang trọng</strong></h3>
<blockquote><p><strong>Xiaomi Poco F4</strong> với thiết kế khác hoàn toàn so với những máy tiền nhiệm trước đây. Với cạnh viền vuông tạo nên sự mạnh mẽ, cá tính, không kém phần sang trọng, tạo sự thú vị khác biệt với nhiều sản phẩm điện thoại cùng phân khúc hiện nay.</p></blockquote>
<p><img decoding="async" src="https://cdn2.cellphones.com.vn/x,webp,q100/media/wysiwyg/Phone/Xiaomi/Poco/POCO-F4-5G-3.jpg" alt="Đánh giá điện thoại Xiaomi Poco F4 – Thiết kế mạnh mẽ, hiệu năng vượt trội" /></p>
<p>Camera sắc nét ấn tượng giúp người dùng nắm bắt từng khoảnh khắc nhờ máy ảnh selfie là 20MP, rõ ràng, sinh động.</p>
<p>Ngoài ra, sản phẩm với hệ thống có ba camera, gọn gàng, không chiếm diện tích của máy, phía sau còn gồm có cảm biến chính lên đến 64MP. Phóng tầm nhìn với góc rộng là 8MP và kèm theo là camera macro 2MP, tạo cảm giác rõ nét, rộng hơn khi chụp ảnh.</p>
<p>Xiaomi Poco F4 được khởi động với giao diện là MIUI 13 dựa trên nền tảng Android 12, ra mắt với phiên bản đổi tên của dòng máy Redmi K40, đây là tin đồn của nhiều người về sản phẩm này.</p>
<h3><strong>Hiệu năng Poco F4 vượt trội</strong></h3>
<blockquote><p>Bên cạnh thiết kế, người dùng quan tâm hơn đó là hiệu năng máy, <strong>POCO F4</strong> sẽ khởi động dựa trên hệ điều hành Android 12 với chipset Qualcomm Snapdragon 870 tạo sự mạnh mẽ cho máy. Đây chính là phần người dùng bỏ tiền ra vô cùng xứng đáng. Khi chơi game sẽ giảm độ trễ đi rất nhiều thay vào đó là sự nhanh nhẹn, chiến thắng dễ dàng hơn, giống với sản phẩm tiền nhiệm trước là POCO F3. Ngoài ra, Chipset còn được ghép nối RAM LPDDR5 và cả bộ nhớ trong là UFS 3.1.</p></blockquote>
<p><img decoding="async" src="https://cdn2.cellphones.com.vn/x,webp,q100/media/wysiwyg/Phone/Xiaomi/Poco/POCO-F4-5G-2.jpg" alt="Đánh giá điện thoại Xiaomi Poco F4 – Thiết kế mạnh mẽ, hiệu năng vượt trội" /></p>
<p><strong>Xiaomi Poco F4</strong> sẽ có các phiên bản RAM lớn giúp người dùng lưu trữ nhiều thông tin, không lo lắng nhanh hết dung lượng khi đang sử dụng. Với bộ nhớ dung lượng lớn, có hai phiên bản 8GB/128GB và 12GB/256GB.</p>
<h3><strong>Thời lượng pin cho phép sử dụng cả ngày</strong></h3>
<blockquote><p><strong>Xiaomi Poco F4</strong> còn có thời lượng <strong>pin 4,500 mAh</strong>, người dùng tha hồ lướt web, chơi game giải trí hay làm việc cả một ngày dài mà không lo lắng hết pin giữa chừng, bên cạnh đó sản phẩm còn kết hợp hỗ trợ sạc nhanh lên đến 67W để sạc pin ngay khi cần đến.</p></blockquote>
<p><img decoding="async" src="https://cdn2.cellphones.com.vn/x,webp,q100/media/wysiwyg/Phone/Xiaomi/Poco/POCO-F4-5G-1.jpg" alt="Đánh giá điện thoại Xiaomi Poco F4 – Thiết kế mạnh mẽ, hiệu năng vượt trội" /></p>
<h3><strong>Tốc độ nhanh nhạy</strong></h3>
<blockquote><p><strong>POCO F4</strong> có độ phân giải full HD+, tốc độ nhanh nhạy khiến người dùng phải kinh ngạc bởi đồ họa chân thực, sống động với màn hình khá rộng. Kết hợp với con chip tầm trung mạnh mẽ, hiệu suất cao tạo trải nghiệm tốt nhất dành đến cho người dùng.</p></blockquote>
<p><img decoding="async" src="https://cdn2.cellphones.com.vn/x,webp,q100/media/wysiwyg/Phone/Xiaomi/Poco/POCO-F4-5G-6.jpg" alt="Đánh giá điện thoại Xiaomi Poco F4 – Thiết kế mạnh mẽ, hiệu năng vượt trội" /></p>
<p>Sản phẩm Xiaomi Poco F4 được hoàn thiện dần và với tần số quét lên đến 120Hz, Sử dụng tấm nền AMOLED tạo khả năng tối sử khi chơi game, hiệu ứng chuyển cảnh nhanh chóng, hứa hẹn sẽ mang đến cho người sử dụng những giây phút mượt mà, nhanh chóng hơn khi chiến trong game hay nghe nhạc, xem phim.</p>
<h2><strong>Mua ngay Xiaomi Poco F4 chất lượng tại CellphoneS</strong></h2>
<p>Bạn đang có ý định mua Xiaomi Poco F4 nhưng không biết nơi nào giá tốt, sợ mua phải hàng giả, hàng đểu. Đừng lo lắng về điều này, hãy đến ngay CellphoneS gồm nhiều chi nhánh và có tiếng về nhập hàng chính hãng, giá cả phải chăng, dịch vụ tốt kèm theo đó là nhiều ưu đãi, bảo hành để bảo đảm quyền lợi của khách hàng.</p>
<h2><strong>Các câu hỏi thường gặp</strong></h2>
<p>POCO F4 có thể đáp ứng các nhu cầu sử dụng cơ bản, phù hợp với học sinh, sinh viên hoặc những ai sử dụng các tác vụ cơ bản như xem phim, nghe nhạc, nhắn tin, gọi video call,&#8230; Khi có bất cứ câu hỏi nào về Xiaomi POCO F4, quý khách đừng ngại ngần liên hệ ngay với CellphoneS qua số điện thoại 1800.2097, Fanpage CellphoneS hoặc nhắn tin trò truyện ngay trên Website với tư vấn viên để được giải đáp nhanh chóng nhất!</p><p>The post <a href="http://https://github.com/lekhanhluan/lekhanhluan.github.io.git/san-pham/cap/">Xiaomi Poco F4</a> first appeared on <a href="http://https://github.com/lekhanhluan/lekhanhluan.github.io.git">Luan FastFood</a>.</p>]]></content:encoded>
					
					<wfw:commentRss>http://https://github.com/lekhanhluan/lekhanhluan.github.io.git/san-pham/cap/feed/</wfw:commentRss>
			<slash:comments>0</slash:comments>
		
		
			</item>
		<item>
		<title>V-Neck T-Shirt</title>
		<link>http://https://github.com/lekhanhluan/lekhanhluan.github.io.git/san-pham/v-neck-t-shirt/?utm_source=rss#038;utm_medium=rss&#038;utm_campaign=v-neck-t-shirt</link>
					<comments>http://https://github.com/lekhanhluan/lekhanhluan.github.io.git/san-pham/v-neck-t-shirt/#respond</comments>
		
		<dc:creator><![CDATA[lekhanhluan]]></dc:creator>
		<pubDate>Wed, 16 Jan 2019 13:01:52 +0000</pubDate>
				<guid isPermaLink="false">https://woocommercecore.mystagingwebsite.com/product/v-neck-t-shirt/</guid>

					<description><![CDATA[<p>Pellentesque habitant morbi tristique senectus et netus et malesuada fames ac turpis egestas. Vestibulum tortor quam, feugiat vitae, ultricies eget, tempor sit amet, ante. Donec eu libero sit amet quam egestas semper. Aenean ultricies mi vitae est. Mauris placerat eleifend leo.</p>
<p>The post <a href="http://https://github.com/lekhanhluan/lekhanhluan.github.io.git/san-pham/v-neck-t-shirt/">V-Neck T-Shirt</a> first appeared on <a href="http://https://github.com/lekhanhluan/lekhanhluan.github.io.git">Luan FastFood</a>.</p>]]></description>
										<content:encoded><![CDATA[<p>Pellentesque habitant morbi tristique senectus et netus et malesuada fames ac turpis egestas. Vestibulum tortor quam, feugiat vitae, ultricies eget, tempor sit amet, ante. Donec eu libero sit amet quam egestas semper. Aenean ultricies mi vitae est. Mauris placerat eleifend leo.</p><p>The post <a href="http://https://github.com/lekhanhluan/lekhanhluan.github.io.git/san-pham/v-neck-t-shirt/">V-Neck T-Shirt</a> first appeared on <a href="http://https://github.com/lekhanhluan/lekhanhluan.github.io.git">Luan FastFood</a>.</p>]]></content:encoded>
					
					<wfw:commentRss>http://https://github.com/lekhanhluan/lekhanhluan.github.io.git/san-pham/v-neck-t-shirt/feed/</wfw:commentRss>
			<slash:comments>0</slash:comments>
		
		
			</item>
	</channel>
</rss>
