<?xml version="1.0" encoding="UTF-8"?><rss version="2.0"
	xmlns:content="http://purl.org/rss/1.0/modules/content/"
	xmlns:wfw="http://wellformedweb.org/CommentAPI/"
	xmlns:dc="http://purl.org/dc/elements/1.1/"
	xmlns:atom="http://www.w3.org/2005/Atom"
	xmlns:sy="http://purl.org/rss/1.0/modules/syndication/"
	xmlns:slash="http://purl.org/rss/1.0/modules/slash/"
	>

<channel>
	<title>Uncategorized - Luan FastFood</title>
	<atom:link href="http://https://github.com/lekhanhluan/lekhanhluan.github.io.git/category/uncategorized/feed/" rel="self" type="application/rss+xml" />
	<link>http://https://github.com/lekhanhluan/lekhanhluan.github.io.git</link>
	<description></description>
	<lastBuildDate>Mon, 15 Jul 2019 11:40:44 +0000</lastBuildDate>
	<language>vi</language>
	<sy:updatePeriod>
	hourly	</sy:updatePeriod>
	<sy:updateFrequency>
	1	</sy:updateFrequency>
	<generator>https://wordpress.org/?v=6.2.2</generator>
	<item>
		<title>Why flower shop is Sexy</title>
		<link>http://https://github.com/lekhanhluan/lekhanhluan.github.io.git/2019/07/15/why-flower-shop-is-sexy/?utm_source=rss#038;utm_medium=rss&#038;utm_campaign=why-flower-shop-is-sexy</link>
					<comments>http://https://github.com/lekhanhluan/lekhanhluan.github.io.git/2019/07/15/why-flower-shop-is-sexy/#respond</comments>
		
		<dc:creator><![CDATA[lekhanhluan]]></dc:creator>
		<pubDate>Mon, 15 Jul 2019 11:40:44 +0000</pubDate>
				<category><![CDATA[Uncategorized]]></category>
		<guid isPermaLink="false">https://wpthemes.themehunk.com/almaira-shop-light-scheme/?p=514</guid>

					<description><![CDATA[<p>Egestas sed sed risus pretium quam vulputate dignissim. Laoreet non curabitur gravida arcu ac tortor dignissim. Integer malesuada nunc vel risus commodo viverra maecenas accumsan. Nisi scelerisque eu ultrices vitae auctor. Vel facilisis volutpat est velit. Ut aliquam purus sit amet. Imperdiet dui accumsan sit amet nulla facilisi morbi. Mollis nunc sed id semper risus &#8230;</p>
<p class="read-more"> <a class=" thunk-readmore button " href="http://https://github.com/lekhanhluan/lekhanhluan.github.io.git/2019/07/15/why-flower-shop-is-sexy/"> <span class="screen-reader-text">Why flower shop is Sexy</span>Read More</a></p>
<p>The post <a href="http://https://github.com/lekhanhluan/lekhanhluan.github.io.git/2019/07/15/why-flower-shop-is-sexy/">Why flower shop is Sexy</a> first appeared on <a href="http://https://github.com/lekhanhluan/lekhanhluan.github.io.git">Luan FastFood</a>.</p>]]></description>
										<content:encoded><![CDATA[<p>Egestas sed sed risus pretium quam vulputate dignissim. Laoreet non curabitur gravida arcu ac tortor dignissim. Integer malesuada nunc vel risus commodo viverra maecenas accumsan. Nisi scelerisque eu ultrices vitae auctor. Vel facilisis volutpat est velit. Ut aliquam purus sit amet. Imperdiet dui accumsan sit amet nulla facilisi morbi. Mollis nunc sed id semper risus in. Fermentum iaculis eu non diam phasellus vestibulum lorem sed risus. Felis eget velit aliquet sagittis id consectetur.</p>



<p>Faucibus et molestie ac feugiat. Augue lacus viverra vitae congue eu consequat. Erat velit scelerisque in dictum non. Ut diam quam nulla porttitor massa. Egestas congue quisque egestas diam. Tincidunt nunc pulvinar sapien et ligula ullamcorper. Sodales neque sodales ut etiam sit amet. Justo laoreet sit amet cursus sit. Suspendisse ultrices gravida dictum fusce ut placerat orci nulla. Maecenas pharetra convallis posuere morbi leo urna molestie. Ipsum suspendisse ultrices gravida dictum fusce. Sed vulputate odio ut enim. Morbi tristique senectus et netus et malesuada. Facilisi cras fermentum odio eu feugiat pretium. Amet tellus cras adipiscing enim.</p><p>The post <a href="http://https://github.com/lekhanhluan/lekhanhluan.github.io.git/2019/07/15/why-flower-shop-is-sexy/">Why flower shop is Sexy</a> first appeared on <a href="http://https://github.com/lekhanhluan/lekhanhluan.github.io.git">Luan FastFood</a>.</p>]]></content:encoded>
					
					<wfw:commentRss>http://https://github.com/lekhanhluan/lekhanhluan.github.io.git/2019/07/15/why-flower-shop-is-sexy/feed/</wfw:commentRss>
			<slash:comments>0</slash:comments>
		
		
			</item>
		<item>
		<title>shop together: Do You Really Need It? This Will Help You Decide!</title>
		<link>http://https://github.com/lekhanhluan/lekhanhluan.github.io.git/2019/07/15/shop-together-do-you-really-need-it-this-will-help-you-decide/?utm_source=rss#038;utm_medium=rss&#038;utm_campaign=shop-together-do-you-really-need-it-this-will-help-you-decide</link>
					<comments>http://https://github.com/lekhanhluan/lekhanhluan.github.io.git/2019/07/15/shop-together-do-you-really-need-it-this-will-help-you-decide/#respond</comments>
		
		<dc:creator><![CDATA[lekhanhluan]]></dc:creator>
		<pubDate>Mon, 15 Jul 2019 11:37:37 +0000</pubDate>
				<category><![CDATA[Uncategorized]]></category>
		<guid isPermaLink="false">https://wpthemes.themehunk.com/almaira-shop-light-scheme/?p=511</guid>

					<description><![CDATA[<p>Egestas sed sed risus pretium quam vulputate dignissim. Laoreet non curabitur gravida arcu ac tortor dignissim. Integer malesuada nunc vel risus commodo viverra maecenas accumsan. Nisi scelerisque eu ultrices vitae auctor. Vel facilisis volutpat est velit. Ut aliquam purus sit amet. Imperdiet dui accumsan sit amet nulla facilisi morbi. Mollis nunc sed id semper risus &#8230;</p>
<p class="read-more"> <a class=" thunk-readmore button " href="http://https://github.com/lekhanhluan/lekhanhluan.github.io.git/2019/07/15/shop-together-do-you-really-need-it-this-will-help-you-decide/"> <span class="screen-reader-text">shop together: Do You Really Need It? This Will Help You Decide!</span>Read More</a></p>
<p>The post <a href="http://https://github.com/lekhanhluan/lekhanhluan.github.io.git/2019/07/15/shop-together-do-you-really-need-it-this-will-help-you-decide/">shop together: Do You Really Need It? This Will Help You Decide!</a> first appeared on <a href="http://https://github.com/lekhanhluan/lekhanhluan.github.io.git">Luan FastFood</a>.</p>]]></description>
										<content:encoded><![CDATA[<p>Egestas sed sed risus pretium quam vulputate dignissim. Laoreet non curabitur gravida arcu ac tortor dignissim. Integer malesuada nunc vel risus commodo viverra maecenas accumsan. Nisi scelerisque eu ultrices vitae auctor. Vel facilisis volutpat est velit. Ut aliquam purus sit amet. Imperdiet dui accumsan sit amet nulla facilisi morbi. Mollis nunc sed id semper risus in. Fermentum iaculis eu non diam phasellus vestibulum lorem sed risus. Felis eget velit aliquet sagittis id consectetur.</p>



<p>Faucibus et molestie ac feugiat. Augue lacus viverra vitae congue eu consequat. Erat velit scelerisque in dictum non. Ut diam quam nulla porttitor massa. Egestas congue quisque egestas diam. Tincidunt nunc pulvinar sapien et ligula ullamcorper. Sodales neque sodales ut etiam sit amet. Justo laoreet sit amet cursus sit. Suspendisse ultrices gravida dictum fusce ut placerat orci nulla. Maecenas pharetra convallis posuere morbi leo urna molestie. Ipsum suspendisse ultrices gravida dictum fusce. Sed vulputate odio ut enim. Morbi tristique senectus et netus et malesuada. Facilisi cras fermentum odio eu feugiat pretium. Amet tellus cras adipiscing enim.</p><p>The post <a href="http://https://github.com/lekhanhluan/lekhanhluan.github.io.git/2019/07/15/shop-together-do-you-really-need-it-this-will-help-you-decide/">shop together: Do You Really Need It? This Will Help You Decide!</a> first appeared on <a href="http://https://github.com/lekhanhluan/lekhanhluan.github.io.git">Luan FastFood</a>.</p>]]></content:encoded>
					
					<wfw:commentRss>http://https://github.com/lekhanhluan/lekhanhluan.github.io.git/2019/07/15/shop-together-do-you-really-need-it-this-will-help-you-decide/feed/</wfw:commentRss>
			<slash:comments>0</slash:comments>
		
		
			</item>
		<item>
		<title>10 Ways To Succeed at shop</title>
		<link>http://https://github.com/lekhanhluan/lekhanhluan.github.io.git/2019/07/15/10-ways-to-succeed-at-shop/?utm_source=rss#038;utm_medium=rss&#038;utm_campaign=10-ways-to-succeed-at-shop</link>
					<comments>http://https://github.com/lekhanhluan/lekhanhluan.github.io.git/2019/07/15/10-ways-to-succeed-at-shop/#respond</comments>
		
		<dc:creator><![CDATA[lekhanhluan]]></dc:creator>
		<pubDate>Mon, 15 Jul 2019 11:34:36 +0000</pubDate>
				<category><![CDATA[Uncategorized]]></category>
		<guid isPermaLink="false">https://wpthemes.themehunk.com/almaira-shop-light-scheme/?p=508</guid>

					<description><![CDATA[<p>Egestas sed sed risus pretium quam vulputate dignissim. Laoreet non curabitur gravida arcu ac tortor dignissim. Integer malesuada nunc vel risus commodo viverra maecenas accumsan. Nisi scelerisque eu ultrices vitae auctor. Vel facilisis volutpat est velit. Ut aliquam purus sit amet. Imperdiet dui accumsan sit amet nulla facilisi morbi. Mollis nunc sed id semper risus &#8230;</p>
<p class="read-more"> <a class=" thunk-readmore button " href="http://https://github.com/lekhanhluan/lekhanhluan.github.io.git/2019/07/15/10-ways-to-succeed-at-shop/"> <span class="screen-reader-text">10 Ways To Succeed at shop</span>Read More</a></p>
<p>The post <a href="http://https://github.com/lekhanhluan/lekhanhluan.github.io.git/2019/07/15/10-ways-to-succeed-at-shop/">10 Ways To Succeed at shop</a> first appeared on <a href="http://https://github.com/lekhanhluan/lekhanhluan.github.io.git">Luan FastFood</a>.</p>]]></description>
										<content:encoded><![CDATA[<p>Egestas sed sed risus pretium quam vulputate dignissim. Laoreet non curabitur gravida arcu ac tortor dignissim. Integer malesuada nunc vel risus commodo viverra maecenas accumsan. Nisi scelerisque eu ultrices vitae auctor. Vel facilisis volutpat est velit. Ut aliquam purus sit amet. Imperdiet dui accumsan sit amet nulla facilisi morbi. Mollis nunc sed id semper risus in. Fermentum iaculis eu non diam phasellus vestibulum lorem sed risus. Felis eget velit aliquet sagittis id consectetur.</p>



<p>Faucibus et molestie ac feugiat. Augue lacus viverra vitae congue eu consequat. Erat velit scelerisque in dictum non. Ut diam quam nulla porttitor massa. Egestas congue quisque egestas diam. Tincidunt nunc pulvinar sapien et ligula ullamcorper. Sodales neque sodales ut etiam sit amet. Justo laoreet sit amet cursus sit. Suspendisse ultrices gravida dictum fusce ut placerat orci nulla. Maecenas pharetra convallis posuere morbi leo urna molestie. Ipsum suspendisse ultrices gravida dictum fusce. Sed vulputate odio ut enim. Morbi tristique senectus et netus et malesuada. Facilisi cras fermentum odio eu feugiat pretium. Amet tellus cras adipiscing enim.</p><p>The post <a href="http://https://github.com/lekhanhluan/lekhanhluan.github.io.git/2019/07/15/10-ways-to-succeed-at-shop/">10 Ways To Succeed at shop</a> first appeared on <a href="http://https://github.com/lekhanhluan/lekhanhluan.github.io.git">Luan FastFood</a>.</p>]]></content:encoded>
					
					<wfw:commentRss>http://https://github.com/lekhanhluan/lekhanhluan.github.io.git/2019/07/15/10-ways-to-succeed-at-shop/feed/</wfw:commentRss>
			<slash:comments>0</slash:comments>
		
		
			</item>
	</channel>
</rss>
