<?xml version="1.0" encoding="UTF-8"?><rss version="2.0"
	xmlns:content="http://purl.org/rss/1.0/modules/content/"
	xmlns:wfw="http://wellformedweb.org/CommentAPI/"
	xmlns:dc="http://purl.org/dc/elements/1.1/"
	xmlns:atom="http://www.w3.org/2005/Atom"
	xmlns:sy="http://purl.org/rss/1.0/modules/syndication/"
	xmlns:slash="http://purl.org/rss/1.0/modules/slash/"
	>

<channel>
	<title>Clothing - Luan FastFood</title>
	<atom:link href="http://https://github.com/lekhanhluan/lekhanhluan.github.io.git/danh-muc-san-pham/clothing/feed/" rel="self" type="application/rss+xml" />
	<link>http://https://github.com/lekhanhluan/lekhanhluan.github.io.git</link>
	<description></description>
	<lastBuildDate>Thu, 25 May 2023 09:19:03 +0000</lastBuildDate>
	<language>vi</language>
	<sy:updatePeriod>
	hourly	</sy:updatePeriod>
	<sy:updateFrequency>
	1	</sy:updateFrequency>
	<generator>https://wordpress.org/?v=6.2.2</generator>
	<item>
		<title>iPhone 11 64GB &#124; Chính hãng VN/A</title>
		<link>http://https://github.com/lekhanhluan/lekhanhluan.github.io.git/san-pham/iphone-11-64gb-chinh-hang-vn-a-sao-chep/?utm_source=rss#038;utm_medium=rss&#038;utm_campaign=iphone-11-64gb-chinh-hang-vn-a-sao-chep</link>
					<comments>http://https://github.com/lekhanhluan/lekhanhluan.github.io.git/san-pham/iphone-11-64gb-chinh-hang-vn-a-sao-chep/#respond</comments>
		
		<dc:creator><![CDATA[lekhanhluan]]></dc:creator>
		<pubDate>Thu, 25 May 2023 08:54:11 +0000</pubDate>
				<guid isPermaLink="false">http://https://github.com/lekhanhluan/lekhanhluan.github.io.git/?post_type=product#038;p=702</guid>

					<description><![CDATA[<div class="ksp-content p-2 mb-2">
<h2 class="ksp-title has-text-centered" style="text-align: center;">ĐẶC ĐIỂM NỔI BẬT</h2>
<div>
<ul>
<li>Màu sắc phù hợp cá tính - 6 màu sắc bắt mắt để lựa chọn</li>
<li>Hiệu năng mượt mà, ổn định - Chip A13, RAM 4GB</li>
<li>Bắt trọn khung hình - Camera kép hỗ trợ góc rộng, chế độ Night Mode</li>
<li>Yên tâm sử dụng - Kháng nước, kháng bụi IP68, kính cường lực Gorilla</li>
</ul>
</div>
</div>
<div></div>
<p>The post <a href="http://https://github.com/lekhanhluan/lekhanhluan.github.io.git/san-pham/iphone-11-64gb-chinh-hang-vn-a-sao-chep/">iPhone 11 64GB | Chính hãng VN/A</a> first appeared on <a href="http://https://github.com/lekhanhluan/lekhanhluan.github.io.git">Luan FastFood</a>.</p>]]></description>
										<content:encoded><![CDATA[<h2 style="text-align: center;"><strong>Tin tức mới nhất về điện thoại iPhone 11</strong></h2>
<p>Đầu quý 1 năm 2023, thị trường công nghệ bắt đầu nhộn nhịp trở lại, các đại lý bán lẻ đặc biệt là CellphoneS tung ra nhiều chương trình ưu đãi giảm giá hấp dẫn. Trong đó không thể không nhắc đến chính là iPhone 11 giảm cực sốc so với thời điểm trước đó.</p>
<p>Cụ thể, giá iPhone 11 đã giảm về mức chỉ quanh 10-11 triệu đồng, khiến nhu cầu mua sắm tăng chóng mặt so với các tháng trước. Không những vậy, khách hàng còn nhận được ưu đãi hấp dẫn khi thu cũ lên đời tại CellphoneS, đồng thời còn được giảm giá thêm khi thanh toán qua ví Moca, VNPay hay thẻ tín dụng.</p>
<h2><strong>Thông số iPhone 11 được nâng cấp gì so với iPhone XR?</strong></h2>
<p>So với iPhone XR thì siêu phẩm Apple năm 2019 có nhiều nâng cấp đáng giá, trong đó nổi bật là con chip xử lý, bộ nhớ RAM, dung lượng pin, đặc biệt là camera trước và sau. Dưới đây là bảng so sánh thông số kỹ thuật của iPhone 11 và XR bạn có thể tham khảo:</p>
<table class="table table-bordered" style="height: 735px;" border="0" width="972">
<tbody>
<tr class="info">
<td><strong>iPhone 11</strong></td>
<td><strong>iPhone XR</strong></td>
</tr>
<tr>
<td><strong>Màn hình</strong></td>
<td>IPS LCD 6.1 inch</td>
<td>IPS LCD 6.1 inch</td>
</tr>
<tr>
<td><strong>Độ phân giải</strong></td>
<td>828 x 1792 pixel</td>
<td>828 x 1792 pixel</td>
</tr>
<tr>
<td><strong>Mật độ điểm ảnh</strong></td>
<td>326PPI</td>
<td>326PPI</td>
</tr>
<tr>
<td><strong>Tần số quét</strong></td>
<td>60Hz</td>
<td>60Hz</td>
</tr>
<tr>
<td><strong>Chip xử lý</strong></td>
<td><strong>A13 Bionic</strong></td>
<td>A12 Bionic</td>
</tr>
<tr>
<td><strong>Dung lượng RAM</strong></td>
<td><strong>4GB</strong></td>
<td>3GB</td>
</tr>
<tr>
<td><strong>Bộ nhớ trong</strong></td>
<td>64GB, 128GB, 256GB</td>
<td>64GB, 128GB, 256GB</td>
</tr>
<tr>
<td><strong>Dung lượng pin</strong></td>
<td><strong>3110 mAh</strong></td>
<td>2942 mAh</td>
</tr>
<tr>
<td><strong>Camera trước</strong></td>
<td><strong>12MP</strong></td>
<td>7MP</td>
</tr>
<tr>
<td><strong>Camera sau</strong></td>
<td><strong>12MP + 12MP</strong></td>
<td>12MP</td>
</tr>
<tr>
<td><strong>Màu sắc</strong></td>
<td>6 màu</td>
<td>6 màu</td>
</tr>
</tbody>
</table>
<p><img decoding="async" class="size-full wp-image-667 aligncenter" src="http://https://github.com/lekhanhluan/lekhanhluan.github.io.git/wp-content/uploads/2019/01/iphone-11-3_1.webp" alt="" width="810" height="456" /></p>
<p>Mặc dù không còn giữ được sức nóng và độ hot như những ngày đầu mới được ra mắt nhưng ở thời điểm hiện tại, bạn khó có thể tìm được một sản phẩm nào sở hữu hiệu năng ổn định với mức giá thành siêu rẻ như iPhone 11. Với việc được hạ giá thành xuống thấp tới mức không thể nào hấp dẫn hơn, iPhone 11 sẽ tạo nên một con sốt trên thị trường smartphone thời điểm này.</p>
<p>Hiện tại, iPhone 11 vẫn được các chuyên gia đánh giá rất cao về độ ổn định của cấu hình trong thời gian dài sử dụng cũng như độ sắc nét mượt mà của màn hình trong các tác vụ như xem phim, chơi game. Về thiết kế bên ngoài, sản phẩm cũng vẫn luôn nhận được những phản hồi tích cực về sự bền bỉ, chắc chắn, cho cảm giác cầm nắm thoải mái, vừa tay.</p>
<p><img decoding="async" class="wp-image-668 aligncenter" src="http://https://github.com/lekhanhluan/lekhanhluan.github.io.git/wp-content/uploads/2019/01/iphone-11-7_1.webp" alt="" width="773" height="435" /></p><p>The post <a href="http://https://github.com/lekhanhluan/lekhanhluan.github.io.git/san-pham/iphone-11-64gb-chinh-hang-vn-a-sao-chep/">iPhone 11 64GB | Chính hãng VN/A</a> first appeared on <a href="http://https://github.com/lekhanhluan/lekhanhluan.github.io.git">Luan FastFood</a>.</p>]]></content:encoded>
					
					<wfw:commentRss>http://https://github.com/lekhanhluan/lekhanhluan.github.io.git/san-pham/iphone-11-64gb-chinh-hang-vn-a-sao-chep/feed/</wfw:commentRss>
			<slash:comments>0</slash:comments>
		
		
			</item>
		<item>
		<title>iPhone 11 64GB &#124; Chính hãng VN/A</title>
		<link>http://https://github.com/lekhanhluan/lekhanhluan.github.io.git/san-pham/logo-collection/?utm_source=rss#038;utm_medium=rss&#038;utm_campaign=logo-collection</link>
					<comments>http://https://github.com/lekhanhluan/lekhanhluan.github.io.git/san-pham/logo-collection/#respond</comments>
		
		<dc:creator><![CDATA[lekhanhluan]]></dc:creator>
		<pubDate>Wed, 16 Jan 2019 13:01:55 +0000</pubDate>
				<guid isPermaLink="false">https://woocommercecore.mystagingwebsite.com/product/logo-collection/</guid>

					<description><![CDATA[<div class="ksp-content p-2 mb-2">
<h2 class="ksp-title has-text-centered" style="text-align: center;">ĐẶC ĐIỂM NỔI BẬT</h2>
<div>
<ul>
<li>Màu sắc phù hợp cá tính - 6 màu sắc bắt mắt để lựa chọn</li>
<li>Hiệu năng mượt mà, ổn định - Chip A13, RAM 4GB</li>
<li>Bắt trọn khung hình - Camera kép hỗ trợ góc rộng, chế độ Night Mode</li>
<li>Yên tâm sử dụng - Kháng nước, kháng bụi IP68, kính cường lực Gorilla</li>
</ul>
</div>
</div>
<div></div>
<p>The post <a href="http://https://github.com/lekhanhluan/lekhanhluan.github.io.git/san-pham/logo-collection/">iPhone 11 64GB | Chính hãng VN/A</a> first appeared on <a href="http://https://github.com/lekhanhluan/lekhanhluan.github.io.git">Luan FastFood</a>.</p>]]></description>
										<content:encoded><![CDATA[<h2 style="text-align: center;"><strong>Tin tức mới nhất về điện thoại iPhone 11</strong></h2>
<p>Đầu quý 1 năm 2023, thị trường công nghệ bắt đầu nhộn nhịp trở lại, các đại lý bán lẻ đặc biệt là CellphoneS tung ra nhiều chương trình ưu đãi giảm giá hấp dẫn. Trong đó không thể không nhắc đến chính là iPhone 11 giảm cực sốc so với thời điểm trước đó.</p>
<p>Cụ thể, giá iPhone 11 đã giảm về mức chỉ quanh 10-11 triệu đồng, khiến nhu cầu mua sắm tăng chóng mặt so với các tháng trước. Không những vậy, khách hàng còn nhận được ưu đãi hấp dẫn khi thu cũ lên đời tại CellphoneS, đồng thời còn được giảm giá thêm khi thanh toán qua ví Moca, VNPay hay thẻ tín dụng.</p>
<h2><strong>Thông số iPhone 11 được nâng cấp gì so với iPhone XR?</strong></h2>
<p>So với iPhone XR thì siêu phẩm Apple năm 2019 có nhiều nâng cấp đáng giá, trong đó nổi bật là con chip xử lý, bộ nhớ RAM, dung lượng pin, đặc biệt là camera trước và sau. Dưới đây là bảng so sánh thông số kỹ thuật của iPhone 11 và XR bạn có thể tham khảo:</p>
<table class="table table-bordered" style="height: 735px;" border="0" width="972">
<tbody>
<tr class="info">
<td><strong>iPhone 11</strong></td>
<td><strong>iPhone XR</strong></td>
</tr>
<tr>
<td><strong>Màn hình</strong></td>
<td>IPS LCD 6.1 inch</td>
<td>IPS LCD 6.1 inch</td>
</tr>
<tr>
<td><strong>Độ phân giải</strong></td>
<td>828 x 1792 pixel</td>
<td>828 x 1792 pixel</td>
</tr>
<tr>
<td><strong>Mật độ điểm ảnh</strong></td>
<td>326PPI</td>
<td>326PPI</td>
</tr>
<tr>
<td><strong>Tần số quét</strong></td>
<td>60Hz</td>
<td>60Hz</td>
</tr>
<tr>
<td><strong>Chip xử lý</strong></td>
<td><strong>A13 Bionic</strong></td>
<td>A12 Bionic</td>
</tr>
<tr>
<td><strong>Dung lượng RAM</strong></td>
<td><strong>4GB</strong></td>
<td>3GB</td>
</tr>
<tr>
<td><strong>Bộ nhớ trong</strong></td>
<td>64GB, 128GB, 256GB</td>
<td>64GB, 128GB, 256GB</td>
</tr>
<tr>
<td><strong>Dung lượng pin</strong></td>
<td><strong>3110 mAh</strong></td>
<td>2942 mAh</td>
</tr>
<tr>
<td><strong>Camera trước</strong></td>
<td><strong>12MP</strong></td>
<td>7MP</td>
</tr>
<tr>
<td><strong>Camera sau</strong></td>
<td><strong>12MP + 12MP</strong></td>
<td>12MP</td>
</tr>
<tr>
<td><strong>Màu sắc</strong></td>
<td>6 màu</td>
<td>6 màu</td>
</tr>
</tbody>
</table>
<p><img decoding="async" class="size-full wp-image-667 aligncenter" src="http://https://github.com/lekhanhluan/lekhanhluan.github.io.git/wp-content/uploads/2019/01/iphone-11-3_1.webp" alt="" width="810" height="456" /></p>
<p>Mặc dù không còn giữ được sức nóng và độ hot như những ngày đầu mới được ra mắt nhưng ở thời điểm hiện tại, bạn khó có thể tìm được một sản phẩm nào sở hữu hiệu năng ổn định với mức giá thành siêu rẻ như iPhone 11. Với việc được hạ giá thành xuống thấp tới mức không thể nào hấp dẫn hơn, iPhone 11 sẽ tạo nên một con sốt trên thị trường smartphone thời điểm này.</p>
<p>Hiện tại, iPhone 11 vẫn được các chuyên gia đánh giá rất cao về độ ổn định của cấu hình trong thời gian dài sử dụng cũng như độ sắc nét mượt mà của màn hình trong các tác vụ như xem phim, chơi game. Về thiết kế bên ngoài, sản phẩm cũng vẫn luôn nhận được những phản hồi tích cực về sự bền bỉ, chắc chắn, cho cảm giác cầm nắm thoải mái, vừa tay.</p>
<p><img decoding="async" class="wp-image-668 aligncenter" src="http://https://github.com/lekhanhluan/lekhanhluan.github.io.git/wp-content/uploads/2019/01/iphone-11-7_1.webp" alt="" width="773" height="435" /></p><p>The post <a href="http://https://github.com/lekhanhluan/lekhanhluan.github.io.git/san-pham/logo-collection/">iPhone 11 64GB | Chính hãng VN/A</a> first appeared on <a href="http://https://github.com/lekhanhluan/lekhanhluan.github.io.git">Luan FastFood</a>.</p>]]></content:encoded>
					
					<wfw:commentRss>http://https://github.com/lekhanhluan/lekhanhluan.github.io.git/san-pham/logo-collection/feed/</wfw:commentRss>
			<slash:comments>0</slash:comments>
		
		
			</item>
	</channel>
</rss>
