<?xml version="1.0" encoding="UTF-8"?><rss version="2.0"
	xmlns:content="http://purl.org/rss/1.0/modules/content/"
	xmlns:wfw="http://wellformedweb.org/CommentAPI/"
	xmlns:dc="http://purl.org/dc/elements/1.1/"
	xmlns:atom="http://www.w3.org/2005/Atom"
	xmlns:sy="http://purl.org/rss/1.0/modules/syndication/"
	xmlns:slash="http://purl.org/rss/1.0/modules/slash/"
	>

<channel>
	<title>Iphone - Luan FastFood</title>
	<atom:link href="http://https://github.com/lekhanhluan/lekhanhluan.github.io.git/danh-muc-san-pham/iphone/feed/" rel="self" type="application/rss+xml" />
	<link>http://https://github.com/lekhanhluan/lekhanhluan.github.io.git</link>
	<description></description>
	<lastBuildDate>Thu, 25 May 2023 09:19:57 +0000</lastBuildDate>
	<language>vi</language>
	<sy:updatePeriod>
	hourly	</sy:updatePeriod>
	<sy:updateFrequency>
	1	</sy:updateFrequency>
	<generator>https://wordpress.org/?v=6.2.2</generator>
	<item>
		<title>iPhone 12 128GB&#124; Chính hãng VN/A</title>
		<link>http://https://github.com/lekhanhluan/lekhanhluan.github.io.git/san-pham/iphone-12-128gb-chinh-hang-vn-a-sao-chep/?utm_source=rss#038;utm_medium=rss&#038;utm_campaign=iphone-12-128gb-chinh-hang-vn-a-sao-chep</link>
					<comments>http://https://github.com/lekhanhluan/lekhanhluan.github.io.git/san-pham/iphone-12-128gb-chinh-hang-vn-a-sao-chep/#respond</comments>
		
		<dc:creator><![CDATA[lekhanhluan]]></dc:creator>
		<pubDate>Thu, 25 May 2023 09:12:20 +0000</pubDate>
				<guid isPermaLink="false">http://https://github.com/lekhanhluan/lekhanhluan.github.io.git/?post_type=product#038;p=712</guid>

					<description><![CDATA[<h2 class="ksp-title has-text-centered" style="text-align: center;">ĐẶC ĐIỂM NỔI BẬT</h2>
<div>
<ul>
<li>Mạnh mẽ, siêu nhanh với chip A14, RAM 4GB, mạng 5G tốc độ cao</li>
<li>Rực rỡ, sắc nét, độ sáng cao - Màn hình OLED cao cấp, Super Retina XDR hỗ trợ HDR10, Dolby Vision</li>
<li>Chụp đêm ấn tượng - Night Mode cho 2 camera, thuật toán Deep Fusion, Smart HDR 3</li>
<li>Bền bỉ vượt trội - Kháng nước, kháng bụi IP68, mặt lưng Ceramic Shield</li>
</ul>
</div>
<p>The post <a href="http://https://github.com/lekhanhluan/lekhanhluan.github.io.git/san-pham/iphone-12-128gb-chinh-hang-vn-a-sao-chep/">iPhone 12 128GB| Chính hãng VN/A</a> first appeared on <a href="http://https://github.com/lekhanhluan/lekhanhluan.github.io.git">Luan FastFood</a>.</p>]]></description>
										<content:encoded><![CDATA[<h2 align="center"><strong>Apple iPhone 12 128GB chính hãng (VN/A) phiên bản bộ nhớ 128GB lưu trữ thoải </strong><strong>mái</strong></h2>
<p><em>iPhone 12 hiện nay là cái tên “sốt xình xịch” bởi đây là một trong 4 siêu phẩm vừa được ra mắt của Apple với những đột phá về cả thiết kế lẫn cấu hình. Phiên bản Apple iPhone 12 128GB chính là một trong những chiếc iPhone được săn đón nhất bởi dung lượng bộ nhớ khủng, cho phép bạn thoải mái với vô vàn ứng dụng.</em></p>
<h3><strong>Dung lượng bộ nhớ trong lên đến 128GB và chip Apple A14 độc quyền</strong></h3>
<p><a href="https://cellphones.com.vn/iphone-12.html">iPhone 12 VN/A</a> phiên bản bộ nhớ trong 128GB sẽ khiến bạn có thể vô tư với hàng tá ứng dụng, chứa rất nhiều ảnh, video và không cần lo lắng việc không đủ dung lượng sử dụng.</p>
<p><img decoding="async" class="alignnone size-full wp-image-667" src="http://https://github.com/lekhanhluan/lekhanhluan.github.io.git/wp-content/uploads/2019/01/iphone-11-3_1.webp" alt="" width="810" height="456" /></p>
<p>Ngoài ra, iPhone 12 128GB chính hãng (VN/A) còn hỗ trợ sạc nhanh lên đến 20W, tiết kiệm thời gian của bạn và có thể nhanh chóng tiếp tục sử dụng điện thoại của mình.</p>
<h2><strong>iPhone 12 128GB giá bao nhiêu?</strong></h2>
<p>Bên cạnh thiết kế, mẫu mã, hiệu năng và dung lượng pin thì iPhone 12 128GB giá bao nhiêu là điều được nhiều người quan tâm không kém. Giá ở hiện tại đã giảm đi rất nhiều so với thời điểm chiếc “Táo” này ra mắt. Nhờ vậy, việc sở hữu sản phẩm tốt giá hời nằm trong tầm tay của các tín đồ công nghệ, đặc biệt là iFan. Tại CellphoneS, iPhone 12 128GB hiện tại có mức giá từ 16 triệu đồng (giá có thể thay đổi tùy theo thời gian và chương trình khuyến mãi khác nhau). Như vậy bạn đã tiết kiệm đến hơn 20% so với giá ban đầu.</p>
<p><img decoding="async" class="alignnone size-full wp-image-662" src="http://https://github.com/lekhanhluan/lekhanhluan.github.io.git/wp-content/uploads/2019/01/iphone-12-7.webp" alt="" width="810" height="456" /></p><p>The post <a href="http://https://github.com/lekhanhluan/lekhanhluan.github.io.git/san-pham/iphone-12-128gb-chinh-hang-vn-a-sao-chep/">iPhone 12 128GB| Chính hãng VN/A</a> first appeared on <a href="http://https://github.com/lekhanhluan/lekhanhluan.github.io.git">Luan FastFood</a>.</p>]]></content:encoded>
					
					<wfw:commentRss>http://https://github.com/lekhanhluan/lekhanhluan.github.io.git/san-pham/iphone-12-128gb-chinh-hang-vn-a-sao-chep/feed/</wfw:commentRss>
			<slash:comments>0</slash:comments>
		
		
			</item>
		<item>
		<title>iPhone 11 64GB &#124; Chính hãng VN/A</title>
		<link>http://https://github.com/lekhanhluan/lekhanhluan.github.io.git/san-pham/iphone-11-64gb-chinh-hang-vn-a-sao-chep/?utm_source=rss#038;utm_medium=rss&#038;utm_campaign=iphone-11-64gb-chinh-hang-vn-a-sao-chep</link>
					<comments>http://https://github.com/lekhanhluan/lekhanhluan.github.io.git/san-pham/iphone-11-64gb-chinh-hang-vn-a-sao-chep/#respond</comments>
		
		<dc:creator><![CDATA[lekhanhluan]]></dc:creator>
		<pubDate>Thu, 25 May 2023 08:54:11 +0000</pubDate>
				<guid isPermaLink="false">http://https://github.com/lekhanhluan/lekhanhluan.github.io.git/?post_type=product#038;p=702</guid>

					<description><![CDATA[<div class="ksp-content p-2 mb-2">
<h2 class="ksp-title has-text-centered" style="text-align: center;">ĐẶC ĐIỂM NỔI BẬT</h2>
<div>
<ul>
<li>Màu sắc phù hợp cá tính - 6 màu sắc bắt mắt để lựa chọn</li>
<li>Hiệu năng mượt mà, ổn định - Chip A13, RAM 4GB</li>
<li>Bắt trọn khung hình - Camera kép hỗ trợ góc rộng, chế độ Night Mode</li>
<li>Yên tâm sử dụng - Kháng nước, kháng bụi IP68, kính cường lực Gorilla</li>
</ul>
</div>
</div>
<div></div>
<p>The post <a href="http://https://github.com/lekhanhluan/lekhanhluan.github.io.git/san-pham/iphone-11-64gb-chinh-hang-vn-a-sao-chep/">iPhone 11 64GB | Chính hãng VN/A</a> first appeared on <a href="http://https://github.com/lekhanhluan/lekhanhluan.github.io.git">Luan FastFood</a>.</p>]]></description>
										<content:encoded><![CDATA[<h2 style="text-align: center;"><strong>Tin tức mới nhất về điện thoại iPhone 11</strong></h2>
<p>Đầu quý 1 năm 2023, thị trường công nghệ bắt đầu nhộn nhịp trở lại, các đại lý bán lẻ đặc biệt là CellphoneS tung ra nhiều chương trình ưu đãi giảm giá hấp dẫn. Trong đó không thể không nhắc đến chính là iPhone 11 giảm cực sốc so với thời điểm trước đó.</p>
<p>Cụ thể, giá iPhone 11 đã giảm về mức chỉ quanh 10-11 triệu đồng, khiến nhu cầu mua sắm tăng chóng mặt so với các tháng trước. Không những vậy, khách hàng còn nhận được ưu đãi hấp dẫn khi thu cũ lên đời tại CellphoneS, đồng thời còn được giảm giá thêm khi thanh toán qua ví Moca, VNPay hay thẻ tín dụng.</p>
<h2><strong>Thông số iPhone 11 được nâng cấp gì so với iPhone XR?</strong></h2>
<p>So với iPhone XR thì siêu phẩm Apple năm 2019 có nhiều nâng cấp đáng giá, trong đó nổi bật là con chip xử lý, bộ nhớ RAM, dung lượng pin, đặc biệt là camera trước và sau. Dưới đây là bảng so sánh thông số kỹ thuật của iPhone 11 và XR bạn có thể tham khảo:</p>
<table class="table table-bordered" style="height: 735px;" border="0" width="972">
<tbody>
<tr class="info">
<td><strong>iPhone 11</strong></td>
<td><strong>iPhone XR</strong></td>
</tr>
<tr>
<td><strong>Màn hình</strong></td>
<td>IPS LCD 6.1 inch</td>
<td>IPS LCD 6.1 inch</td>
</tr>
<tr>
<td><strong>Độ phân giải</strong></td>
<td>828 x 1792 pixel</td>
<td>828 x 1792 pixel</td>
</tr>
<tr>
<td><strong>Mật độ điểm ảnh</strong></td>
<td>326PPI</td>
<td>326PPI</td>
</tr>
<tr>
<td><strong>Tần số quét</strong></td>
<td>60Hz</td>
<td>60Hz</td>
</tr>
<tr>
<td><strong>Chip xử lý</strong></td>
<td><strong>A13 Bionic</strong></td>
<td>A12 Bionic</td>
</tr>
<tr>
<td><strong>Dung lượng RAM</strong></td>
<td><strong>4GB</strong></td>
<td>3GB</td>
</tr>
<tr>
<td><strong>Bộ nhớ trong</strong></td>
<td>64GB, 128GB, 256GB</td>
<td>64GB, 128GB, 256GB</td>
</tr>
<tr>
<td><strong>Dung lượng pin</strong></td>
<td><strong>3110 mAh</strong></td>
<td>2942 mAh</td>
</tr>
<tr>
<td><strong>Camera trước</strong></td>
<td><strong>12MP</strong></td>
<td>7MP</td>
</tr>
<tr>
<td><strong>Camera sau</strong></td>
<td><strong>12MP + 12MP</strong></td>
<td>12MP</td>
</tr>
<tr>
<td><strong>Màu sắc</strong></td>
<td>6 màu</td>
<td>6 màu</td>
</tr>
</tbody>
</table>
<p><img decoding="async" class="size-full wp-image-667 aligncenter" src="http://https://github.com/lekhanhluan/lekhanhluan.github.io.git/wp-content/uploads/2019/01/iphone-11-3_1.webp" alt="" width="810" height="456" /></p>
<p>Mặc dù không còn giữ được sức nóng và độ hot như những ngày đầu mới được ra mắt nhưng ở thời điểm hiện tại, bạn khó có thể tìm được một sản phẩm nào sở hữu hiệu năng ổn định với mức giá thành siêu rẻ như iPhone 11. Với việc được hạ giá thành xuống thấp tới mức không thể nào hấp dẫn hơn, iPhone 11 sẽ tạo nên một con sốt trên thị trường smartphone thời điểm này.</p>
<p>Hiện tại, iPhone 11 vẫn được các chuyên gia đánh giá rất cao về độ ổn định của cấu hình trong thời gian dài sử dụng cũng như độ sắc nét mượt mà của màn hình trong các tác vụ như xem phim, chơi game. Về thiết kế bên ngoài, sản phẩm cũng vẫn luôn nhận được những phản hồi tích cực về sự bền bỉ, chắc chắn, cho cảm giác cầm nắm thoải mái, vừa tay.</p>
<p><img decoding="async" class="wp-image-668 aligncenter" src="http://https://github.com/lekhanhluan/lekhanhluan.github.io.git/wp-content/uploads/2019/01/iphone-11-7_1.webp" alt="" width="773" height="435" /></p><p>The post <a href="http://https://github.com/lekhanhluan/lekhanhluan.github.io.git/san-pham/iphone-11-64gb-chinh-hang-vn-a-sao-chep/">iPhone 11 64GB | Chính hãng VN/A</a> first appeared on <a href="http://https://github.com/lekhanhluan/lekhanhluan.github.io.git">Luan FastFood</a>.</p>]]></content:encoded>
					
					<wfw:commentRss>http://https://github.com/lekhanhluan/lekhanhluan.github.io.git/san-pham/iphone-11-64gb-chinh-hang-vn-a-sao-chep/feed/</wfw:commentRss>
			<slash:comments>0</slash:comments>
		
		
			</item>
		<item>
		<title>iPhone 12 64GB &#124; Chính hãng VN/A</title>
		<link>http://https://github.com/lekhanhluan/lekhanhluan.github.io.git/san-pham/iphone-12-64gb-chinh-hang-vn-a-sao-chep/?utm_source=rss#038;utm_medium=rss&#038;utm_campaign=iphone-12-64gb-chinh-hang-vn-a-sao-chep</link>
					<comments>http://https://github.com/lekhanhluan/lekhanhluan.github.io.git/san-pham/iphone-12-64gb-chinh-hang-vn-a-sao-chep/#respond</comments>
		
		<dc:creator><![CDATA[lekhanhluan]]></dc:creator>
		<pubDate>Thu, 25 May 2023 08:53:54 +0000</pubDate>
				<guid isPermaLink="false">http://https://github.com/lekhanhluan/lekhanhluan.github.io.git/?post_type=product#038;p=701</guid>

					<description><![CDATA[<h2 class="ksp-title has-text-centered">ĐẶC ĐIỂM NỔI BẬT</h2>
<div>
<ul>
<li>Mạnh mẽ, siêu nhanh với chip A14, RAM 4GB, mạng 5G tốc độ cao</li>
<li>Rực rỡ, sắc nét, độ sáng cao - Màn hình OLED cao cấp, Super Retina XDR hỗ trợ HDR10, Dolby Vision</li>
<li>Chụp đêm ấn tượng - Night Mode cho 2 camera, thuật toán Deep Fusion, Smart HDR 3</li>
<li>Bền bỉ vượt trội - Kháng nước, kháng bụi IP68, mặt lưng Ceramic Shield</li>
</ul>
</div>
<p>The post <a href="http://https://github.com/lekhanhluan/lekhanhluan.github.io.git/san-pham/iphone-12-64gb-chinh-hang-vn-a-sao-chep/">iPhone 12 64GB | Chính hãng VN/A</a> first appeared on <a href="http://https://github.com/lekhanhluan/lekhanhluan.github.io.git">Luan FastFood</a>.</p>]]></description>
										<content:encoded><![CDATA[<h2 style="text-align: center;"><strong>Đánh giá iPhone 12 &#8211; Siêu phẩm khẳng định đẳng cấp</strong></h2>
<p>Phiên bản iPhone 12 thường sở hữu nhiều điểm mới đặc biệt là về thiết kế và cấu hình so với các thế hệ trước đó.</p>
<h3><strong>Thiết kế </strong></h3>
<p>iPhone 12 gây ấn tượng với người dùng bởi thiết kế vuông vức quen thuộc, đây là thiết kế đã từng xuất hiện trên thế hệ iPhone 5 trước đó. Điện thoại được hoàn thiện mỏng hơn với cụm camera lớn hơn.</p>
<p>Đặc biệt, máy được trang bị một khung viền thép không gỉ. Mặt lưng <a href="https://cellphones.com.vn/mobile/apple/iphone-12-vna.html">điện thoại iPhone 12</a> được trang bị một mặt kính Ceramic Shield bóng bẩy, gây được sự chú ý của người đối diện.</p>
<p>Về kích thước cụ thể, máy có thông số từng cạnh lần lượt là 146.7 x 71.5 x 7.4 mm cùng cân nặng khoảng 164g. Tổng thể, máy khá mỏng nhẹ thích hợp với cả người dùng nam và nữ cũng như thích hợp với nhiều kích thước tay khác nhau.</p>
<p><img decoding="async" class="alignnone size-full wp-image-633" src="http://https://github.com/lekhanhluan/lekhanhluan.github.io.git/wp-content/uploads/2019/01/1684210858832-ly-do-nen-lua-chon-iphone-11-cu-o-thoi-diem-hien-tai.jpg" alt="" width="865" height="576" /></p>
<h3><strong>Màn hình </strong></h3>
<p>Màn hình là một điểm nhấn trên iPhone 12. Máy được trang bị tấm nền Super Retina XDR OLED, thay vì IPS LCD như thế hệ trước đó nhờ vậy người dùng sẽ cảm nhận được khả năng hiển thị sinh động, màu sắc đậm đà cũng như độ tương phản cao.</p>
<p>Bên cạnh đó, điện thoại được trang bị một màn hình kích thước khá lớn, bằng với <a href="https://cellphones.com.vn/iphone-12-pro.html">iPhone 12 Pro</a> là 6.1 inch. Cùng với đó là độ phân giải 1.170 x 2.532 pixels nhờ đó mang lại khả năng hiển thị với hình ảnh đẹp mắt. Màn hình với tần số quét 60Hz mang lại trải nghiệm mượt mà, từ xem phim đến chơi game.</p>
<p>Phần viền màn hình trên thế hệ iPhone 12 cũng nhỏ và mỏng hơn rất nhiều so với các thế thệ trước. Nhờ đó người dùng có không giản trải nghiệm rộng hơn, màn hình hiển thị được nhiều chi tiết hơn.</p>
<p>Ngoài ra, màn hình trên thiết bị cũng được trang bị công nghệ True Tone giúp tự động điều chỉnh độ sáng màn hình theo độ sáng của môi trường giúp con mắt của người dùng thoải mái hơn khi sử dụng.</p>
<p><img decoding="async" class="alignnone size-full wp-image-662" src="http://https://github.com/lekhanhluan/lekhanhluan.github.io.git/wp-content/uploads/2019/01/iphone-12-7.webp" alt="" width="810" height="456" /></p><p>The post <a href="http://https://github.com/lekhanhluan/lekhanhluan.github.io.git/san-pham/iphone-12-64gb-chinh-hang-vn-a-sao-chep/">iPhone 12 64GB | Chính hãng VN/A</a> first appeared on <a href="http://https://github.com/lekhanhluan/lekhanhluan.github.io.git">Luan FastFood</a>.</p>]]></content:encoded>
					
					<wfw:commentRss>http://https://github.com/lekhanhluan/lekhanhluan.github.io.git/san-pham/iphone-12-64gb-chinh-hang-vn-a-sao-chep/feed/</wfw:commentRss>
			<slash:comments>0</slash:comments>
		
		
			</item>
		<item>
		<title>iPhone 12 128GB&#124; Chính hãng VN/A</title>
		<link>http://https://github.com/lekhanhluan/lekhanhluan.github.io.git/san-pham/beanie-with-logo/?utm_source=rss#038;utm_medium=rss&#038;utm_campaign=beanie-with-logo</link>
					<comments>http://https://github.com/lekhanhluan/lekhanhluan.github.io.git/san-pham/beanie-with-logo/#respond</comments>
		
		<dc:creator><![CDATA[lekhanhluan]]></dc:creator>
		<pubDate>Wed, 16 Jan 2019 13:01:55 +0000</pubDate>
				<guid isPermaLink="false">https://woocommercecore.mystagingwebsite.com/product/beanie-with-logo/</guid>

					<description><![CDATA[<h2 class="ksp-title has-text-centered" style="text-align: center;">ĐẶC ĐIỂM NỔI BẬT</h2>
<div>
<ul>
<li>Mạnh mẽ, siêu nhanh với chip A14, RAM 4GB, mạng 5G tốc độ cao</li>
<li>Rực rỡ, sắc nét, độ sáng cao - Màn hình OLED cao cấp, Super Retina XDR hỗ trợ HDR10, Dolby Vision</li>
<li>Chụp đêm ấn tượng - Night Mode cho 2 camera, thuật toán Deep Fusion, Smart HDR 3</li>
<li>Bền bỉ vượt trội - Kháng nước, kháng bụi IP68, mặt lưng Ceramic Shield</li>
</ul>
</div>
<p>The post <a href="http://https://github.com/lekhanhluan/lekhanhluan.github.io.git/san-pham/beanie-with-logo/">iPhone 12 128GB| Chính hãng VN/A</a> first appeared on <a href="http://https://github.com/lekhanhluan/lekhanhluan.github.io.git">Luan FastFood</a>.</p>]]></description>
										<content:encoded><![CDATA[<h2 align="center"><strong>Apple iPhone 12 128GB chính hãng (VN/A) phiên bản bộ nhớ 128GB lưu trữ thoải </strong><strong>mái</strong></h2>
<p><em>iPhone 12 hiện nay là cái tên “sốt xình xịch” bởi đây là một trong 4 siêu phẩm vừa được ra mắt của Apple với những đột phá về cả thiết kế lẫn cấu hình. Phiên bản Apple iPhone 12 128GB chính là một trong những chiếc iPhone được săn đón nhất bởi dung lượng bộ nhớ khủng, cho phép bạn thoải mái với vô vàn ứng dụng.</em></p>
<h3><strong>Dung lượng bộ nhớ trong lên đến 128GB và chip Apple A14 độc quyền</strong></h3>
<p><a href="https://cellphones.com.vn/iphone-12.html">iPhone 12 VN/A</a> phiên bản bộ nhớ trong 128GB sẽ khiến bạn có thể vô tư với hàng tá ứng dụng, chứa rất nhiều ảnh, video và không cần lo lắng việc không đủ dung lượng sử dụng.</p>
<p><img decoding="async" class="alignnone size-full wp-image-667" src="http://https://github.com/lekhanhluan/lekhanhluan.github.io.git/wp-content/uploads/2019/01/iphone-11-3_1.webp" alt="" width="810" height="456" /></p>
<p>Ngoài ra, iPhone 12 128GB chính hãng (VN/A) còn hỗ trợ sạc nhanh lên đến 20W, tiết kiệm thời gian của bạn và có thể nhanh chóng tiếp tục sử dụng điện thoại của mình.</p>
<h2><strong>iPhone 12 128GB giá bao nhiêu?</strong></h2>
<p>Bên cạnh thiết kế, mẫu mã, hiệu năng và dung lượng pin thì iPhone 12 128GB giá bao nhiêu là điều được nhiều người quan tâm không kém. Giá ở hiện tại đã giảm đi rất nhiều so với thời điểm chiếc “Táo” này ra mắt. Nhờ vậy, việc sở hữu sản phẩm tốt giá hời nằm trong tầm tay của các tín đồ công nghệ, đặc biệt là iFan. Tại CellphoneS, iPhone 12 128GB hiện tại có mức giá từ 16 triệu đồng (giá có thể thay đổi tùy theo thời gian và chương trình khuyến mãi khác nhau). Như vậy bạn đã tiết kiệm đến hơn 20% so với giá ban đầu.</p>
<p><img decoding="async" class="alignnone size-full wp-image-662" src="http://https://github.com/lekhanhluan/lekhanhluan.github.io.git/wp-content/uploads/2019/01/iphone-12-7.webp" alt="" width="810" height="456" /></p><p>The post <a href="http://https://github.com/lekhanhluan/lekhanhluan.github.io.git/san-pham/beanie-with-logo/">iPhone 12 128GB| Chính hãng VN/A</a> first appeared on <a href="http://https://github.com/lekhanhluan/lekhanhluan.github.io.git">Luan FastFood</a>.</p>]]></content:encoded>
					
					<wfw:commentRss>http://https://github.com/lekhanhluan/lekhanhluan.github.io.git/san-pham/beanie-with-logo/feed/</wfw:commentRss>
			<slash:comments>0</slash:comments>
		
		
			</item>
		<item>
		<title>iPhone 11 64GB &#124; Chính hãng VN/A</title>
		<link>http://https://github.com/lekhanhluan/lekhanhluan.github.io.git/san-pham/logo-collection/?utm_source=rss#038;utm_medium=rss&#038;utm_campaign=logo-collection</link>
					<comments>http://https://github.com/lekhanhluan/lekhanhluan.github.io.git/san-pham/logo-collection/#respond</comments>
		
		<dc:creator><![CDATA[lekhanhluan]]></dc:creator>
		<pubDate>Wed, 16 Jan 2019 13:01:55 +0000</pubDate>
				<guid isPermaLink="false">https://woocommercecore.mystagingwebsite.com/product/logo-collection/</guid>

					<description><![CDATA[<div class="ksp-content p-2 mb-2">
<h2 class="ksp-title has-text-centered" style="text-align: center;">ĐẶC ĐIỂM NỔI BẬT</h2>
<div>
<ul>
<li>Màu sắc phù hợp cá tính - 6 màu sắc bắt mắt để lựa chọn</li>
<li>Hiệu năng mượt mà, ổn định - Chip A13, RAM 4GB</li>
<li>Bắt trọn khung hình - Camera kép hỗ trợ góc rộng, chế độ Night Mode</li>
<li>Yên tâm sử dụng - Kháng nước, kháng bụi IP68, kính cường lực Gorilla</li>
</ul>
</div>
</div>
<div></div>
<p>The post <a href="http://https://github.com/lekhanhluan/lekhanhluan.github.io.git/san-pham/logo-collection/">iPhone 11 64GB | Chính hãng VN/A</a> first appeared on <a href="http://https://github.com/lekhanhluan/lekhanhluan.github.io.git">Luan FastFood</a>.</p>]]></description>
										<content:encoded><![CDATA[<h2 style="text-align: center;"><strong>Tin tức mới nhất về điện thoại iPhone 11</strong></h2>
<p>Đầu quý 1 năm 2023, thị trường công nghệ bắt đầu nhộn nhịp trở lại, các đại lý bán lẻ đặc biệt là CellphoneS tung ra nhiều chương trình ưu đãi giảm giá hấp dẫn. Trong đó không thể không nhắc đến chính là iPhone 11 giảm cực sốc so với thời điểm trước đó.</p>
<p>Cụ thể, giá iPhone 11 đã giảm về mức chỉ quanh 10-11 triệu đồng, khiến nhu cầu mua sắm tăng chóng mặt so với các tháng trước. Không những vậy, khách hàng còn nhận được ưu đãi hấp dẫn khi thu cũ lên đời tại CellphoneS, đồng thời còn được giảm giá thêm khi thanh toán qua ví Moca, VNPay hay thẻ tín dụng.</p>
<h2><strong>Thông số iPhone 11 được nâng cấp gì so với iPhone XR?</strong></h2>
<p>So với iPhone XR thì siêu phẩm Apple năm 2019 có nhiều nâng cấp đáng giá, trong đó nổi bật là con chip xử lý, bộ nhớ RAM, dung lượng pin, đặc biệt là camera trước và sau. Dưới đây là bảng so sánh thông số kỹ thuật của iPhone 11 và XR bạn có thể tham khảo:</p>
<table class="table table-bordered" style="height: 735px;" border="0" width="972">
<tbody>
<tr class="info">
<td><strong>iPhone 11</strong></td>
<td><strong>iPhone XR</strong></td>
</tr>
<tr>
<td><strong>Màn hình</strong></td>
<td>IPS LCD 6.1 inch</td>
<td>IPS LCD 6.1 inch</td>
</tr>
<tr>
<td><strong>Độ phân giải</strong></td>
<td>828 x 1792 pixel</td>
<td>828 x 1792 pixel</td>
</tr>
<tr>
<td><strong>Mật độ điểm ảnh</strong></td>
<td>326PPI</td>
<td>326PPI</td>
</tr>
<tr>
<td><strong>Tần số quét</strong></td>
<td>60Hz</td>
<td>60Hz</td>
</tr>
<tr>
<td><strong>Chip xử lý</strong></td>
<td><strong>A13 Bionic</strong></td>
<td>A12 Bionic</td>
</tr>
<tr>
<td><strong>Dung lượng RAM</strong></td>
<td><strong>4GB</strong></td>
<td>3GB</td>
</tr>
<tr>
<td><strong>Bộ nhớ trong</strong></td>
<td>64GB, 128GB, 256GB</td>
<td>64GB, 128GB, 256GB</td>
</tr>
<tr>
<td><strong>Dung lượng pin</strong></td>
<td><strong>3110 mAh</strong></td>
<td>2942 mAh</td>
</tr>
<tr>
<td><strong>Camera trước</strong></td>
<td><strong>12MP</strong></td>
<td>7MP</td>
</tr>
<tr>
<td><strong>Camera sau</strong></td>
<td><strong>12MP + 12MP</strong></td>
<td>12MP</td>
</tr>
<tr>
<td><strong>Màu sắc</strong></td>
<td>6 màu</td>
<td>6 màu</td>
</tr>
</tbody>
</table>
<p><img decoding="async" class="size-full wp-image-667 aligncenter" src="http://https://github.com/lekhanhluan/lekhanhluan.github.io.git/wp-content/uploads/2019/01/iphone-11-3_1.webp" alt="" width="810" height="456" /></p>
<p>Mặc dù không còn giữ được sức nóng và độ hot như những ngày đầu mới được ra mắt nhưng ở thời điểm hiện tại, bạn khó có thể tìm được một sản phẩm nào sở hữu hiệu năng ổn định với mức giá thành siêu rẻ như iPhone 11. Với việc được hạ giá thành xuống thấp tới mức không thể nào hấp dẫn hơn, iPhone 11 sẽ tạo nên một con sốt trên thị trường smartphone thời điểm này.</p>
<p>Hiện tại, iPhone 11 vẫn được các chuyên gia đánh giá rất cao về độ ổn định của cấu hình trong thời gian dài sử dụng cũng như độ sắc nét mượt mà của màn hình trong các tác vụ như xem phim, chơi game. Về thiết kế bên ngoài, sản phẩm cũng vẫn luôn nhận được những phản hồi tích cực về sự bền bỉ, chắc chắn, cho cảm giác cầm nắm thoải mái, vừa tay.</p>
<p><img decoding="async" class="wp-image-668 aligncenter" src="http://https://github.com/lekhanhluan/lekhanhluan.github.io.git/wp-content/uploads/2019/01/iphone-11-7_1.webp" alt="" width="773" height="435" /></p><p>The post <a href="http://https://github.com/lekhanhluan/lekhanhluan.github.io.git/san-pham/logo-collection/">iPhone 11 64GB | Chính hãng VN/A</a> first appeared on <a href="http://https://github.com/lekhanhluan/lekhanhluan.github.io.git">Luan FastFood</a>.</p>]]></content:encoded>
					
					<wfw:commentRss>http://https://github.com/lekhanhluan/lekhanhluan.github.io.git/san-pham/logo-collection/feed/</wfw:commentRss>
			<slash:comments>0</slash:comments>
		
		
			</item>
		<item>
		<title>iPhone 12 64GB &#124; Chính hãng VN/A</title>
		<link>http://https://github.com/lekhanhluan/lekhanhluan.github.io.git/san-pham/wordpress-pennant/?utm_source=rss#038;utm_medium=rss&#038;utm_campaign=wordpress-pennant</link>
					<comments>http://https://github.com/lekhanhluan/lekhanhluan.github.io.git/san-pham/wordpress-pennant/#respond</comments>
		
		<dc:creator><![CDATA[lekhanhluan]]></dc:creator>
		<pubDate>Wed, 16 Jan 2019 13:01:55 +0000</pubDate>
				<guid isPermaLink="false">https://woocommercecore.mystagingwebsite.com/product/wordpress-pennant/</guid>

					<description><![CDATA[<h2 class="ksp-title has-text-centered">ĐẶC ĐIỂM NỔI BẬT</h2>
<div>
<ul>
<li>Mạnh mẽ, siêu nhanh với chip A14, RAM 4GB, mạng 5G tốc độ cao</li>
<li>Rực rỡ, sắc nét, độ sáng cao - Màn hình OLED cao cấp, Super Retina XDR hỗ trợ HDR10, Dolby Vision</li>
<li>Chụp đêm ấn tượng - Night Mode cho 2 camera, thuật toán Deep Fusion, Smart HDR 3</li>
<li>Bền bỉ vượt trội - Kháng nước, kháng bụi IP68, mặt lưng Ceramic Shield</li>
</ul>
</div>
<p>The post <a href="http://https://github.com/lekhanhluan/lekhanhluan.github.io.git/san-pham/wordpress-pennant/">iPhone 12 64GB | Chính hãng VN/A</a> first appeared on <a href="http://https://github.com/lekhanhluan/lekhanhluan.github.io.git">Luan FastFood</a>.</p>]]></description>
										<content:encoded><![CDATA[<h2 style="text-align: center;"><strong>Đánh giá iPhone 12 &#8211; Siêu phẩm khẳng định đẳng cấp</strong></h2>
<p>Phiên bản iPhone 12 thường sở hữu nhiều điểm mới đặc biệt là về thiết kế và cấu hình so với các thế hệ trước đó.</p>
<h3><strong>Thiết kế </strong></h3>
<p>iPhone 12 gây ấn tượng với người dùng bởi thiết kế vuông vức quen thuộc, đây là thiết kế đã từng xuất hiện trên thế hệ iPhone 5 trước đó. Điện thoại được hoàn thiện mỏng hơn với cụm camera lớn hơn.</p>
<p>Đặc biệt, máy được trang bị một khung viền thép không gỉ. Mặt lưng <a href="https://cellphones.com.vn/mobile/apple/iphone-12-vna.html">điện thoại iPhone 12</a> được trang bị một mặt kính Ceramic Shield bóng bẩy, gây được sự chú ý của người đối diện.</p>
<p>Về kích thước cụ thể, máy có thông số từng cạnh lần lượt là 146.7 x 71.5 x 7.4 mm cùng cân nặng khoảng 164g. Tổng thể, máy khá mỏng nhẹ thích hợp với cả người dùng nam và nữ cũng như thích hợp với nhiều kích thước tay khác nhau.</p>
<p><img decoding="async" class="alignnone size-full wp-image-633" src="http://https://github.com/lekhanhluan/lekhanhluan.github.io.git/wp-content/uploads/2019/01/1684210858832-ly-do-nen-lua-chon-iphone-11-cu-o-thoi-diem-hien-tai.jpg" alt="" width="865" height="576" /></p>
<h3><strong>Màn hình </strong></h3>
<p>Màn hình là một điểm nhấn trên iPhone 12. Máy được trang bị tấm nền Super Retina XDR OLED, thay vì IPS LCD như thế hệ trước đó nhờ vậy người dùng sẽ cảm nhận được khả năng hiển thị sinh động, màu sắc đậm đà cũng như độ tương phản cao.</p>
<p>Bên cạnh đó, điện thoại được trang bị một màn hình kích thước khá lớn, bằng với <a href="https://cellphones.com.vn/iphone-12-pro.html">iPhone 12 Pro</a> là 6.1 inch. Cùng với đó là độ phân giải 1.170 x 2.532 pixels nhờ đó mang lại khả năng hiển thị với hình ảnh đẹp mắt. Màn hình với tần số quét 60Hz mang lại trải nghiệm mượt mà, từ xem phim đến chơi game.</p>
<p>Phần viền màn hình trên thế hệ iPhone 12 cũng nhỏ và mỏng hơn rất nhiều so với các thế thệ trước. Nhờ đó người dùng có không giản trải nghiệm rộng hơn, màn hình hiển thị được nhiều chi tiết hơn.</p>
<p>Ngoài ra, màn hình trên thiết bị cũng được trang bị công nghệ True Tone giúp tự động điều chỉnh độ sáng màn hình theo độ sáng của môi trường giúp con mắt của người dùng thoải mái hơn khi sử dụng.</p>
<p><img decoding="async" class="alignnone size-full wp-image-662" src="http://https://github.com/lekhanhluan/lekhanhluan.github.io.git/wp-content/uploads/2019/01/iphone-12-7.webp" alt="" width="810" height="456" /></p><p>The post <a href="http://https://github.com/lekhanhluan/lekhanhluan.github.io.git/san-pham/wordpress-pennant/">iPhone 12 64GB | Chính hãng VN/A</a> first appeared on <a href="http://https://github.com/lekhanhluan/lekhanhluan.github.io.git">Luan FastFood</a>.</p>]]></content:encoded>
					
					<wfw:commentRss>http://https://github.com/lekhanhluan/lekhanhluan.github.io.git/san-pham/wordpress-pennant/feed/</wfw:commentRss>
			<slash:comments>0</slash:comments>
		
		
			</item>
	</channel>
</rss>
