<?xml version="1.0" encoding="UTF-8"?><rss version="2.0"
	xmlns:content="http://purl.org/rss/1.0/modules/content/"
	xmlns:wfw="http://wellformedweb.org/CommentAPI/"
	xmlns:dc="http://purl.org/dc/elements/1.1/"
	xmlns:atom="http://www.w3.org/2005/Atom"
	xmlns:sy="http://purl.org/rss/1.0/modules/syndication/"
	xmlns:slash="http://purl.org/rss/1.0/modules/slash/"
	>

<channel>
	<title>Luan FastFood</title>
	<atom:link href="http://https://github.com/lekhanhluan/lekhanhluan.github.io.git/feed/" rel="self" type="application/rss+xml" />
	<link>http://https://github.com/lekhanhluan/lekhanhluan.github.io.git</link>
	<description></description>
	<lastBuildDate>Sat, 27 May 2023 09:05:51 +0000</lastBuildDate>
	<language>vi</language>
	<sy:updatePeriod>
	hourly	</sy:updatePeriod>
	<sy:updateFrequency>
	1	</sy:updateFrequency>
	<generator>https://wordpress.org/?v=6.2.2</generator>
	<item>
		<title>Liên hệ chúng tôi</title>
		<link>http://https://github.com/lekhanhluan/lekhanhluan.github.io.git/2023/05/27/lien-he-chung-toi/?utm_source=rss#038;utm_medium=rss&#038;utm_campaign=lien-he-chung-toi</link>
					<comments>http://https://github.com/lekhanhluan/lekhanhluan.github.io.git/2023/05/27/lien-he-chung-toi/#respond</comments>
		
		<dc:creator><![CDATA[lekhanhluan]]></dc:creator>
		<pubDate>Sat, 27 May 2023 08:41:31 +0000</pubDate>
				<category><![CDATA[Chưa phân loại]]></category>
		<guid isPermaLink="false">http://https://github.com/lekhanhluan/lekhanhluan.github.io.git/?p=734</guid>

					<description><![CDATA[<p>Liên hệ chúng tôi Xin chào quý khách hàng, &#160;&#8220;Khám phá dịch vụ chăm sóc khách hàng tốt nhất của chúng tôi. Chúng tôi luôn lắng nghe ý kiến của khách hàng và cam kết đáp ứng nhu cầu của họ.&#8221; Chúng tôi tại AinStore muốn chắc chắn rằng quý khách hàng có cách liên &#8230;</p>
<p class="read-more"> <a class=" thunk-readmore button " href="http://https://github.com/lekhanhluan/lekhanhluan.github.io.git/2023/05/27/lien-he-chung-toi/"> <span class="screen-reader-text">Liên hệ chúng tôi</span>Read More</a></p>
<p>The post <a href="http://https://github.com/lekhanhluan/lekhanhluan.github.io.git/2023/05/27/lien-he-chung-toi/">Liên hệ chúng tôi</a> first appeared on <a href="http://https://github.com/lekhanhluan/lekhanhluan.github.io.git">Luan FastFood</a>.</p>]]></description>
										<content:encoded><![CDATA[<p><a href="https://chat.openai.com/" title="Liên hệ chúng tôi">Liên hệ chúng tôi</a><font _mstmutation="1"></font></p>



<p>Xin chào quý khách hàng,</p>



<p><font _mstmutation="1"></font>&nbsp;&#8220;Khám phá<a href="https://simerp.io/blog/dich-vu-cham-soc-khach-hang/" title=" dịch vụ chăm sóc"> dịch vụ chăm sóc</a> khách hàng tốt nhất của chúng tôi. Chúng tôi luôn lắng nghe ý kiến của khách hàng và cam kết đáp ứng nhu cầu của họ.&#8221;</p>



<p>Chúng tôi tại AinStore muốn chắc chắn rằng quý khách hàng có cách liên lạc thuận tiện và hiệu quả với chúng tôi. Chúng tôi tin rằng sự giao tiếp chân thành và liên tục với khách hàng là chìa khóa để cung cấp dịch vụ tốt nhất và nâng cao trải nghiệm của quý khách hàng.</p>



<p>Chúng tôi mong muốn lắng nghe ý kiến, câu hỏi và phản hồi của quý khách hàng. Để đảm bảo rằng mọi thắc mắc và yêu cầu của quý khách hàng được giải quyết một cách nhanh chóng và chuyên nghiệp, chúng tôi đã tạo ra nhiều kênh liên lạc khác nhau.</p>



<ol>
<li>Điện thoại: Quý khách hàng có thể liên hệ với chúng tôi qua số điện thoại [Số điện thoại của công ty]. Đội ngũ chăm sóc khách hàng của chúng tôi sẽ sẵn lòng lắng nghe và giải đáp mọi thắc mắc của quý khách hàng.</li>



<li>Email: Quý khách hàng cũng có thể gửi email cho chúng tôi tại [Địa chỉ email của công ty]. Chúng tôi cam kết phản hồi email trong thời gian ngắn nhất có thể và cung cấp thông tin cần thiết theo yêu cầu của quý khách hàng.</li>



<li>Mạng xã hội: Chúng tôi có mặt trên nhiều nền tảng mạng xã hội. Quý khách hàng có thể kết nối và gửi tin nhắn cho chúng tôi qua [Liên kết tới trang mạng xã hội]. Đội ngũ chúng tôi sẽ đáp lại nhanh chóng và tương tác với quý khách hàng thông qua các kênh này.</li>



<li>Trang web: Trên trang web của chúng tôi, quý khách hàng có thể sử dụng biểu mẫu liên hệ để gửi thông tin hoặc để lại lời nhắn. Chúng tôi sẽ xem xét và phản hồi trong thời gian ngắn nhất có thể.</li>
</ol>



<p>Quý khách hàng là ưu tiên hàng đầu của chúng tôi, và chúng tôi cam kết đảm bả</p>



<p>o rằng mọi thông tin quý khách hàng chia sẻ với chúng tôi sẽ được bảo mật tuyệt đối. Chúng tôi tuân thủ chính sách bảo vệ thông tin cá nhân và cam kết không chia sẻ, tiết lộ hoặc sử dụng thông tin của quý khách hàng một cách không đáng tin cậy.</p>



<p>Ngoài việc lắng nghe ý kiến của quý khách hàng, chúng tôi cũng rất đánh giá cao sự phản hồi và góp ý. Đó là những cảm nhận quý giá giúp chúng tôi nâng cao chất lượng sản phẩm và dịch vụ của mình. Vì vậy, nếu quý khách hàng có bất kỳ ý kiến, đề xuất hoặc góp ý nào, chúng tôi sẽ rất vui lòng nhận được và xem xét.</p>



<p>Chúng tôi xin cam đoan rằng sự lắng nghe và tương tác với khách hàng là ưu tiên hàng đầu của chúng tôi. Chúng tôi luôn cố gắng cung cấp trải nghiệm tốt nhất và đáp ứng mọi yêu cầu của quý khách hàng.</p>



<p>Xin chân thành cảm ơn sự tin tưởng và hỗ trợ của quý khách hàng. Chúng tôi mong muốn tiếp tục xây dựng một mối quan hệ tốt đẹp và lâu dài với quý khách hàng.</p>



<figure class="wp-block-image size-full"><img decoding="async" width="750" height="410" src="http://https://github.com/lekhanhluan/lekhanhluan.github.io.git/wp-content/uploads/2023/05/thiet-ke-logo-shop-giay-2-3.png" alt="" class="wp-image-737"/></figure>



<p>Trân trọng,</p>



<p><a href="http://https://github.com/lekhanhluan/lekhanhluan.github.io.git/shop/?customize_changeset_uuid=c46af87d-43c2-4ea2-96b6-fe1a0de5c909&amp;customize_autosaved=on" title="Cửa hàng">Cửa hàng</a> AinStore</p><p>The post <a href="http://https://github.com/lekhanhluan/lekhanhluan.github.io.git/2023/05/27/lien-he-chung-toi/">Liên hệ chúng tôi</a> first appeared on <a href="http://https://github.com/lekhanhluan/lekhanhluan.github.io.git">Luan FastFood</a>.</p>]]></content:encoded>
					
					<wfw:commentRss>http://https://github.com/lekhanhluan/lekhanhluan.github.io.git/2023/05/27/lien-he-chung-toi/feed/</wfw:commentRss>
			<slash:comments>0</slash:comments>
		
		
			</item>
		<item>
		<title>Thông tin thanh toán</title>
		<link>http://https://github.com/lekhanhluan/lekhanhluan.github.io.git/2023/05/25/thong-tin-thanh-toan/?utm_source=rss#038;utm_medium=rss&#038;utm_campaign=thong-tin-thanh-toan</link>
					<comments>http://https://github.com/lekhanhluan/lekhanhluan.github.io.git/2023/05/25/thong-tin-thanh-toan/#respond</comments>
		
		<dc:creator><![CDATA[lekhanhluan]]></dc:creator>
		<pubDate>Thu, 25 May 2023 14:33:29 +0000</pubDate>
				<category><![CDATA[Chưa phân loại]]></category>
		<guid isPermaLink="false">http://https://github.com/lekhanhluan/lekhanhluan.github.io.git/?p=730</guid>

					<description><![CDATA[<p>khách hàng vui lòng gửi tiền vào tài khỏan agribank: 195168945456</p>
<p>The post <a href="http://https://github.com/lekhanhluan/lekhanhluan.github.io.git/2023/05/25/thong-tin-thanh-toan/">Thông tin thanh toán</a> first appeared on <a href="http://https://github.com/lekhanhluan/lekhanhluan.github.io.git">Luan FastFood</a>.</p>]]></description>
										<content:encoded><![CDATA[<p>khách hàng vui lòng gửi tiền vào tài khỏan <a href="https://www.agribank.com.vn/" title="agribank">agribank</a>: 195168945456</p>



<figure class="wp-block-image size-full"><img decoding="async" width="700" height="700" src="http://https://github.com/lekhanhluan/lekhanhluan.github.io.git/wp-content/uploads/2023/05/anime-cute.jpg" alt="" class="wp-image-749"/><figcaption class="wp-element-caption">Anime cute</figcaption></figure><p>The post <a href="http://https://github.com/lekhanhluan/lekhanhluan.github.io.git/2023/05/25/thong-tin-thanh-toan/">Thông tin thanh toán</a> first appeared on <a href="http://https://github.com/lekhanhluan/lekhanhluan.github.io.git">Luan FastFood</a>.</p>]]></content:encoded>
					
					<wfw:commentRss>http://https://github.com/lekhanhluan/lekhanhluan.github.io.git/2023/05/25/thong-tin-thanh-toan/feed/</wfw:commentRss>
			<slash:comments>0</slash:comments>
		
		
			</item>
		<item>
		<title>Chào tất cả mọi người!</title>
		<link>http://https://github.com/lekhanhluan/lekhanhluan.github.io.git/2023/05/23/chao-moi-nguoi/?utm_source=rss#038;utm_medium=rss&#038;utm_campaign=chao-moi-nguoi</link>
					<comments>http://https://github.com/lekhanhluan/lekhanhluan.github.io.git/2023/05/23/chao-moi-nguoi/#comments</comments>
		
		<dc:creator><![CDATA[lekhanhluan]]></dc:creator>
		<pubDate>Tue, 23 May 2023 13:34:18 +0000</pubDate>
				<category><![CDATA[Chưa phân loại]]></category>
		<guid isPermaLink="false">http://https://github.com/lekhanhluan/lekhanhluan.github.io.git/?p=1</guid>

					<description><![CDATA[<p>Cảm ơn vì đã sử dụng WordPress. Đây là bài viết đầu tiên của bạn. Sửa hoặc xóa nó, và bắt đầu bài viết của bạn nhé!</p>
<p>The post <a href="http://https://github.com/lekhanhluan/lekhanhluan.github.io.git/2023/05/23/chao-moi-nguoi/">Chào tất cả mọi người!</a> first appeared on <a href="http://https://github.com/lekhanhluan/lekhanhluan.github.io.git">Luan FastFood</a>.</p>]]></description>
										<content:encoded><![CDATA[<p>Cảm ơn vì đã sử dụng<a href="https://wordpress.com/hosting/?aff=58022&amp;cid=8348279&amp;cmp_id=9808156547&amp;adg_id=98727271423&amp;kwd=wordpress&amp;device=c&amp;gclid=CjwKCAjw1MajBhAcEiwAagW9MdwCVCnO8erSTfT02zBSOPN1wllm9cfmcT988rpeAnenBGmGuMIWuBoCmZEQAvD_BwE" title=" WordPress. "> WordPress. </a>Đây là bài viết đầu tiên của bạn. Sửa hoặc xóa nó, và bắt đầu bài viết của bạn nhé!</p>



<figure class="wp-block-image size-full"><img decoding="async" width="1024" height="1112" src="http://https://github.com/lekhanhluan/lekhanhluan.github.io.git/wp-content/uploads/2023/05/anh-dai-dien-avt-anime-nen-xanh-la.webp" alt="" class="wp-image-753"/></figure><p>The post <a href="http://https://github.com/lekhanhluan/lekhanhluan.github.io.git/2023/05/23/chao-moi-nguoi/">Chào tất cả mọi người!</a> first appeared on <a href="http://https://github.com/lekhanhluan/lekhanhluan.github.io.git">Luan FastFood</a>.</p>]]></content:encoded>
					
					<wfw:commentRss>http://https://github.com/lekhanhluan/lekhanhluan.github.io.git/2023/05/23/chao-moi-nguoi/feed/</wfw:commentRss>
			<slash:comments>1</slash:comments>
		
		
			</item>
		<item>
		<title>Why flower shop is Sexy</title>
		<link>http://https://github.com/lekhanhluan/lekhanhluan.github.io.git/2019/07/15/why-flower-shop-is-sexy/?utm_source=rss#038;utm_medium=rss&#038;utm_campaign=why-flower-shop-is-sexy</link>
					<comments>http://https://github.com/lekhanhluan/lekhanhluan.github.io.git/2019/07/15/why-flower-shop-is-sexy/#respond</comments>
		
		<dc:creator><![CDATA[lekhanhluan]]></dc:creator>
		<pubDate>Mon, 15 Jul 2019 11:40:44 +0000</pubDate>
				<category><![CDATA[Uncategorized]]></category>
		<guid isPermaLink="false">https://wpthemes.themehunk.com/almaira-shop-light-scheme/?p=514</guid>

					<description><![CDATA[<p>Egestas sed sed risus pretium quam vulputate dignissim. Laoreet non curabitur gravida arcu ac tortor dignissim. Integer malesuada nunc vel risus commodo viverra maecenas accumsan. Nisi scelerisque eu ultrices vitae auctor. Vel facilisis volutpat est velit. Ut aliquam purus sit amet. Imperdiet dui accumsan sit amet nulla facilisi morbi. Mollis nunc sed id semper risus &#8230;</p>
<p class="read-more"> <a class=" thunk-readmore button " href="http://https://github.com/lekhanhluan/lekhanhluan.github.io.git/2019/07/15/why-flower-shop-is-sexy/"> <span class="screen-reader-text">Why flower shop is Sexy</span>Read More</a></p>
<p>The post <a href="http://https://github.com/lekhanhluan/lekhanhluan.github.io.git/2019/07/15/why-flower-shop-is-sexy/">Why flower shop is Sexy</a> first appeared on <a href="http://https://github.com/lekhanhluan/lekhanhluan.github.io.git">Luan FastFood</a>.</p>]]></description>
										<content:encoded><![CDATA[<p>Egestas sed sed risus pretium quam vulputate dignissim. Laoreet non curabitur gravida arcu ac tortor dignissim. Integer malesuada nunc vel risus commodo viverra maecenas accumsan. Nisi scelerisque eu ultrices vitae auctor. Vel facilisis volutpat est velit. Ut aliquam purus sit amet. Imperdiet dui accumsan sit amet nulla facilisi morbi. Mollis nunc sed id semper risus in. Fermentum iaculis eu non diam phasellus vestibulum lorem sed risus. Felis eget velit aliquet sagittis id consectetur.</p>



<p>Faucibus et molestie ac feugiat. Augue lacus viverra vitae congue eu consequat. Erat velit scelerisque in dictum non. Ut diam quam nulla porttitor massa. Egestas congue quisque egestas diam. Tincidunt nunc pulvinar sapien et ligula ullamcorper. Sodales neque sodales ut etiam sit amet. Justo laoreet sit amet cursus sit. Suspendisse ultrices gravida dictum fusce ut placerat orci nulla. Maecenas pharetra convallis posuere morbi leo urna molestie. Ipsum suspendisse ultrices gravida dictum fusce. Sed vulputate odio ut enim. Morbi tristique senectus et netus et malesuada. Facilisi cras fermentum odio eu feugiat pretium. Amet tellus cras adipiscing enim.</p><p>The post <a href="http://https://github.com/lekhanhluan/lekhanhluan.github.io.git/2019/07/15/why-flower-shop-is-sexy/">Why flower shop is Sexy</a> first appeared on <a href="http://https://github.com/lekhanhluan/lekhanhluan.github.io.git">Luan FastFood</a>.</p>]]></content:encoded>
					
					<wfw:commentRss>http://https://github.com/lekhanhluan/lekhanhluan.github.io.git/2019/07/15/why-flower-shop-is-sexy/feed/</wfw:commentRss>
			<slash:comments>0</slash:comments>
		
		
			</item>
		<item>
		<title>shop together: Do You Really Need It? This Will Help You Decide!</title>
		<link>http://https://github.com/lekhanhluan/lekhanhluan.github.io.git/2019/07/15/shop-together-do-you-really-need-it-this-will-help-you-decide/?utm_source=rss#038;utm_medium=rss&#038;utm_campaign=shop-together-do-you-really-need-it-this-will-help-you-decide</link>
					<comments>http://https://github.com/lekhanhluan/lekhanhluan.github.io.git/2019/07/15/shop-together-do-you-really-need-it-this-will-help-you-decide/#respond</comments>
		
		<dc:creator><![CDATA[lekhanhluan]]></dc:creator>
		<pubDate>Mon, 15 Jul 2019 11:37:37 +0000</pubDate>
				<category><![CDATA[Uncategorized]]></category>
		<guid isPermaLink="false">https://wpthemes.themehunk.com/almaira-shop-light-scheme/?p=511</guid>

					<description><![CDATA[<p>Egestas sed sed risus pretium quam vulputate dignissim. Laoreet non curabitur gravida arcu ac tortor dignissim. Integer malesuada nunc vel risus commodo viverra maecenas accumsan. Nisi scelerisque eu ultrices vitae auctor. Vel facilisis volutpat est velit. Ut aliquam purus sit amet. Imperdiet dui accumsan sit amet nulla facilisi morbi. Mollis nunc sed id semper risus &#8230;</p>
<p class="read-more"> <a class=" thunk-readmore button " href="http://https://github.com/lekhanhluan/lekhanhluan.github.io.git/2019/07/15/shop-together-do-you-really-need-it-this-will-help-you-decide/"> <span class="screen-reader-text">shop together: Do You Really Need It? This Will Help You Decide!</span>Read More</a></p>
<p>The post <a href="http://https://github.com/lekhanhluan/lekhanhluan.github.io.git/2019/07/15/shop-together-do-you-really-need-it-this-will-help-you-decide/">shop together: Do You Really Need It? This Will Help You Decide!</a> first appeared on <a href="http://https://github.com/lekhanhluan/lekhanhluan.github.io.git">Luan FastFood</a>.</p>]]></description>
										<content:encoded><![CDATA[<p>Egestas sed sed risus pretium quam vulputate dignissim. Laoreet non curabitur gravida arcu ac tortor dignissim. Integer malesuada nunc vel risus commodo viverra maecenas accumsan. Nisi scelerisque eu ultrices vitae auctor. Vel facilisis volutpat est velit. Ut aliquam purus sit amet. Imperdiet dui accumsan sit amet nulla facilisi morbi. Mollis nunc sed id semper risus in. Fermentum iaculis eu non diam phasellus vestibulum lorem sed risus. Felis eget velit aliquet sagittis id consectetur.</p>



<p>Faucibus et molestie ac feugiat. Augue lacus viverra vitae congue eu consequat. Erat velit scelerisque in dictum non. Ut diam quam nulla porttitor massa. Egestas congue quisque egestas diam. Tincidunt nunc pulvinar sapien et ligula ullamcorper. Sodales neque sodales ut etiam sit amet. Justo laoreet sit amet cursus sit. Suspendisse ultrices gravida dictum fusce ut placerat orci nulla. Maecenas pharetra convallis posuere morbi leo urna molestie. Ipsum suspendisse ultrices gravida dictum fusce. Sed vulputate odio ut enim. Morbi tristique senectus et netus et malesuada. Facilisi cras fermentum odio eu feugiat pretium. Amet tellus cras adipiscing enim.</p><p>The post <a href="http://https://github.com/lekhanhluan/lekhanhluan.github.io.git/2019/07/15/shop-together-do-you-really-need-it-this-will-help-you-decide/">shop together: Do You Really Need It? This Will Help You Decide!</a> first appeared on <a href="http://https://github.com/lekhanhluan/lekhanhluan.github.io.git">Luan FastFood</a>.</p>]]></content:encoded>
					
					<wfw:commentRss>http://https://github.com/lekhanhluan/lekhanhluan.github.io.git/2019/07/15/shop-together-do-you-really-need-it-this-will-help-you-decide/feed/</wfw:commentRss>
			<slash:comments>0</slash:comments>
		
		
			</item>
		<item>
		<title>10 Ways To Succeed at shop</title>
		<link>http://https://github.com/lekhanhluan/lekhanhluan.github.io.git/2019/07/15/10-ways-to-succeed-at-shop/?utm_source=rss#038;utm_medium=rss&#038;utm_campaign=10-ways-to-succeed-at-shop</link>
					<comments>http://https://github.com/lekhanhluan/lekhanhluan.github.io.git/2019/07/15/10-ways-to-succeed-at-shop/#respond</comments>
		
		<dc:creator><![CDATA[lekhanhluan]]></dc:creator>
		<pubDate>Mon, 15 Jul 2019 11:34:36 +0000</pubDate>
				<category><![CDATA[Uncategorized]]></category>
		<guid isPermaLink="false">https://wpthemes.themehunk.com/almaira-shop-light-scheme/?p=508</guid>

					<description><![CDATA[<p>Egestas sed sed risus pretium quam vulputate dignissim. Laoreet non curabitur gravida arcu ac tortor dignissim. Integer malesuada nunc vel risus commodo viverra maecenas accumsan. Nisi scelerisque eu ultrices vitae auctor. Vel facilisis volutpat est velit. Ut aliquam purus sit amet. Imperdiet dui accumsan sit amet nulla facilisi morbi. Mollis nunc sed id semper risus &#8230;</p>
<p class="read-more"> <a class=" thunk-readmore button " href="http://https://github.com/lekhanhluan/lekhanhluan.github.io.git/2019/07/15/10-ways-to-succeed-at-shop/"> <span class="screen-reader-text">10 Ways To Succeed at shop</span>Read More</a></p>
<p>The post <a href="http://https://github.com/lekhanhluan/lekhanhluan.github.io.git/2019/07/15/10-ways-to-succeed-at-shop/">10 Ways To Succeed at shop</a> first appeared on <a href="http://https://github.com/lekhanhluan/lekhanhluan.github.io.git">Luan FastFood</a>.</p>]]></description>
										<content:encoded><![CDATA[<p>Egestas sed sed risus pretium quam vulputate dignissim. Laoreet non curabitur gravida arcu ac tortor dignissim. Integer malesuada nunc vel risus commodo viverra maecenas accumsan. Nisi scelerisque eu ultrices vitae auctor. Vel facilisis volutpat est velit. Ut aliquam purus sit amet. Imperdiet dui accumsan sit amet nulla facilisi morbi. Mollis nunc sed id semper risus in. Fermentum iaculis eu non diam phasellus vestibulum lorem sed risus. Felis eget velit aliquet sagittis id consectetur.</p>



<p>Faucibus et molestie ac feugiat. Augue lacus viverra vitae congue eu consequat. Erat velit scelerisque in dictum non. Ut diam quam nulla porttitor massa. Egestas congue quisque egestas diam. Tincidunt nunc pulvinar sapien et ligula ullamcorper. Sodales neque sodales ut etiam sit amet. Justo laoreet sit amet cursus sit. Suspendisse ultrices gravida dictum fusce ut placerat orci nulla. Maecenas pharetra convallis posuere morbi leo urna molestie. Ipsum suspendisse ultrices gravida dictum fusce. Sed vulputate odio ut enim. Morbi tristique senectus et netus et malesuada. Facilisi cras fermentum odio eu feugiat pretium. Amet tellus cras adipiscing enim.</p><p>The post <a href="http://https://github.com/lekhanhluan/lekhanhluan.github.io.git/2019/07/15/10-ways-to-succeed-at-shop/">10 Ways To Succeed at shop</a> first appeared on <a href="http://https://github.com/lekhanhluan/lekhanhluan.github.io.git">Luan FastFood</a>.</p>]]></content:encoded>
					
					<wfw:commentRss>http://https://github.com/lekhanhluan/lekhanhluan.github.io.git/2019/07/15/10-ways-to-succeed-at-shop/feed/</wfw:commentRss>
			<slash:comments>0</slash:comments>
		
		
			</item>
	</channel>
</rss>
