<?xml version="1.0" encoding="UTF-8"?><rss version="2.0"
	xmlns:content="http://purl.org/rss/1.0/modules/content/"
	xmlns:wfw="http://wellformedweb.org/CommentAPI/"
	xmlns:dc="http://purl.org/dc/elements/1.1/"
	xmlns:atom="http://www.w3.org/2005/Atom"
	xmlns:sy="http://purl.org/rss/1.0/modules/syndication/"
	xmlns:slash="http://purl.org/rss/1.0/modules/slash/"
	>

<channel>
	<title>New Products - Luan FastFood</title>
	<atom:link href="http://https://github.com/lekhanhluan/lekhanhluan.github.io.git/danh-muc-san-pham/new-products/feed/" rel="self" type="application/rss+xml" />
	<link>http://https://github.com/lekhanhluan/lekhanhluan.github.io.git</link>
	<description></description>
	<lastBuildDate>Thu, 25 May 2023 09:20:30 +0000</lastBuildDate>
	<language>vi</language>
	<sy:updatePeriod>
	hourly	</sy:updatePeriod>
	<sy:updateFrequency>
	1	</sy:updateFrequency>
	<generator>https://wordpress.org/?v=6.2.2</generator>
	<item>
		<title>Xiaomi Redmi Note 11S</title>
		<link>http://https://github.com/lekhanhluan/lekhanhluan.github.io.git/san-pham/xiaomi-redmi-note-11s-sao-chep/?utm_source=rss#038;utm_medium=rss&#038;utm_campaign=xiaomi-redmi-note-11s-sao-chep</link>
					<comments>http://https://github.com/lekhanhluan/lekhanhluan.github.io.git/san-pham/xiaomi-redmi-note-11s-sao-chep/#respond</comments>
		
		<dc:creator><![CDATA[lekhanhluan]]></dc:creator>
		<pubDate>Thu, 25 May 2023 09:17:55 +0000</pubDate>
				<guid isPermaLink="false">http://https://github.com/lekhanhluan/lekhanhluan.github.io.git/?post_type=product#038;p=717</guid>

					<description><![CDATA[<h2 class="ksp-title has-text-centered" style="text-align: center;">ĐẶC ĐIỂM NỔI BẬT</h2>
<div>
<ul>
<li>Thiết kế tinh tế, cuốn hút - Mỏng nhẹ thời trang, nhỏ gọn trong tay</li>
<li>Trọn vẹn từng khung hình - Màn hình 6.43" FHD+ AMOLED DotDisplay, 90Hz</li>
<li>Chụp ảnh chuyên nghiệp - Cụm 4 camera sau 108MP, hỗ trợ đa dạng chế độ chụp</li>
<li>Pin siêu lớn cùng khả năng sạc siêu tốc - Viên pin 5000mAh, sạc nhanh 33W</li>
</ul>
</div>
<p>The post <a href="http://https://github.com/lekhanhluan/lekhanhluan.github.io.git/san-pham/xiaomi-redmi-note-11s-sao-chep/">Xiaomi Redmi Note 11S</a> first appeared on <a href="http://https://github.com/lekhanhluan/lekhanhluan.github.io.git">Luan FastFood</a>.</p>]]></description>
										<content:encoded><![CDATA[<p><strong>Xiaomi Redmi Note 11S</strong> sở hữu một thiết kế cuốn hút với các đường nét hoàn thiện tỉ mỉ. Điện thoại sở hữu màn hình kích thước 6.43 inch cùng độ tần số quét 90Hz mang lại các chuyển động ổn định và mượt mà. Bên trong thiết bị sẽ chạy trên con chip <strong>MediaTek Helio G96CPU</strong> cùng bộ nhớ RAM lên đến 8GB.</p>
<p><img decoding="async" src="https://cdn2.cellphones.com.vn/x,webp,q100/media/wysiwyg/Phone/Xiaomi/Redmi/NOte/xiaomi-redmi-note-11s-8.jpg" alt="Điện thoại Xiaomi Redmi Note 11S" /></p>
<h2><strong>So sánh điện thoại Xiaomi Redmi Note 11S với Xiaomi Redmi Note 10S</strong></h2>
<p>Điện thoại Xiaomi Redmi Note 11S là phiên bản kế nhiệm của Redmi Note 10S. Vậy cụ thể chiếc smartphone đời mới này có điểm gì giống và khác so với người tiền nhiệm.</p>
<table class="table table-bordered">
<tbody>
<tr class="success">
<td><strong>Thông số</strong></td>
<td><strong>Xiaomi Redmi Note 11S</strong></td>
<td><strong>Xiaomi Redmi Note 10S</strong></td>
</tr>
<tr>
<td>Màu sắc</td>
<td>Trắng, Xanh, Xám</td>
<td>Tím, Xám, Trắng, Xanh</td>
</tr>
<tr>
<td>Màn hình</td>
<td>AMOLED 6.43 inch</p>
<p>Tần số quét 90Hz</td>
<td>AMOLED 6.43 inch</p>
<p>Tần số quét 90Hz</td>
</tr>
<tr>
<td>Trọng lượng</td>
<td>179g</td>
<td>178.8g</td>
</tr>
<tr>
<td>CPU</td>
<td>MediaTek Helio G96</td>
<td>MediaTek Helio G95</td>
</tr>
<tr>
<td>GPU</td>
<td>ARM Mali-G57 MC2</td>
<td>ARM Mali-G76 MC4</td>
</tr>
<tr>
<td>RAM &#8211; ROM</td>
<td>6GB+64GB</p>
<p>6GB+128GB</p>
<p>8GB+128GB</td>
<td>6GB+64GB</p>
<p>6GB+128GB</p>
<p>8GB+128GB</td>
</tr>
<tr>
<td>Camera trước</td>
<td>16MP, f/2.4</td>
<td>13 MP, f/2.5</td>
</tr>
<tr>
<td>Camera sau</td>
<td>Camera góc rộng: 108MP, f/1.9</p>
<p>Camera góc siêu rộng: 8MP f/2.2FOV 118°</p>
<p>Camera macro: 2MP, f/2.4</p>
<p>Camera chân dung: 2MP, f/2.4</td>
<td>Camera góc rộng: 64 MP, f/1.8</p>
<p>Camera góc siêu rộng: 8 MP, f/2.2</p>
<p>Camera macro: 2 MP, f/2.4</p>
<p>Camera xóa phông: 2 MP, f/2.4</td>
</tr>
<tr>
<td>Dung lượng pin</td>
<td>5000mAh</p>
<p>Sạc nhanh 33W</td>
<td>5000mAh</p>
<p>Sạc nhanh 33W</td>
</tr>
</tbody>
</table>
<h2><strong>Điện thoại Xiaomi Redmi Note 11S &#8211; Cấu hình toàn diện trong phân khúc</strong></h2>
<p>Thương hiệu Xiaomi luôn tạo ấn tượng với người dùng công nghệ với những mẫu smartphone đầy chất lượng so với mức giá. Mới đây, hãng vừa trình làng sản phẩm mới đó là <strong>Redmi Note 11S</strong> &#8211; hứa hẹn sẽ là mẫu smartphone nổi trội trong phân khúc tầm trung.</p>
<p>Tham khảo ngay <a href="https://cellphones.com.vn/xiaomi-redmi-note-11-pro-plus.html">Điện thoại Redmi Note 11 Pro Plus</a> với mức giá hấp dẫn, ưu đãi khủng được bán độc quyền tại hệ thống CellphoneS.</p>
<h3><strong>Mỏng nhẹ thời trang, màn hình 90 Hz cuốn hút</strong></h3>
<p>Tiếp nối thành công từ Note 10S trước đó, Xiaomi Redmi Note 11S được thiết kế mỏng nhẹ, linh hoạt và gọn tay cầm. Phần viền máy được dát phẳng cùng với mặt lưng trơn tối giản góp phần làm nên vẻ tinh tế cho Redmi Note 11S. Nhiều tùy chọn màu sắc khác nhau cũng giúp tạo nét thời trang cuốn hút cho tổng thể máy.</p>
<p><img decoding="async" src="https://cdn2.cellphones.com.vn/x,webp,q100/media/wysiwyg/Phone/Xiaomi/Redmi/NOte/xiaomi-redmi-note-11s-3.jpg" alt="Mỏng nhẹ thời trang, màn hình 90 Hz cuốn hút" /></p>
<p>Xiaomi Redmi Note 11S trang bị màn hình đáp ứng trọn vẹn giải trí như gaming hoặc xem phim thỏa thích. Màn hình Redmi Note 11S sử dụng tấm nền AMOLED và hỗ trợ tần số quét chuẩn lên đến 90 Hz cho ảnh mượt và chân thực. Đặc biệt, Xiaomi cũng trang bị chế độ đọc 3.0 giúp giảm mỏi mắt khi sử dụng liên tục.</p>
<p><img decoding="async" src="https://cdn2.cellphones.com.vn/x,webp,q100/media/wysiwyg/Phone/Xiaomi/Redmi/NOte/xiaomi-redmi-note-11s-6.jpg" alt="Màn hình Redmi Note 11S sử dụng tấm nền AMOLED" /></p>
<h3><strong>Camera chụp ảnh 108 MP chụp ảnh cao cấp</strong></h3>
<p>Được nâng cấp lớn so với model trước, Xiaomi Redmi Note 11S trang bị hệ thống camera bốn ống kính với camera chính đạt độ phân giải tận 108 MP cho ảnh chụp phong cảnh tuyệt nét. Ba camera còn lại giúp Redmi Note 11S thực hiện các tính năng chụp cao cấp như góc siêu rộng, chụp macro, và chụp xóa phông chiều sâu. Hệ thống camera này còn cho phép bạn quay video độ phân giải đến 4K hoặc tốc độ khung hình đến 960 fps.</p>
<p><img decoding="async" src="https://cdn2.cellphones.com.vn/x,webp,q100/media/wysiwyg/Phone/Xiaomi/Redmi/NOte/xiaomi-redmi-note-11s-7.jpg" alt="Camera chụp ảnh 108 MP chụp ảnh cao cấp" /></p>
<p>Điện thoại Xiaomi Redmi Note 11S cũng được trang bị camera selfie 16 MP nằm trong thiết kế nốt ruồi. Camera selfie này còn được hỗ trợ tính năng làm đẹp tự động, giúp mang lại những bức ảnh bắt mắt và ảo diệu cho người dùng Redmi Note 11S.</p>
<h3><strong>Cấu hình phù hợp cho giải trí</strong></h3>
<p><strong>Xiaomi Redmi Note 11S</strong> trang bị bộ CPU MediaTek được thiết kế tập trung vào khả năng tối ưu hiệu năng gaming, giúp bạn chiến game thỏa thích ở thiết lập đồ họa cao. Xiaomi Redmi Note 11S còn được trang bị hệ thống loa ngoài kép giúp tái tạo âm thanh lớn ở diện rộng, đưa bạn bước vào thế giới game sôi động. Chiếc máy cũng trang bị cổng 3.5mm cho các loại tai nghe có dây truyền thống.</p>
<p><img decoding="async" src="https://cdn2.cellphones.com.vn/x,webp,q100/media/wysiwyg/Phone/Xiaomi/Redmi/NOte/xiaomi-redmi-note-11s-5.jpg" alt="Cấu hình phù hợp cho giải trí" /></p>
<p>Điện thoại Xiaomi Redmi Note 11S được trang bị bộ nớ RAM 5GB cùng với bộ nhớ trong dung lượng 64GB. Máy sẽ vận hành sẵn giao diện riêng của Xiaomi &#8211; MIUI 13 trên nền Android 11. Phương thức bảo mật chính của máy là bảo mật vân tay, với vùng cảm biến hiện diện ở phím cạnh của thân máy.</p><p>The post <a href="http://https://github.com/lekhanhluan/lekhanhluan.github.io.git/san-pham/xiaomi-redmi-note-11s-sao-chep/">Xiaomi Redmi Note 11S</a> first appeared on <a href="http://https://github.com/lekhanhluan/lekhanhluan.github.io.git">Luan FastFood</a>.</p>]]></content:encoded>
					
					<wfw:commentRss>http://https://github.com/lekhanhluan/lekhanhluan.github.io.git/san-pham/xiaomi-redmi-note-11s-sao-chep/feed/</wfw:commentRss>
			<slash:comments>0</slash:comments>
		
		
			</item>
		<item>
		<title>iPhone 12 128GB&#124; Chính hãng VN/A</title>
		<link>http://https://github.com/lekhanhluan/lekhanhluan.github.io.git/san-pham/iphone-12-128gb-chinh-hang-vn-a-sao-chep/?utm_source=rss#038;utm_medium=rss&#038;utm_campaign=iphone-12-128gb-chinh-hang-vn-a-sao-chep</link>
					<comments>http://https://github.com/lekhanhluan/lekhanhluan.github.io.git/san-pham/iphone-12-128gb-chinh-hang-vn-a-sao-chep/#respond</comments>
		
		<dc:creator><![CDATA[lekhanhluan]]></dc:creator>
		<pubDate>Thu, 25 May 2023 09:12:20 +0000</pubDate>
				<guid isPermaLink="false">http://https://github.com/lekhanhluan/lekhanhluan.github.io.git/?post_type=product#038;p=712</guid>

					<description><![CDATA[<h2 class="ksp-title has-text-centered" style="text-align: center;">ĐẶC ĐIỂM NỔI BẬT</h2>
<div>
<ul>
<li>Mạnh mẽ, siêu nhanh với chip A14, RAM 4GB, mạng 5G tốc độ cao</li>
<li>Rực rỡ, sắc nét, độ sáng cao - Màn hình OLED cao cấp, Super Retina XDR hỗ trợ HDR10, Dolby Vision</li>
<li>Chụp đêm ấn tượng - Night Mode cho 2 camera, thuật toán Deep Fusion, Smart HDR 3</li>
<li>Bền bỉ vượt trội - Kháng nước, kháng bụi IP68, mặt lưng Ceramic Shield</li>
</ul>
</div>
<p>The post <a href="http://https://github.com/lekhanhluan/lekhanhluan.github.io.git/san-pham/iphone-12-128gb-chinh-hang-vn-a-sao-chep/">iPhone 12 128GB| Chính hãng VN/A</a> first appeared on <a href="http://https://github.com/lekhanhluan/lekhanhluan.github.io.git">Luan FastFood</a>.</p>]]></description>
										<content:encoded><![CDATA[<h2 align="center"><strong>Apple iPhone 12 128GB chính hãng (VN/A) phiên bản bộ nhớ 128GB lưu trữ thoải </strong><strong>mái</strong></h2>
<p><em>iPhone 12 hiện nay là cái tên “sốt xình xịch” bởi đây là một trong 4 siêu phẩm vừa được ra mắt của Apple với những đột phá về cả thiết kế lẫn cấu hình. Phiên bản Apple iPhone 12 128GB chính là một trong những chiếc iPhone được săn đón nhất bởi dung lượng bộ nhớ khủng, cho phép bạn thoải mái với vô vàn ứng dụng.</em></p>
<h3><strong>Dung lượng bộ nhớ trong lên đến 128GB và chip Apple A14 độc quyền</strong></h3>
<p><a href="https://cellphones.com.vn/iphone-12.html">iPhone 12 VN/A</a> phiên bản bộ nhớ trong 128GB sẽ khiến bạn có thể vô tư với hàng tá ứng dụng, chứa rất nhiều ảnh, video và không cần lo lắng việc không đủ dung lượng sử dụng.</p>
<p><img decoding="async" class="alignnone size-full wp-image-667" src="http://https://github.com/lekhanhluan/lekhanhluan.github.io.git/wp-content/uploads/2019/01/iphone-11-3_1.webp" alt="" width="810" height="456" /></p>
<p>Ngoài ra, iPhone 12 128GB chính hãng (VN/A) còn hỗ trợ sạc nhanh lên đến 20W, tiết kiệm thời gian của bạn và có thể nhanh chóng tiếp tục sử dụng điện thoại của mình.</p>
<h2><strong>iPhone 12 128GB giá bao nhiêu?</strong></h2>
<p>Bên cạnh thiết kế, mẫu mã, hiệu năng và dung lượng pin thì iPhone 12 128GB giá bao nhiêu là điều được nhiều người quan tâm không kém. Giá ở hiện tại đã giảm đi rất nhiều so với thời điểm chiếc “Táo” này ra mắt. Nhờ vậy, việc sở hữu sản phẩm tốt giá hời nằm trong tầm tay của các tín đồ công nghệ, đặc biệt là iFan. Tại CellphoneS, iPhone 12 128GB hiện tại có mức giá từ 16 triệu đồng (giá có thể thay đổi tùy theo thời gian và chương trình khuyến mãi khác nhau). Như vậy bạn đã tiết kiệm đến hơn 20% so với giá ban đầu.</p>
<p><img decoding="async" class="alignnone size-full wp-image-662" src="http://https://github.com/lekhanhluan/lekhanhluan.github.io.git/wp-content/uploads/2019/01/iphone-12-7.webp" alt="" width="810" height="456" /></p><p>The post <a href="http://https://github.com/lekhanhluan/lekhanhluan.github.io.git/san-pham/iphone-12-128gb-chinh-hang-vn-a-sao-chep/">iPhone 12 128GB| Chính hãng VN/A</a> first appeared on <a href="http://https://github.com/lekhanhluan/lekhanhluan.github.io.git">Luan FastFood</a>.</p>]]></content:encoded>
					
					<wfw:commentRss>http://https://github.com/lekhanhluan/lekhanhluan.github.io.git/san-pham/iphone-12-128gb-chinh-hang-vn-a-sao-chep/feed/</wfw:commentRss>
			<slash:comments>0</slash:comments>
		
		
			</item>
		<item>
		<title>iPhone 12 64GB &#124; Chính hãng VN/A</title>
		<link>http://https://github.com/lekhanhluan/lekhanhluan.github.io.git/san-pham/iphone-12-64gb-chinh-hang-vn-a-sao-chep/?utm_source=rss#038;utm_medium=rss&#038;utm_campaign=iphone-12-64gb-chinh-hang-vn-a-sao-chep</link>
					<comments>http://https://github.com/lekhanhluan/lekhanhluan.github.io.git/san-pham/iphone-12-64gb-chinh-hang-vn-a-sao-chep/#respond</comments>
		
		<dc:creator><![CDATA[lekhanhluan]]></dc:creator>
		<pubDate>Thu, 25 May 2023 08:53:54 +0000</pubDate>
				<guid isPermaLink="false">http://https://github.com/lekhanhluan/lekhanhluan.github.io.git/?post_type=product#038;p=701</guid>

					<description><![CDATA[<h2 class="ksp-title has-text-centered">ĐẶC ĐIỂM NỔI BẬT</h2>
<div>
<ul>
<li>Mạnh mẽ, siêu nhanh với chip A14, RAM 4GB, mạng 5G tốc độ cao</li>
<li>Rực rỡ, sắc nét, độ sáng cao - Màn hình OLED cao cấp, Super Retina XDR hỗ trợ HDR10, Dolby Vision</li>
<li>Chụp đêm ấn tượng - Night Mode cho 2 camera, thuật toán Deep Fusion, Smart HDR 3</li>
<li>Bền bỉ vượt trội - Kháng nước, kháng bụi IP68, mặt lưng Ceramic Shield</li>
</ul>
</div>
<p>The post <a href="http://https://github.com/lekhanhluan/lekhanhluan.github.io.git/san-pham/iphone-12-64gb-chinh-hang-vn-a-sao-chep/">iPhone 12 64GB | Chính hãng VN/A</a> first appeared on <a href="http://https://github.com/lekhanhluan/lekhanhluan.github.io.git">Luan FastFood</a>.</p>]]></description>
										<content:encoded><![CDATA[<h2 style="text-align: center;"><strong>Đánh giá iPhone 12 &#8211; Siêu phẩm khẳng định đẳng cấp</strong></h2>
<p>Phiên bản iPhone 12 thường sở hữu nhiều điểm mới đặc biệt là về thiết kế và cấu hình so với các thế hệ trước đó.</p>
<h3><strong>Thiết kế </strong></h3>
<p>iPhone 12 gây ấn tượng với người dùng bởi thiết kế vuông vức quen thuộc, đây là thiết kế đã từng xuất hiện trên thế hệ iPhone 5 trước đó. Điện thoại được hoàn thiện mỏng hơn với cụm camera lớn hơn.</p>
<p>Đặc biệt, máy được trang bị một khung viền thép không gỉ. Mặt lưng <a href="https://cellphones.com.vn/mobile/apple/iphone-12-vna.html">điện thoại iPhone 12</a> được trang bị một mặt kính Ceramic Shield bóng bẩy, gây được sự chú ý của người đối diện.</p>
<p>Về kích thước cụ thể, máy có thông số từng cạnh lần lượt là 146.7 x 71.5 x 7.4 mm cùng cân nặng khoảng 164g. Tổng thể, máy khá mỏng nhẹ thích hợp với cả người dùng nam và nữ cũng như thích hợp với nhiều kích thước tay khác nhau.</p>
<p><img decoding="async" class="alignnone size-full wp-image-633" src="http://https://github.com/lekhanhluan/lekhanhluan.github.io.git/wp-content/uploads/2019/01/1684210858832-ly-do-nen-lua-chon-iphone-11-cu-o-thoi-diem-hien-tai.jpg" alt="" width="865" height="576" /></p>
<h3><strong>Màn hình </strong></h3>
<p>Màn hình là một điểm nhấn trên iPhone 12. Máy được trang bị tấm nền Super Retina XDR OLED, thay vì IPS LCD như thế hệ trước đó nhờ vậy người dùng sẽ cảm nhận được khả năng hiển thị sinh động, màu sắc đậm đà cũng như độ tương phản cao.</p>
<p>Bên cạnh đó, điện thoại được trang bị một màn hình kích thước khá lớn, bằng với <a href="https://cellphones.com.vn/iphone-12-pro.html">iPhone 12 Pro</a> là 6.1 inch. Cùng với đó là độ phân giải 1.170 x 2.532 pixels nhờ đó mang lại khả năng hiển thị với hình ảnh đẹp mắt. Màn hình với tần số quét 60Hz mang lại trải nghiệm mượt mà, từ xem phim đến chơi game.</p>
<p>Phần viền màn hình trên thế hệ iPhone 12 cũng nhỏ và mỏng hơn rất nhiều so với các thế thệ trước. Nhờ đó người dùng có không giản trải nghiệm rộng hơn, màn hình hiển thị được nhiều chi tiết hơn.</p>
<p>Ngoài ra, màn hình trên thiết bị cũng được trang bị công nghệ True Tone giúp tự động điều chỉnh độ sáng màn hình theo độ sáng của môi trường giúp con mắt của người dùng thoải mái hơn khi sử dụng.</p>
<p><img decoding="async" class="alignnone size-full wp-image-662" src="http://https://github.com/lekhanhluan/lekhanhluan.github.io.git/wp-content/uploads/2019/01/iphone-12-7.webp" alt="" width="810" height="456" /></p><p>The post <a href="http://https://github.com/lekhanhluan/lekhanhluan.github.io.git/san-pham/iphone-12-64gb-chinh-hang-vn-a-sao-chep/">iPhone 12 64GB | Chính hãng VN/A</a> first appeared on <a href="http://https://github.com/lekhanhluan/lekhanhluan.github.io.git">Luan FastFood</a>.</p>]]></content:encoded>
					
					<wfw:commentRss>http://https://github.com/lekhanhluan/lekhanhluan.github.io.git/san-pham/iphone-12-64gb-chinh-hang-vn-a-sao-chep/feed/</wfw:commentRss>
			<slash:comments>0</slash:comments>
		
		
			</item>
		<item>
		<title>Samsung Galaxy S23 8GB 256GB</title>
		<link>http://https://github.com/lekhanhluan/lekhanhluan.github.io.git/san-pham/samsung-galaxy-s23-8gb-256gb-sao-chep/?utm_source=rss#038;utm_medium=rss&#038;utm_campaign=samsung-galaxy-s23-8gb-256gb-sao-chep</link>
					<comments>http://https://github.com/lekhanhluan/lekhanhluan.github.io.git/san-pham/samsung-galaxy-s23-8gb-256gb-sao-chep/#respond</comments>
		
		<dc:creator><![CDATA[lekhanhluan]]></dc:creator>
		<pubDate>Thu, 25 May 2023 08:46:35 +0000</pubDate>
				<guid isPermaLink="false">http://https://github.com/lekhanhluan/lekhanhluan.github.io.git/?post_type=product#038;p=693</guid>

					<description><![CDATA[<h2 class="ksp-title has-text-centered" style="text-align: center;">ĐẶC ĐIỂM NỔI BẬT</h2>
<div>
<ul>
<li>Dẫn đầu công nghệ chụp đêm - Camera lên đến 50MP, zoom xa rõ nét, vi xử lí AI, công nghệ ảnh siêu chi tiết</li>
<li>Hiệu năng vượt trội - Snapdragon 8 Gen 2 8 nhân mạnh mẽ</li>
<li>Đa nhiệm mượt mà - RAM lớn 8G, dễ dàng chuyển đổi giữa các thiết bị</li>
<li>Thiết kế vì hành tinh - Màu sắc lấy cảm hứng từ thiên nhiên, chất liệu kính và lớp phim phủ PET tái chế</li>
</ul>
</div>
<p>The post <a href="http://https://github.com/lekhanhluan/lekhanhluan.github.io.git/san-pham/samsung-galaxy-s23-8gb-256gb-sao-chep/">Samsung Galaxy S23 8GB 256GB</a> first appeared on <a href="http://https://github.com/lekhanhluan/lekhanhluan.github.io.git">Luan FastFood</a>.</p>]]></description>
										<content:encoded><![CDATA[<p style="text-align: left;" align="center"><strong>Samsung Galaxy S23 </strong>là phiên bản tiếp theo sắp được Samsung cho ra mắt thị trường. Sở hữu diện mạo tinh tế mới mẻ đi đầu xu hướng, bên cạnh đó là màn hình chất lượng, hiệu năng mạnh mẽ và cụm camera siêu chất sẽ mang tới những trải nghiệm ấn tượng cho người dùng ngay từ lần chạm đầu tiên.</p>
<h2 style="text-align: center;" align="center"><strong>Ưu đãi cực &#8220;khủng&#8221; khi đặt trước Samsung Galaxy S23 tại CellphoneS</strong></h2>
<p style="text-align: left;">Khi đặt trước Samsung Galaxy S23 tại CellphoneS, bạn sẽ nhận được nhiều ưu đãi sốc, cụ thể:</p>
<p style="text-align: left;">&#8211; Sở hữu liền tay phiếu mua hàng đến 3 triệu đồng;</p>
<p style="text-align: left;">&#8211; Trợ giá lên đời đến 3 triệu đồng;</p>
<p style="text-align: left;">&#8211; Hoàn tiền qua ví điện tử lên đến 2 triệu đồng;</p>
<p style="text-align: left;">&#8211; Trả góp 0% trong vòng 24 tháng.</p>
<p style="text-align: left;">Chi tiết cụ thể khách hàng vui lòng xem tại chương trình khuyến mãi hoặc gọi đến hotline của CellphoneS để được tư vấn và giải đáp thắc mắc!</p>
<p style="text-align: left;"><img decoding="async" class="alignnone size-full wp-image-685" src="http://https://github.com/lekhanhluan/lekhanhluan.github.io.git/wp-content/uploads/2019/01/samsung-s23-1.webp" alt="" width="810" height="456" /></p>
<h2 align="center"><strong>So sánh Samsung Galaxy S23 và Samsung Galaxy S22</strong></h2>
<p>Samsung Galaxy S23 có nhiều thay đổi và cải tiến so với thế hệ tiền nhiệm. Không chỉ về màu sắc mang hơi hướng tự nhiên, chất liệu bền vững mà những thông số kỹ thuật cũng có sự thay đổi ít nhiều. Xem ngay thông tin qua bảng sau đây nhé!</p>
<table class="table table-bordered" border="0">
<tbody>
<tr class="info">
<td></td>
<td><strong>Samsung Galaxy S23</strong></td>
<td><strong>Samsung Galaxy S22</strong></td>
</tr>
<tr>
<td><strong>Màn hình</strong></td>
<td>Dynamic AMOLED 2X 6.1 inch</td>
<td>Dynamic AMOLED 2X 6.1 inch</td>
</tr>
<tr>
<td><strong>Độ phân giải</strong></td>
<td>2340 x 1080 pixel (FHD+)</td>
<td>2340 x 1080 pixel (FHD+)</td>
</tr>
<tr>
<td><strong>Tần số quét</strong></td>
<td>120Hz</td>
<td>120Hz</td>
</tr>
<tr>
<td><strong>Chip xử lý</strong></td>
<td>Snapdragon 8 Gen 2</td>
<td>Snapdragon 8 Gen 1</td>
</tr>
<tr>
<td><strong>Dung lượng RAM</strong></td>
<td>8GB</td>
<td>8GB</td>
</tr>
<tr>
<td><strong>Bộ nhớ trong</strong></td>
<td>128GB, 256GB</td>
<td>128GB, 256GB</td>
</tr>
<tr>
<td><strong>Dung lượng pin</strong></td>
<td>3900mAh</td>
<td>3700mAh</td>
</tr>
<tr>
<td><strong>Hỗ trợ 5G</strong></td>
<td>Có</td>
<td>Có</td>
</tr>
<tr>
<td><strong>Camera sau</strong></td>
<td>50MP+10MP+12MP</td>
<td>50MP+10MP+12MP</td>
</tr>
<tr>
<td><strong>Camera trước</strong></td>
<td>12MP</td>
<td>10MP</td>
</tr>
<tr>
<td><strong>Màu sắc</strong></td>
<td> Tím Lilac, Kem Cotton, Đen Phantom và Xanh Botanic</td>
<td>Trắng nguyên bản, Xanh Phantom, Hồng Ánh Kim và Đen Phantom</td>
</tr>
</tbody>
</table>
<h2 align="center"><strong>Samsung Galaxy S23 mạnh mẽ, ấn tượng đi đầu xu hướng</strong></h2>
<p>Thêm vào đó, 2023 Samsung cũng có thể ra mắt phiên bản <strong><a title="Samsung S23 Ultra" href="https://cellphones.com.vn/samsung-galaxy-s23-ultra.html" target="_blank" rel="noopener">Galaxy S23 Ultra</a></strong> với nhiều cải tiến hơn người tiền nhiệm S22 Ultra.</p>
<h3><strong>Thiết kế mềm mại thu hút mọi ánh nhìn</strong></h3>
<p>Samsung Galaxy S23 sở hữu trên mình thiết kế sang trọng, tinh tế và hấp dẫn người dùng ngay từ ánh nhìn đầu tiên. Toàn bộ các góc cạnh được bo tỉ mỉ mang tới sự mềm mại mà không kém phần chắc chắn.</p>
<p><img decoding="async" src="https://cdn2.cellphones.com.vn/x,webp,q100/media/wysiwyg/Phone/Samsung/samsung_s/S23/Samsung-Galaxy-S23-8.jpg" alt="Samsung Galaxy S23 mạnh mẽ, ấn tượng đi đầu xu hướng" /></p><p>The post <a href="http://https://github.com/lekhanhluan/lekhanhluan.github.io.git/san-pham/samsung-galaxy-s23-8gb-256gb-sao-chep/">Samsung Galaxy S23 8GB 256GB</a> first appeared on <a href="http://https://github.com/lekhanhluan/lekhanhluan.github.io.git">Luan FastFood</a>.</p>]]></content:encoded>
					
					<wfw:commentRss>http://https://github.com/lekhanhluan/lekhanhluan.github.io.git/san-pham/samsung-galaxy-s23-8gb-256gb-sao-chep/feed/</wfw:commentRss>
			<slash:comments>0</slash:comments>
		
		
			</item>
		<item>
		<title>iPhone 12 128GB&#124; Chính hãng VN/A</title>
		<link>http://https://github.com/lekhanhluan/lekhanhluan.github.io.git/san-pham/beanie-with-logo/?utm_source=rss#038;utm_medium=rss&#038;utm_campaign=beanie-with-logo</link>
					<comments>http://https://github.com/lekhanhluan/lekhanhluan.github.io.git/san-pham/beanie-with-logo/#respond</comments>
		
		<dc:creator><![CDATA[lekhanhluan]]></dc:creator>
		<pubDate>Wed, 16 Jan 2019 13:01:55 +0000</pubDate>
				<guid isPermaLink="false">https://woocommercecore.mystagingwebsite.com/product/beanie-with-logo/</guid>

					<description><![CDATA[<h2 class="ksp-title has-text-centered" style="text-align: center;">ĐẶC ĐIỂM NỔI BẬT</h2>
<div>
<ul>
<li>Mạnh mẽ, siêu nhanh với chip A14, RAM 4GB, mạng 5G tốc độ cao</li>
<li>Rực rỡ, sắc nét, độ sáng cao - Màn hình OLED cao cấp, Super Retina XDR hỗ trợ HDR10, Dolby Vision</li>
<li>Chụp đêm ấn tượng - Night Mode cho 2 camera, thuật toán Deep Fusion, Smart HDR 3</li>
<li>Bền bỉ vượt trội - Kháng nước, kháng bụi IP68, mặt lưng Ceramic Shield</li>
</ul>
</div>
<p>The post <a href="http://https://github.com/lekhanhluan/lekhanhluan.github.io.git/san-pham/beanie-with-logo/">iPhone 12 128GB| Chính hãng VN/A</a> first appeared on <a href="http://https://github.com/lekhanhluan/lekhanhluan.github.io.git">Luan FastFood</a>.</p>]]></description>
										<content:encoded><![CDATA[<h2 align="center"><strong>Apple iPhone 12 128GB chính hãng (VN/A) phiên bản bộ nhớ 128GB lưu trữ thoải </strong><strong>mái</strong></h2>
<p><em>iPhone 12 hiện nay là cái tên “sốt xình xịch” bởi đây là một trong 4 siêu phẩm vừa được ra mắt của Apple với những đột phá về cả thiết kế lẫn cấu hình. Phiên bản Apple iPhone 12 128GB chính là một trong những chiếc iPhone được săn đón nhất bởi dung lượng bộ nhớ khủng, cho phép bạn thoải mái với vô vàn ứng dụng.</em></p>
<h3><strong>Dung lượng bộ nhớ trong lên đến 128GB và chip Apple A14 độc quyền</strong></h3>
<p><a href="https://cellphones.com.vn/iphone-12.html">iPhone 12 VN/A</a> phiên bản bộ nhớ trong 128GB sẽ khiến bạn có thể vô tư với hàng tá ứng dụng, chứa rất nhiều ảnh, video và không cần lo lắng việc không đủ dung lượng sử dụng.</p>
<p><img decoding="async" class="alignnone size-full wp-image-667" src="http://https://github.com/lekhanhluan/lekhanhluan.github.io.git/wp-content/uploads/2019/01/iphone-11-3_1.webp" alt="" width="810" height="456" /></p>
<p>Ngoài ra, iPhone 12 128GB chính hãng (VN/A) còn hỗ trợ sạc nhanh lên đến 20W, tiết kiệm thời gian của bạn và có thể nhanh chóng tiếp tục sử dụng điện thoại của mình.</p>
<h2><strong>iPhone 12 128GB giá bao nhiêu?</strong></h2>
<p>Bên cạnh thiết kế, mẫu mã, hiệu năng và dung lượng pin thì iPhone 12 128GB giá bao nhiêu là điều được nhiều người quan tâm không kém. Giá ở hiện tại đã giảm đi rất nhiều so với thời điểm chiếc “Táo” này ra mắt. Nhờ vậy, việc sở hữu sản phẩm tốt giá hời nằm trong tầm tay của các tín đồ công nghệ, đặc biệt là iFan. Tại CellphoneS, iPhone 12 128GB hiện tại có mức giá từ 16 triệu đồng (giá có thể thay đổi tùy theo thời gian và chương trình khuyến mãi khác nhau). Như vậy bạn đã tiết kiệm đến hơn 20% so với giá ban đầu.</p>
<p><img decoding="async" class="alignnone size-full wp-image-662" src="http://https://github.com/lekhanhluan/lekhanhluan.github.io.git/wp-content/uploads/2019/01/iphone-12-7.webp" alt="" width="810" height="456" /></p><p>The post <a href="http://https://github.com/lekhanhluan/lekhanhluan.github.io.git/san-pham/beanie-with-logo/">iPhone 12 128GB| Chính hãng VN/A</a> first appeared on <a href="http://https://github.com/lekhanhluan/lekhanhluan.github.io.git">Luan FastFood</a>.</p>]]></content:encoded>
					
					<wfw:commentRss>http://https://github.com/lekhanhluan/lekhanhluan.github.io.git/san-pham/beanie-with-logo/feed/</wfw:commentRss>
			<slash:comments>0</slash:comments>
		
		
			</item>
		<item>
		<title>iPhone 12 64GB &#124; Chính hãng VN/A</title>
		<link>http://https://github.com/lekhanhluan/lekhanhluan.github.io.git/san-pham/wordpress-pennant/?utm_source=rss#038;utm_medium=rss&#038;utm_campaign=wordpress-pennant</link>
					<comments>http://https://github.com/lekhanhluan/lekhanhluan.github.io.git/san-pham/wordpress-pennant/#respond</comments>
		
		<dc:creator><![CDATA[lekhanhluan]]></dc:creator>
		<pubDate>Wed, 16 Jan 2019 13:01:55 +0000</pubDate>
				<guid isPermaLink="false">https://woocommercecore.mystagingwebsite.com/product/wordpress-pennant/</guid>

					<description><![CDATA[<h2 class="ksp-title has-text-centered">ĐẶC ĐIỂM NỔI BẬT</h2>
<div>
<ul>
<li>Mạnh mẽ, siêu nhanh với chip A14, RAM 4GB, mạng 5G tốc độ cao</li>
<li>Rực rỡ, sắc nét, độ sáng cao - Màn hình OLED cao cấp, Super Retina XDR hỗ trợ HDR10, Dolby Vision</li>
<li>Chụp đêm ấn tượng - Night Mode cho 2 camera, thuật toán Deep Fusion, Smart HDR 3</li>
<li>Bền bỉ vượt trội - Kháng nước, kháng bụi IP68, mặt lưng Ceramic Shield</li>
</ul>
</div>
<p>The post <a href="http://https://github.com/lekhanhluan/lekhanhluan.github.io.git/san-pham/wordpress-pennant/">iPhone 12 64GB | Chính hãng VN/A</a> first appeared on <a href="http://https://github.com/lekhanhluan/lekhanhluan.github.io.git">Luan FastFood</a>.</p>]]></description>
										<content:encoded><![CDATA[<h2 style="text-align: center;"><strong>Đánh giá iPhone 12 &#8211; Siêu phẩm khẳng định đẳng cấp</strong></h2>
<p>Phiên bản iPhone 12 thường sở hữu nhiều điểm mới đặc biệt là về thiết kế và cấu hình so với các thế hệ trước đó.</p>
<h3><strong>Thiết kế </strong></h3>
<p>iPhone 12 gây ấn tượng với người dùng bởi thiết kế vuông vức quen thuộc, đây là thiết kế đã từng xuất hiện trên thế hệ iPhone 5 trước đó. Điện thoại được hoàn thiện mỏng hơn với cụm camera lớn hơn.</p>
<p>Đặc biệt, máy được trang bị một khung viền thép không gỉ. Mặt lưng <a href="https://cellphones.com.vn/mobile/apple/iphone-12-vna.html">điện thoại iPhone 12</a> được trang bị một mặt kính Ceramic Shield bóng bẩy, gây được sự chú ý của người đối diện.</p>
<p>Về kích thước cụ thể, máy có thông số từng cạnh lần lượt là 146.7 x 71.5 x 7.4 mm cùng cân nặng khoảng 164g. Tổng thể, máy khá mỏng nhẹ thích hợp với cả người dùng nam và nữ cũng như thích hợp với nhiều kích thước tay khác nhau.</p>
<p><img decoding="async" class="alignnone size-full wp-image-633" src="http://https://github.com/lekhanhluan/lekhanhluan.github.io.git/wp-content/uploads/2019/01/1684210858832-ly-do-nen-lua-chon-iphone-11-cu-o-thoi-diem-hien-tai.jpg" alt="" width="865" height="576" /></p>
<h3><strong>Màn hình </strong></h3>
<p>Màn hình là một điểm nhấn trên iPhone 12. Máy được trang bị tấm nền Super Retina XDR OLED, thay vì IPS LCD như thế hệ trước đó nhờ vậy người dùng sẽ cảm nhận được khả năng hiển thị sinh động, màu sắc đậm đà cũng như độ tương phản cao.</p>
<p>Bên cạnh đó, điện thoại được trang bị một màn hình kích thước khá lớn, bằng với <a href="https://cellphones.com.vn/iphone-12-pro.html">iPhone 12 Pro</a> là 6.1 inch. Cùng với đó là độ phân giải 1.170 x 2.532 pixels nhờ đó mang lại khả năng hiển thị với hình ảnh đẹp mắt. Màn hình với tần số quét 60Hz mang lại trải nghiệm mượt mà, từ xem phim đến chơi game.</p>
<p>Phần viền màn hình trên thế hệ iPhone 12 cũng nhỏ và mỏng hơn rất nhiều so với các thế thệ trước. Nhờ đó người dùng có không giản trải nghiệm rộng hơn, màn hình hiển thị được nhiều chi tiết hơn.</p>
<p>Ngoài ra, màn hình trên thiết bị cũng được trang bị công nghệ True Tone giúp tự động điều chỉnh độ sáng màn hình theo độ sáng của môi trường giúp con mắt của người dùng thoải mái hơn khi sử dụng.</p>
<p><img decoding="async" class="alignnone size-full wp-image-662" src="http://https://github.com/lekhanhluan/lekhanhluan.github.io.git/wp-content/uploads/2019/01/iphone-12-7.webp" alt="" width="810" height="456" /></p><p>The post <a href="http://https://github.com/lekhanhluan/lekhanhluan.github.io.git/san-pham/wordpress-pennant/">iPhone 12 64GB | Chính hãng VN/A</a> first appeared on <a href="http://https://github.com/lekhanhluan/lekhanhluan.github.io.git">Luan FastFood</a>.</p>]]></content:encoded>
					
					<wfw:commentRss>http://https://github.com/lekhanhluan/lekhanhluan.github.io.git/san-pham/wordpress-pennant/feed/</wfw:commentRss>
			<slash:comments>0</slash:comments>
		
		
			</item>
		<item>
		<title>Samsung Galaxy S23 8GB 256GB</title>
		<link>http://https://github.com/lekhanhluan/lekhanhluan.github.io.git/san-pham/single/?utm_source=rss#038;utm_medium=rss&#038;utm_campaign=single</link>
					<comments>http://https://github.com/lekhanhluan/lekhanhluan.github.io.git/san-pham/single/#respond</comments>
		
		<dc:creator><![CDATA[lekhanhluan]]></dc:creator>
		<pubDate>Wed, 16 Jan 2019 13:01:54 +0000</pubDate>
				<guid isPermaLink="false">https://woocommercecore.mystagingwebsite.com/product/single/</guid>

					<description><![CDATA[<h2 class="ksp-title has-text-centered" style="text-align: center;">ĐẶC ĐIỂM NỔI BẬT</h2>
<div>
<ul>
<li>Dẫn đầu công nghệ chụp đêm - Camera lên đến 50MP, zoom xa rõ nét, vi xử lí AI, công nghệ ảnh siêu chi tiết</li>
<li>Hiệu năng vượt trội - Snapdragon 8 Gen 2 8 nhân mạnh mẽ</li>
<li>Đa nhiệm mượt mà - RAM lớn 8G, dễ dàng chuyển đổi giữa các thiết bị</li>
<li>Thiết kế vì hành tinh - Màu sắc lấy cảm hứng từ thiên nhiên, chất liệu kính và lớp phim phủ PET tái chế</li>
</ul>
</div>
<p>The post <a href="http://https://github.com/lekhanhluan/lekhanhluan.github.io.git/san-pham/single/">Samsung Galaxy S23 8GB 256GB</a> first appeared on <a href="http://https://github.com/lekhanhluan/lekhanhluan.github.io.git">Luan FastFood</a>.</p>]]></description>
										<content:encoded><![CDATA[<p style="text-align: left;" align="center"><strong>Samsung Galaxy S23 </strong>là phiên bản tiếp theo sắp được Samsung cho ra mắt thị trường. Sở hữu diện mạo tinh tế mới mẻ đi đầu xu hướng, bên cạnh đó là màn hình chất lượng, hiệu năng mạnh mẽ và cụm camera siêu chất sẽ mang tới những trải nghiệm ấn tượng cho người dùng ngay từ lần chạm đầu tiên.</p>
<h2 style="text-align: center;" align="center"><strong>Ưu đãi cực &#8220;khủng&#8221; khi đặt trước Samsung Galaxy S23 tại CellphoneS</strong></h2>
<p style="text-align: left;">Khi đặt trước Samsung Galaxy S23 tại CellphoneS, bạn sẽ nhận được nhiều ưu đãi sốc, cụ thể:</p>
<p style="text-align: left;">&#8211; Sở hữu liền tay phiếu mua hàng đến 3 triệu đồng;</p>
<p style="text-align: left;">&#8211; Trợ giá lên đời đến 3 triệu đồng;</p>
<p style="text-align: left;">&#8211; Hoàn tiền qua ví điện tử lên đến 2 triệu đồng;</p>
<p style="text-align: left;">&#8211; Trả góp 0% trong vòng 24 tháng.</p>
<p style="text-align: left;">Chi tiết cụ thể khách hàng vui lòng xem tại chương trình khuyến mãi hoặc gọi đến hotline của CellphoneS để được tư vấn và giải đáp thắc mắc!</p>
<p style="text-align: left;"><img decoding="async" class="alignnone size-full wp-image-685" src="http://https://github.com/lekhanhluan/lekhanhluan.github.io.git/wp-content/uploads/2019/01/samsung-s23-1.webp" alt="" width="810" height="456" /></p>
<h2 align="center"><strong>So sánh Samsung Galaxy S23 và Samsung Galaxy S22</strong></h2>
<p>Samsung Galaxy S23 có nhiều thay đổi và cải tiến so với thế hệ tiền nhiệm. Không chỉ về màu sắc mang hơi hướng tự nhiên, chất liệu bền vững mà những thông số kỹ thuật cũng có sự thay đổi ít nhiều. Xem ngay thông tin qua bảng sau đây nhé!</p>
<table class="table table-bordered" border="0">
<tbody>
<tr class="info">
<td></td>
<td><strong>Samsung Galaxy S23</strong></td>
<td><strong>Samsung Galaxy S22</strong></td>
</tr>
<tr>
<td><strong>Màn hình</strong></td>
<td>Dynamic AMOLED 2X 6.1 inch</td>
<td>Dynamic AMOLED 2X 6.1 inch</td>
</tr>
<tr>
<td><strong>Độ phân giải</strong></td>
<td>2340 x 1080 pixel (FHD+)</td>
<td>2340 x 1080 pixel (FHD+)</td>
</tr>
<tr>
<td><strong>Tần số quét</strong></td>
<td>120Hz</td>
<td>120Hz</td>
</tr>
<tr>
<td><strong>Chip xử lý</strong></td>
<td>Snapdragon 8 Gen 2</td>
<td>Snapdragon 8 Gen 1</td>
</tr>
<tr>
<td><strong>Dung lượng RAM</strong></td>
<td>8GB</td>
<td>8GB</td>
</tr>
<tr>
<td><strong>Bộ nhớ trong</strong></td>
<td>128GB, 256GB</td>
<td>128GB, 256GB</td>
</tr>
<tr>
<td><strong>Dung lượng pin</strong></td>
<td>3900mAh</td>
<td>3700mAh</td>
</tr>
<tr>
<td><strong>Hỗ trợ 5G</strong></td>
<td>Có</td>
<td>Có</td>
</tr>
<tr>
<td><strong>Camera sau</strong></td>
<td>50MP+10MP+12MP</td>
<td>50MP+10MP+12MP</td>
</tr>
<tr>
<td><strong>Camera trước</strong></td>
<td>12MP</td>
<td>10MP</td>
</tr>
<tr>
<td><strong>Màu sắc</strong></td>
<td> Tím Lilac, Kem Cotton, Đen Phantom và Xanh Botanic</td>
<td>Trắng nguyên bản, Xanh Phantom, Hồng Ánh Kim và Đen Phantom</td>
</tr>
</tbody>
</table>
<h2 align="center"><strong>Samsung Galaxy S23 mạnh mẽ, ấn tượng đi đầu xu hướng</strong></h2>
<p>Thêm vào đó, 2023 Samsung cũng có thể ra mắt phiên bản <strong><a title="Samsung S23 Ultra" href="https://cellphones.com.vn/samsung-galaxy-s23-ultra.html" target="_blank" rel="noopener">Galaxy S23 Ultra</a></strong> với nhiều cải tiến hơn người tiền nhiệm S22 Ultra.</p>
<h3><strong>Thiết kế mềm mại thu hút mọi ánh nhìn</strong></h3>
<p>Samsung Galaxy S23 sở hữu trên mình thiết kế sang trọng, tinh tế và hấp dẫn người dùng ngay từ ánh nhìn đầu tiên. Toàn bộ các góc cạnh được bo tỉ mỉ mang tới sự mềm mại mà không kém phần chắc chắn.</p>
<p><img decoding="async" src="https://cdn2.cellphones.com.vn/x,webp,q100/media/wysiwyg/Phone/Samsung/samsung_s/S23/Samsung-Galaxy-S23-8.jpg" alt="Samsung Galaxy S23 mạnh mẽ, ấn tượng đi đầu xu hướng" /></p><p>The post <a href="http://https://github.com/lekhanhluan/lekhanhluan.github.io.git/san-pham/single/">Samsung Galaxy S23 8GB 256GB</a> first appeared on <a href="http://https://github.com/lekhanhluan/lekhanhluan.github.io.git">Luan FastFood</a>.</p>]]></content:encoded>
					
					<wfw:commentRss>http://https://github.com/lekhanhluan/lekhanhluan.github.io.git/san-pham/single/feed/</wfw:commentRss>
			<slash:comments>0</slash:comments>
		
		
			</item>
		<item>
		<title>Xiaomi Redmi Note 11S</title>
		<link>http://https://github.com/lekhanhluan/lekhanhluan.github.io.git/san-pham/hoodie-with-zipper/?utm_source=rss#038;utm_medium=rss&#038;utm_campaign=hoodie-with-zipper</link>
					<comments>http://https://github.com/lekhanhluan/lekhanhluan.github.io.git/san-pham/hoodie-with-zipper/#respond</comments>
		
		<dc:creator><![CDATA[lekhanhluan]]></dc:creator>
		<pubDate>Wed, 16 Jan 2019 13:01:53 +0000</pubDate>
				<guid isPermaLink="false">https://woocommercecore.mystagingwebsite.com/product/hoodie-with-zipper/</guid>

					<description><![CDATA[<h2 class="ksp-title has-text-centered" style="text-align: center;">ĐẶC ĐIỂM NỔI BẬT</h2>
<div>
<ul>
<li>Thiết kế tinh tế, cuốn hút - Mỏng nhẹ thời trang, nhỏ gọn trong tay</li>
<li>Trọn vẹn từng khung hình - Màn hình 6.43" FHD+ AMOLED DotDisplay, 90Hz</li>
<li>Chụp ảnh chuyên nghiệp - Cụm 4 camera sau 108MP, hỗ trợ đa dạng chế độ chụp</li>
<li>Pin siêu lớn cùng khả năng sạc siêu tốc - Viên pin 5000mAh, sạc nhanh 33W</li>
</ul>
</div>
<p>The post <a href="http://https://github.com/lekhanhluan/lekhanhluan.github.io.git/san-pham/hoodie-with-zipper/">Xiaomi Redmi Note 11S</a> first appeared on <a href="http://https://github.com/lekhanhluan/lekhanhluan.github.io.git">Luan FastFood</a>.</p>]]></description>
										<content:encoded><![CDATA[<p><strong>Xiaomi Redmi Note 11S</strong> sở hữu một thiết kế cuốn hút với các đường nét hoàn thiện tỉ mỉ. Điện thoại sở hữu màn hình kích thước 6.43 inch cùng độ tần số quét 90Hz mang lại các chuyển động ổn định và mượt mà. Bên trong thiết bị sẽ chạy trên con chip <strong>MediaTek Helio G96CPU</strong> cùng bộ nhớ RAM lên đến 8GB.</p>
<p><img decoding="async" src="https://cdn2.cellphones.com.vn/x,webp,q100/media/wysiwyg/Phone/Xiaomi/Redmi/NOte/xiaomi-redmi-note-11s-8.jpg" alt="Điện thoại Xiaomi Redmi Note 11S" /></p>
<h2><strong>So sánh điện thoại Xiaomi Redmi Note 11S với Xiaomi Redmi Note 10S</strong></h2>
<p>Điện thoại Xiaomi Redmi Note 11S là phiên bản kế nhiệm của Redmi Note 10S. Vậy cụ thể chiếc smartphone đời mới này có điểm gì giống và khác so với người tiền nhiệm.</p>
<table class="table table-bordered">
<tbody>
<tr class="success">
<td><strong>Thông số</strong></td>
<td><strong>Xiaomi Redmi Note 11S</strong></td>
<td><strong>Xiaomi Redmi Note 10S</strong></td>
</tr>
<tr>
<td>Màu sắc</td>
<td>Trắng, Xanh, Xám</td>
<td>Tím, Xám, Trắng, Xanh</td>
</tr>
<tr>
<td>Màn hình</td>
<td>AMOLED 6.43 inch</p>
<p>Tần số quét 90Hz</td>
<td>AMOLED 6.43 inch</p>
<p>Tần số quét 90Hz</td>
</tr>
<tr>
<td>Trọng lượng</td>
<td>179g</td>
<td>178.8g</td>
</tr>
<tr>
<td>CPU</td>
<td>MediaTek Helio G96</td>
<td>MediaTek Helio G95</td>
</tr>
<tr>
<td>GPU</td>
<td>ARM Mali-G57 MC2</td>
<td>ARM Mali-G76 MC4</td>
</tr>
<tr>
<td>RAM &#8211; ROM</td>
<td>6GB+64GB</p>
<p>6GB+128GB</p>
<p>8GB+128GB</td>
<td>6GB+64GB</p>
<p>6GB+128GB</p>
<p>8GB+128GB</td>
</tr>
<tr>
<td>Camera trước</td>
<td>16MP, f/2.4</td>
<td>13 MP, f/2.5</td>
</tr>
<tr>
<td>Camera sau</td>
<td>Camera góc rộng: 108MP, f/1.9</p>
<p>Camera góc siêu rộng: 8MP f/2.2FOV 118°</p>
<p>Camera macro: 2MP, f/2.4</p>
<p>Camera chân dung: 2MP, f/2.4</td>
<td>Camera góc rộng: 64 MP, f/1.8</p>
<p>Camera góc siêu rộng: 8 MP, f/2.2</p>
<p>Camera macro: 2 MP, f/2.4</p>
<p>Camera xóa phông: 2 MP, f/2.4</td>
</tr>
<tr>
<td>Dung lượng pin</td>
<td>5000mAh</p>
<p>Sạc nhanh 33W</td>
<td>5000mAh</p>
<p>Sạc nhanh 33W</td>
</tr>
</tbody>
</table>
<h2><strong>Điện thoại Xiaomi Redmi Note 11S &#8211; Cấu hình toàn diện trong phân khúc</strong></h2>
<p>Thương hiệu Xiaomi luôn tạo ấn tượng với người dùng công nghệ với những mẫu smartphone đầy chất lượng so với mức giá. Mới đây, hãng vừa trình làng sản phẩm mới đó là <strong>Redmi Note 11S</strong> &#8211; hứa hẹn sẽ là mẫu smartphone nổi trội trong phân khúc tầm trung.</p>
<p>Tham khảo ngay <a href="https://cellphones.com.vn/xiaomi-redmi-note-11-pro-plus.html">Điện thoại Redmi Note 11 Pro Plus</a> với mức giá hấp dẫn, ưu đãi khủng được bán độc quyền tại hệ thống CellphoneS.</p>
<h3><strong>Mỏng nhẹ thời trang, màn hình 90 Hz cuốn hút</strong></h3>
<p>Tiếp nối thành công từ Note 10S trước đó, Xiaomi Redmi Note 11S được thiết kế mỏng nhẹ, linh hoạt và gọn tay cầm. Phần viền máy được dát phẳng cùng với mặt lưng trơn tối giản góp phần làm nên vẻ tinh tế cho Redmi Note 11S. Nhiều tùy chọn màu sắc khác nhau cũng giúp tạo nét thời trang cuốn hút cho tổng thể máy.</p>
<p><img decoding="async" src="https://cdn2.cellphones.com.vn/x,webp,q100/media/wysiwyg/Phone/Xiaomi/Redmi/NOte/xiaomi-redmi-note-11s-3.jpg" alt="Mỏng nhẹ thời trang, màn hình 90 Hz cuốn hút" /></p>
<p>Xiaomi Redmi Note 11S trang bị màn hình đáp ứng trọn vẹn giải trí như gaming hoặc xem phim thỏa thích. Màn hình Redmi Note 11S sử dụng tấm nền AMOLED và hỗ trợ tần số quét chuẩn lên đến 90 Hz cho ảnh mượt và chân thực. Đặc biệt, Xiaomi cũng trang bị chế độ đọc 3.0 giúp giảm mỏi mắt khi sử dụng liên tục.</p>
<p><img decoding="async" src="https://cdn2.cellphones.com.vn/x,webp,q100/media/wysiwyg/Phone/Xiaomi/Redmi/NOte/xiaomi-redmi-note-11s-6.jpg" alt="Màn hình Redmi Note 11S sử dụng tấm nền AMOLED" /></p>
<h3><strong>Camera chụp ảnh 108 MP chụp ảnh cao cấp</strong></h3>
<p>Được nâng cấp lớn so với model trước, Xiaomi Redmi Note 11S trang bị hệ thống camera bốn ống kính với camera chính đạt độ phân giải tận 108 MP cho ảnh chụp phong cảnh tuyệt nét. Ba camera còn lại giúp Redmi Note 11S thực hiện các tính năng chụp cao cấp như góc siêu rộng, chụp macro, và chụp xóa phông chiều sâu. Hệ thống camera này còn cho phép bạn quay video độ phân giải đến 4K hoặc tốc độ khung hình đến 960 fps.</p>
<p><img decoding="async" src="https://cdn2.cellphones.com.vn/x,webp,q100/media/wysiwyg/Phone/Xiaomi/Redmi/NOte/xiaomi-redmi-note-11s-7.jpg" alt="Camera chụp ảnh 108 MP chụp ảnh cao cấp" /></p>
<p>Điện thoại Xiaomi Redmi Note 11S cũng được trang bị camera selfie 16 MP nằm trong thiết kế nốt ruồi. Camera selfie này còn được hỗ trợ tính năng làm đẹp tự động, giúp mang lại những bức ảnh bắt mắt và ảo diệu cho người dùng Redmi Note 11S.</p>
<h3><strong>Cấu hình phù hợp cho giải trí</strong></h3>
<p><strong>Xiaomi Redmi Note 11S</strong> trang bị bộ CPU MediaTek được thiết kế tập trung vào khả năng tối ưu hiệu năng gaming, giúp bạn chiến game thỏa thích ở thiết lập đồ họa cao. Xiaomi Redmi Note 11S còn được trang bị hệ thống loa ngoài kép giúp tái tạo âm thanh lớn ở diện rộng, đưa bạn bước vào thế giới game sôi động. Chiếc máy cũng trang bị cổng 3.5mm cho các loại tai nghe có dây truyền thống.</p>
<p><img decoding="async" src="https://cdn2.cellphones.com.vn/x,webp,q100/media/wysiwyg/Phone/Xiaomi/Redmi/NOte/xiaomi-redmi-note-11s-5.jpg" alt="Cấu hình phù hợp cho giải trí" /></p>
<p>Điện thoại Xiaomi Redmi Note 11S được trang bị bộ nớ RAM 5GB cùng với bộ nhớ trong dung lượng 64GB. Máy sẽ vận hành sẵn giao diện riêng của Xiaomi &#8211; MIUI 13 trên nền Android 11. Phương thức bảo mật chính của máy là bảo mật vân tay, với vùng cảm biến hiện diện ở phím cạnh của thân máy.</p><p>The post <a href="http://https://github.com/lekhanhluan/lekhanhluan.github.io.git/san-pham/hoodie-with-zipper/">Xiaomi Redmi Note 11S</a> first appeared on <a href="http://https://github.com/lekhanhluan/lekhanhluan.github.io.git">Luan FastFood</a>.</p>]]></content:encoded>
					
					<wfw:commentRss>http://https://github.com/lekhanhluan/lekhanhluan.github.io.git/san-pham/hoodie-with-zipper/feed/</wfw:commentRss>
			<slash:comments>0</slash:comments>
		
		
			</item>
		<item>
		<title>Samsung Galaxy S22 Ultra (12GB &#8211; 256GB) &#8211; Độc quyền</title>
		<link>http://https://github.com/lekhanhluan/lekhanhluan.github.io.git/san-pham/polo/?utm_source=rss#038;utm_medium=rss&#038;utm_campaign=polo</link>
					<comments>http://https://github.com/lekhanhluan/lekhanhluan.github.io.git/san-pham/polo/#respond</comments>
		
		<dc:creator><![CDATA[lekhanhluan]]></dc:creator>
		<pubDate>Wed, 16 Jan 2019 13:01:53 +0000</pubDate>
				<guid isPermaLink="false">https://woocommercecore.mystagingwebsite.com/product/polo/</guid>

					<description><![CDATA[<ul>
<li>Vi xử lý mạnh mẽ nhất Galaxy - Snapdragon 8 Gen 1 (4 nm)</li>
<li>Camera mắt thần bóng đêm Nightography - Chụp đêm cực đỉnh</li>
<li>S Pen đầu tiên trên Galaxy S - Độ trễ thấp, dễ thao tác</li>
<li>Dung lượng pin bất chấp ngày đêm - Viên pin 5000mAh, sạc nhanh 45W</li>
</ul>
<p>The post <a href="http://https://github.com/lekhanhluan/lekhanhluan.github.io.git/san-pham/polo/">Samsung Galaxy S22 Ultra (12GB – 256GB) – Độc quyền</a> first appeared on <a href="http://https://github.com/lekhanhluan/lekhanhluan.github.io.git">Luan FastFood</a>.</p>]]></description>
										<content:encoded><![CDATA[<p>Điện thoại <a href="https://cellphones.com.vn/samsung-galaxy-s22-ultra.html" target="_blank" rel="noopener">Samsung S22 Ultra</a> phiên bản RAM 12GB cho cảm giác siêu mượt mà khi mở và đóng ứng dụng, đi kèm bộ nhớ trong 256GB cho bạn thoải mái lưu trữ những khung hình, thước phim chất lượng cao. Vi xử lý Qualcomm Snapdragon 8 Gen 1 hứa hẹn mang đến hiệu năng tuyệt đỉnh, xử lý mượt mà mọi tác vụ.</p>
<p>Đúng như các thông tin được đồn đoán trước đó, mẫu flagship mới của gả khổng lồ Hàn Quốc được ra mắt với tên gọi là Samsung Galaxy S22 Ultra với nhiều cải tiến đáng giá. Mẫu điện thoại cao cấp đến từ Samsung này có nhiều thay đổi từ thiết kế, cấu hình cho đến camera. Vậy siêu phẩm này có gì mới, giá bao nhiêu và có nên mua không? Hãy cùng tìm hiểu chi tiết ngay bên dưới nhé!</p>
<p>Dự kiến vào tháng 2 năm 2023, Samsung sẽ cho ra mắt siêu phẩm <a title="Samsung S23 Ultra" href="https://cellphones.com.vn/samsung-galaxy-s23-ultra.html" target="_blank" rel="noopener"><strong>S23 Ultra</strong></a> mà có thể quý khách sẽ quan tâm! Click vào link để tìm hiểu thêm!</p>
<h2><strong>Samsung S22 Ultra được nâng cấp gì so với S21 Ultra</strong></h2>
<p>Trước khi chính thức ra mắt cộng đồng những chiếc điện thoại Samsung S22 Series đã có thời gian được thai nghén khá dài để đảm bảo có những tính năng thực sự vượt trội so với phiên bản tiền nhiệm. Để có thể hình dung rõ ràng ta xét đến 2 mẫu <a href="https://cellphones.com.vn/samsung-galaxy-s22-ultra.html" target="_blank" rel="noopener"><strong>Samsung S22 Ultra</strong></a> và S21 Ulta xem dòng flagship mới nhà Samsung có những nâng cấp nổi trội nào nhé!</p>
<p><img decoding="async" src="https://cdn2.cellphones.com.vn/800x,webp,q100/media/wysiwyg/Phone/Samsung/samsung_s/S22/samsung-galaxy-s22-ultra-4.jpg" alt="Samsung S22 Ultra 5G có thiết kế sang trọng với độ bền tối ưu" /></p>
<h3><strong>Ống kính 108MP mang lại khả năng chụp ảnh không giới hạn</strong></h3>
<p>Ống kính chính trên Samsung S22 Ultra với độ phân giải lên đến 108MP, với những khả năng chụp ảnh đêm, chụp chân dung, chụp góc siêu rộng, và zoom quang học 100x đều hiện diện. Chi tiết ảnh và màu sắc tốt nằm trong khoảng zoom 10x, có thể sử dụng zoom 30x trong điều kiện ánh sáng tốt, còn zoom 100x mang tính chất lưu lại thông tin. Camera chính và camera tele hỗ trợ công nghệ chống rung quang học OIS.</p>
<p><img decoding="async" src="https://cdn2.cellphones.com.vn/x,webp,q100/media/wysiwyg/Phone/Samsung/samsung_s/S22/samsung-galaxy-s22-ultra-9.jpg" alt="Đánh giá Samsung Galaxy S22 Ultra 5G" /></p><p>The post <a href="http://https://github.com/lekhanhluan/lekhanhluan.github.io.git/san-pham/polo/">Samsung Galaxy S22 Ultra (12GB – 256GB) – Độc quyền</a> first appeared on <a href="http://https://github.com/lekhanhluan/lekhanhluan.github.io.git">Luan FastFood</a>.</p>]]></content:encoded>
					
					<wfw:commentRss>http://https://github.com/lekhanhluan/lekhanhluan.github.io.git/san-pham/polo/feed/</wfw:commentRss>
			<slash:comments>0</slash:comments>
		
		
			</item>
		<item>
		<title>T-Shirt</title>
		<link>http://https://github.com/lekhanhluan/lekhanhluan.github.io.git/san-pham/t-shirt/?utm_source=rss#038;utm_medium=rss&#038;utm_campaign=t-shirt</link>
					<comments>http://https://github.com/lekhanhluan/lekhanhluan.github.io.git/san-pham/t-shirt/#respond</comments>
		
		<dc:creator><![CDATA[lekhanhluan]]></dc:creator>
		<pubDate>Wed, 16 Jan 2019 13:01:52 +0000</pubDate>
				<guid isPermaLink="false">https://woocommercecore.mystagingwebsite.com/product/t-shirt/</guid>

					<description><![CDATA[<p>Pellentesque habitant morbi tristique senectus et netus et malesuada fames ac turpis egestas. Vestibulum tortor quam, feugiat vitae, ultricies eget, tempor sit amet, ante. Donec eu libero sit amet quam egestas semper. Aenean ultricies mi vitae est. Mauris placerat eleifend leo.</p>
<p>The post <a href="http://https://github.com/lekhanhluan/lekhanhluan.github.io.git/san-pham/t-shirt/">T-Shirt</a> first appeared on <a href="http://https://github.com/lekhanhluan/lekhanhluan.github.io.git">Luan FastFood</a>.</p>]]></description>
										<content:encoded><![CDATA[<p>Pellentesque habitant morbi tristique senectus et netus et malesuada fames ac turpis egestas. Vestibulum tortor quam, feugiat vitae, ultricies eget, tempor sit amet, ante. Donec eu libero sit amet quam egestas semper. Aenean ultricies mi vitae est. Mauris placerat eleifend leo.</p><p>The post <a href="http://https://github.com/lekhanhluan/lekhanhluan.github.io.git/san-pham/t-shirt/">T-Shirt</a> first appeared on <a href="http://https://github.com/lekhanhluan/lekhanhluan.github.io.git">Luan FastFood</a>.</p>]]></content:encoded>
					
					<wfw:commentRss>http://https://github.com/lekhanhluan/lekhanhluan.github.io.git/san-pham/t-shirt/feed/</wfw:commentRss>
			<slash:comments>0</slash:comments>
		
		
			</item>
	</channel>
</rss>
