<?xml version="1.0" encoding="UTF-8"?><rss version="2.0"
	xmlns:content="http://purl.org/rss/1.0/modules/content/"
	xmlns:wfw="http://wellformedweb.org/CommentAPI/"
	xmlns:dc="http://purl.org/dc/elements/1.1/"
	xmlns:atom="http://www.w3.org/2005/Atom"
	xmlns:sy="http://purl.org/rss/1.0/modules/syndication/"
	xmlns:slash="http://purl.org/rss/1.0/modules/slash/"
	>

<channel>
	<title>accesories - Luan FastFood</title>
	<atom:link href="http://https://github.com/lekhanhluan/lekhanhluan.github.io.git/tu-khoa-san-pham/accesories/feed/" rel="self" type="application/rss+xml" />
	<link>http://https://github.com/lekhanhluan/lekhanhluan.github.io.git</link>
	<description></description>
	<lastBuildDate>Thu, 25 May 2023 09:20:30 +0000</lastBuildDate>
	<language>vi</language>
	<sy:updatePeriod>
	hourly	</sy:updatePeriod>
	<sy:updateFrequency>
	1	</sy:updateFrequency>
	<generator>https://wordpress.org/?v=6.2.2</generator>
	<item>
		<title>iPhone 12 128GB&#124; Chính hãng VN/A</title>
		<link>http://https://github.com/lekhanhluan/lekhanhluan.github.io.git/san-pham/iphone-12-128gb-chinh-hang-vn-a-sao-chep/?utm_source=rss#038;utm_medium=rss&#038;utm_campaign=iphone-12-128gb-chinh-hang-vn-a-sao-chep</link>
					<comments>http://https://github.com/lekhanhluan/lekhanhluan.github.io.git/san-pham/iphone-12-128gb-chinh-hang-vn-a-sao-chep/#respond</comments>
		
		<dc:creator><![CDATA[lekhanhluan]]></dc:creator>
		<pubDate>Thu, 25 May 2023 09:12:20 +0000</pubDate>
				<guid isPermaLink="false">http://https://github.com/lekhanhluan/lekhanhluan.github.io.git/?post_type=product#038;p=712</guid>

					<description><![CDATA[<h2 class="ksp-title has-text-centered" style="text-align: center;">ĐẶC ĐIỂM NỔI BẬT</h2>
<div>
<ul>
<li>Mạnh mẽ, siêu nhanh với chip A14, RAM 4GB, mạng 5G tốc độ cao</li>
<li>Rực rỡ, sắc nét, độ sáng cao - Màn hình OLED cao cấp, Super Retina XDR hỗ trợ HDR10, Dolby Vision</li>
<li>Chụp đêm ấn tượng - Night Mode cho 2 camera, thuật toán Deep Fusion, Smart HDR 3</li>
<li>Bền bỉ vượt trội - Kháng nước, kháng bụi IP68, mặt lưng Ceramic Shield</li>
</ul>
</div>
<p>The post <a href="http://https://github.com/lekhanhluan/lekhanhluan.github.io.git/san-pham/iphone-12-128gb-chinh-hang-vn-a-sao-chep/">iPhone 12 128GB| Chính hãng VN/A</a> first appeared on <a href="http://https://github.com/lekhanhluan/lekhanhluan.github.io.git">Luan FastFood</a>.</p>]]></description>
										<content:encoded><![CDATA[<h2 align="center"><strong>Apple iPhone 12 128GB chính hãng (VN/A) phiên bản bộ nhớ 128GB lưu trữ thoải </strong><strong>mái</strong></h2>
<p><em>iPhone 12 hiện nay là cái tên “sốt xình xịch” bởi đây là một trong 4 siêu phẩm vừa được ra mắt của Apple với những đột phá về cả thiết kế lẫn cấu hình. Phiên bản Apple iPhone 12 128GB chính là một trong những chiếc iPhone được săn đón nhất bởi dung lượng bộ nhớ khủng, cho phép bạn thoải mái với vô vàn ứng dụng.</em></p>
<h3><strong>Dung lượng bộ nhớ trong lên đến 128GB và chip Apple A14 độc quyền</strong></h3>
<p><a href="https://cellphones.com.vn/iphone-12.html">iPhone 12 VN/A</a> phiên bản bộ nhớ trong 128GB sẽ khiến bạn có thể vô tư với hàng tá ứng dụng, chứa rất nhiều ảnh, video và không cần lo lắng việc không đủ dung lượng sử dụng.</p>
<p><img decoding="async" class="alignnone size-full wp-image-667" src="http://https://github.com/lekhanhluan/lekhanhluan.github.io.git/wp-content/uploads/2019/01/iphone-11-3_1.webp" alt="" width="810" height="456" /></p>
<p>Ngoài ra, iPhone 12 128GB chính hãng (VN/A) còn hỗ trợ sạc nhanh lên đến 20W, tiết kiệm thời gian của bạn và có thể nhanh chóng tiếp tục sử dụng điện thoại của mình.</p>
<h2><strong>iPhone 12 128GB giá bao nhiêu?</strong></h2>
<p>Bên cạnh thiết kế, mẫu mã, hiệu năng và dung lượng pin thì iPhone 12 128GB giá bao nhiêu là điều được nhiều người quan tâm không kém. Giá ở hiện tại đã giảm đi rất nhiều so với thời điểm chiếc “Táo” này ra mắt. Nhờ vậy, việc sở hữu sản phẩm tốt giá hời nằm trong tầm tay của các tín đồ công nghệ, đặc biệt là iFan. Tại CellphoneS, iPhone 12 128GB hiện tại có mức giá từ 16 triệu đồng (giá có thể thay đổi tùy theo thời gian và chương trình khuyến mãi khác nhau). Như vậy bạn đã tiết kiệm đến hơn 20% so với giá ban đầu.</p>
<p><img decoding="async" class="alignnone size-full wp-image-662" src="http://https://github.com/lekhanhluan/lekhanhluan.github.io.git/wp-content/uploads/2019/01/iphone-12-7.webp" alt="" width="810" height="456" /></p><p>The post <a href="http://https://github.com/lekhanhluan/lekhanhluan.github.io.git/san-pham/iphone-12-128gb-chinh-hang-vn-a-sao-chep/">iPhone 12 128GB| Chính hãng VN/A</a> first appeared on <a href="http://https://github.com/lekhanhluan/lekhanhluan.github.io.git">Luan FastFood</a>.</p>]]></content:encoded>
					
					<wfw:commentRss>http://https://github.com/lekhanhluan/lekhanhluan.github.io.git/san-pham/iphone-12-128gb-chinh-hang-vn-a-sao-chep/feed/</wfw:commentRss>
			<slash:comments>0</slash:comments>
		
		
			</item>
		<item>
		<title>Samsung Galaxy Z Flip4 128GB</title>
		<link>http://https://github.com/lekhanhluan/lekhanhluan.github.io.git/san-pham/samsung-galaxy-z-flip4-128gb-sao-chep/?utm_source=rss#038;utm_medium=rss&#038;utm_campaign=samsung-galaxy-z-flip4-128gb-sao-chep</link>
					<comments>http://https://github.com/lekhanhluan/lekhanhluan.github.io.git/san-pham/samsung-galaxy-z-flip4-128gb-sao-chep/#respond</comments>
		
		<dc:creator><![CDATA[lekhanhluan]]></dc:creator>
		<pubDate>Thu, 25 May 2023 08:51:23 +0000</pubDate>
				<guid isPermaLink="false">http://https://github.com/lekhanhluan/lekhanhluan.github.io.git/?post_type=product#038;p=698</guid>

					<description><![CDATA[<h2 class="ksp-title has-text-centered" style="text-align: center;">ĐẶC ĐIỂM NỔI BẬT</h2>
<div>
<ul>
<li>Ngoại hình thời trang - cầm nắm cực sang với thiết kế gập vỏ sò độc đáo</li>
<li>Công nghệ màn hình hàng đầu đến từ Samsung - 6.7 inch, tấm nền Dynamic AMOLED 2X</li>
<li>Trang bị camera chất lượng - Bộ đôi camera có cùng độ phân giải 12 MP, chống rung, chụp đêm</li>
<li>Hiệu năng mạnh mẽ đến từ dòng chip cao cấp của Qualcomm - Snapdragon 8+ Gen 1</li>
</ul>
</div>
<p>The post <a href="http://https://github.com/lekhanhluan/lekhanhluan.github.io.git/san-pham/samsung-galaxy-z-flip4-128gb-sao-chep/">Samsung Galaxy Z Flip4 128GB</a> first appeared on <a href="http://https://github.com/lekhanhluan/lekhanhluan.github.io.git">Luan FastFood</a>.</p>]]></description>
										<content:encoded><![CDATA[<p>Tiếp tục là một mẫu smartphone màn hình gập độc đáo, đầy lôi cuốn và mới mẻ từ hãng công nghệ Hàn Quốc, dự kiến sẽ có tên là <strong>Samsung Galaxy Z Flip 4</strong> với nhiều nâng cấp. Đây hứa hẹn sẽ là một siêu phẩm bùng nổ trong thời gian tới và thu hút được sự quan tâm của đông đảo người dùng với nhiều cải tiến từ ngoại hình, camera, bộ vi xử lý và viên pin được nâng cấp.</p>
<h2><strong>So sánh điện thoại Samsung Z Flip4 với Samsung Galaxy Z Flip3</strong></h2>
<table class="table table-bordered">
<tbody>
<tr>
<td></td>
<td><strong>Samsung Galaxy Z Flip4 5G</strong></td>
<td><strong>Samsung Galaxy Z Flip3 5G</strong></td>
</tr>
<tr>
<td><strong>Giá niêm yết</strong></td>
<td>23.990.000</td>
<td>24.990.000</td>
</tr>
<tr>
<td><strong>Kích thước màn hình</strong></td>
<td>Màn hình chính: 6.7 inch</p>
<p>Màn hình phụ: 1.9 inch</td>
<td>Màn hình chính: 6.7 inch</p>
<p>Màn hình phụ: 1.9 inch</td>
</tr>
<tr>
<td><strong>Tần số quét</strong></td>
<td>120Hz</td>
<td>120Hz</td>
</tr>
<tr>
<td><strong>Trọng lượng</strong></td>
<td>187 g</td>
<td>183g</td>
</tr>
<tr>
<td><strong>Công nghệ màn hình</strong></td>
<td> Foldable Dynamic AMOLED 2X</td>
<td> Super AMOLED</td>
</tr>
<tr>
<td><strong>Camera sau</strong></td>
<td>Camera góc siêu rộng: 12MP</p>
<p>Camera góc rộng: 12MP</td>
<td>Camera góc siêu rộng: 12MP, f/2.2</p>
<p>Camera góc rộng: 12MP, f/1.8</td>
</tr>
<tr>
<td><strong>Camera trước</strong></td>
<td>Camera Selfie 10MP</td>
<td>Góc rộng 10MP, f/2.4</td>
</tr>
<tr>
<td><strong>Dung lượng RAM</strong></td>
<td>8GB</td>
<td>8GB</td>
</tr>
<tr>
<td><strong>Bộ nhớ trong</strong></td>
<td>128GB/256GB/512GB</td>
<td>128GB/ 256GB</td>
</tr>
<tr>
<td><strong>Thẻ SIM</strong></td>
<td>1 Nano SIM &amp; 1 eSIM</td>
<td>2 SIM (nano‑SIM và eSIM)</td>
</tr>
<tr>
<td><strong>Chỉ số kháng nước</strong></td>
<td>IPX8</td>
<td>IPX8</td>
</tr>
<tr>
<td><strong>Cảm biến vân tay</strong></td>
<td>Cảm biến vân tay cạnh bên</td>
<td>Cảm biến vân tay cạnh bên</td>
</tr>
<tr>
<td><strong>Sạc nhanh</strong></td>
<td>3700mAh</p>
<p>Sạc nhanh 25W</p>
<p>Sạc không dây 10W</p>
<p>Sạc ngược không dây</td>
<td>3300 mAh</p>
<p>Sạc nhanh 15W</p>
<p>Sạc không dây 10W</td>
</tr>
<tr>
<td><strong>CPU</strong></td>
<td>Snapdragon 8+ Gen 1</td>
<td>Snapdragon 888 8 (5nm)</td>
</tr>
<tr>
<td><strong>GPU</strong></td>
<td>Adreno 670</td>
<td>Adreno 660l</td>
</tr>
<tr>
<td><strong>Hệ điều hành</strong></td>
<td>Android 12</td>
<td>Android 11</td>
</tr>
<tr>
<td><strong>Màu sắc</strong></td>
<td>Tím Bora</p>
<p>Xám Graphite</p>
<p>Hồng Champagne</p>
<p>Xanh Lovebird</td>
<td>Đen Phantom</p>
<p>Kem Ivory</p>
<p>Xanh Phantom</p>
<p>Tím Lilac</td>
</tr>
</tbody>
</table>
<p>Khi điện thoại Samsung Z Flip4 chính thức ra mắt, người dùng Samsung Z Flip3 sẽ phân vân có nên nâng cấp lên mẫu điện thoại mới này hay không. Vậy cùng tìm hiểu Samsung Z Flip4 với Flip 3 có gì khác biệt.</p>
<h2><strong>Đánh giá điện thoại Samsung Flip 4 chi tiết</strong></h2>
<p>Là mẫu điện thoại cao cấp được ra mắt hàng năm của Samsung, do đó Samsung ZFlip 4 được rất nhiều người quan tâm. Vậy sản phẩm được thiết kế ra sao, tính năng có gì nổi bật? Cùng tìm hiểu chi tiết ngay dưới đây.</p>
<h3><strong>Thiết kế đột phá đầy lôi cuốn</strong></h3>
<p><strong>Samsung Galaxy Z Flip 4</strong> sở hữu thiết kế nhìn chung không có nhiều khác biệt so với thế hệ trước đó. Điện thoại vẫn sở hữu một thiết kế bao gồm hai tone màu với màn hình gập. Tuy nhiên các chi tiết sẽ được chăm chút hơn rất nhiều so với người đàn anh Z Flip 3.</p>
<p><strong>Điện thoại Samsung ZFlip 4</strong> tiếp tục là một mẫu mã sang chảnh, thời thượng của Samsung được lấy cảm hứng từ hộp trang điểm cầm tay của các chị em hay chiếc vỏ sò. Với công nghệ gập đột phá, Samsung đã tạo ra một chiếc smartphone mang đậm dấu ấn Samsung trên thị trường. Đóng lại là phụ kiện công nghệ với kích thước 4.2-inch, vừa vặn mọi ngăn túi. Mở ra là một chiếc smartphone gập phá vỡ mọi giới hạn từ trước đến nay.</p>
<p><img decoding="async" src="https://cdn2.cellphones.com.vn/x,webp,q100/media/wysiwyg/mobile/samsung/samsung-galaxy-z-flip-4-14.jpg" alt="Thiết kế đột phá đầy lôi cuốn" /></p>
<p>Khung nhôm của máy được bo tròn tinh tế với những đường nét mềm mại. Trông rất cao cấp. Chạm vào thì vô cùng thoải mái. Hơn nữa, lớp phủ nhám nhẹ trên bề mặt kính máy sẽ hạn chế tối đa dấu vân tay hoặc vết bẩn để máy luôn mới và sạch.</p>
<p><strong>Galaxy Z Flip 4</strong> tiếp tục được trang bị kính siêu mỏng Ultra Thin Glass (UTG). Công nghệ màn hình này mang cho bạn trải nghiệm linh hoạt không tưởng. Bền hơn 80% so với phiên bản Z Flip trước đó. Và có gập mở đến 200.000 lần mà không gặp trục trặc gì. Phần bản lề này không chỉ bền bỉ hơn mà cũng nhỏ và nhẹ hơn.</p>
<p>Nếu nếp gấp giữa màn hình từng là một điểm yếu trên Samsung Galaxy Z Flip 3 thì điều này đã hoàn toàn được cải thiện trên thế mới kế nhiệm này. Khi mở ra, màn hình <strong>Z Flip 4</strong> vẫn tồn tại những nếp gấp tuy nhiên nếp gấp này mờ hơn đáng kể, rất khó để nhìn thấy và hoàn toàn không ảnh hưởng đến các trải nghiệm của người dùng.</p>
<p><img decoding="async" src="https://cdn2.cellphones.com.vn/x,webp,q100/media/wysiwyg/mobile/samsung/samsung-galaxy-z-flip-4-13.jpg" alt="Đánh giá Samsung Galaxy Z Flip 4" /></p>
<p>Thiết kế màn hình gập độc đáo này còn hỗ trợ người dùng trò chuyện rảnh tay vô cùng tiện lợi. Khi gập góc 90 độ, điện thoại có thể tự đứng mà không cần người dùng luôn cầm trên tay hay sử dụng phụ kiện hỗ trợ.</p>
<p>Samsung Galaxy Z Flip 4 này giúp bạn thỏa sức sáng tạo mà không lo hư hỏng do ướt bởi khả năng kháng nước đạt chuẩn IPX8. Giúp điện thoại chịu đựng được ở độ sâu 1.5m trong môi trường nước (tối đa 30 phút).</p><p>The post <a href="http://https://github.com/lekhanhluan/lekhanhluan.github.io.git/san-pham/samsung-galaxy-z-flip4-128gb-sao-chep/">Samsung Galaxy Z Flip4 128GB</a> first appeared on <a href="http://https://github.com/lekhanhluan/lekhanhluan.github.io.git">Luan FastFood</a>.</p>]]></content:encoded>
					
					<wfw:commentRss>http://https://github.com/lekhanhluan/lekhanhluan.github.io.git/san-pham/samsung-galaxy-z-flip4-128gb-sao-chep/feed/</wfw:commentRss>
			<slash:comments>0</slash:comments>
		
		
			</item>
		<item>
		<title>Samsung Galaxy S23 8GB 256GB</title>
		<link>http://https://github.com/lekhanhluan/lekhanhluan.github.io.git/san-pham/samsung-galaxy-s23-8gb-256gb-sao-chep/?utm_source=rss#038;utm_medium=rss&#038;utm_campaign=samsung-galaxy-s23-8gb-256gb-sao-chep</link>
					<comments>http://https://github.com/lekhanhluan/lekhanhluan.github.io.git/san-pham/samsung-galaxy-s23-8gb-256gb-sao-chep/#respond</comments>
		
		<dc:creator><![CDATA[lekhanhluan]]></dc:creator>
		<pubDate>Thu, 25 May 2023 08:46:35 +0000</pubDate>
				<guid isPermaLink="false">http://https://github.com/lekhanhluan/lekhanhluan.github.io.git/?post_type=product#038;p=693</guid>

					<description><![CDATA[<h2 class="ksp-title has-text-centered" style="text-align: center;">ĐẶC ĐIỂM NỔI BẬT</h2>
<div>
<ul>
<li>Dẫn đầu công nghệ chụp đêm - Camera lên đến 50MP, zoom xa rõ nét, vi xử lí AI, công nghệ ảnh siêu chi tiết</li>
<li>Hiệu năng vượt trội - Snapdragon 8 Gen 2 8 nhân mạnh mẽ</li>
<li>Đa nhiệm mượt mà - RAM lớn 8G, dễ dàng chuyển đổi giữa các thiết bị</li>
<li>Thiết kế vì hành tinh - Màu sắc lấy cảm hứng từ thiên nhiên, chất liệu kính và lớp phim phủ PET tái chế</li>
</ul>
</div>
<p>The post <a href="http://https://github.com/lekhanhluan/lekhanhluan.github.io.git/san-pham/samsung-galaxy-s23-8gb-256gb-sao-chep/">Samsung Galaxy S23 8GB 256GB</a> first appeared on <a href="http://https://github.com/lekhanhluan/lekhanhluan.github.io.git">Luan FastFood</a>.</p>]]></description>
										<content:encoded><![CDATA[<p style="text-align: left;" align="center"><strong>Samsung Galaxy S23 </strong>là phiên bản tiếp theo sắp được Samsung cho ra mắt thị trường. Sở hữu diện mạo tinh tế mới mẻ đi đầu xu hướng, bên cạnh đó là màn hình chất lượng, hiệu năng mạnh mẽ và cụm camera siêu chất sẽ mang tới những trải nghiệm ấn tượng cho người dùng ngay từ lần chạm đầu tiên.</p>
<h2 style="text-align: center;" align="center"><strong>Ưu đãi cực &#8220;khủng&#8221; khi đặt trước Samsung Galaxy S23 tại CellphoneS</strong></h2>
<p style="text-align: left;">Khi đặt trước Samsung Galaxy S23 tại CellphoneS, bạn sẽ nhận được nhiều ưu đãi sốc, cụ thể:</p>
<p style="text-align: left;">&#8211; Sở hữu liền tay phiếu mua hàng đến 3 triệu đồng;</p>
<p style="text-align: left;">&#8211; Trợ giá lên đời đến 3 triệu đồng;</p>
<p style="text-align: left;">&#8211; Hoàn tiền qua ví điện tử lên đến 2 triệu đồng;</p>
<p style="text-align: left;">&#8211; Trả góp 0% trong vòng 24 tháng.</p>
<p style="text-align: left;">Chi tiết cụ thể khách hàng vui lòng xem tại chương trình khuyến mãi hoặc gọi đến hotline của CellphoneS để được tư vấn và giải đáp thắc mắc!</p>
<p style="text-align: left;"><img decoding="async" class="alignnone size-full wp-image-685" src="http://https://github.com/lekhanhluan/lekhanhluan.github.io.git/wp-content/uploads/2019/01/samsung-s23-1.webp" alt="" width="810" height="456" /></p>
<h2 align="center"><strong>So sánh Samsung Galaxy S23 và Samsung Galaxy S22</strong></h2>
<p>Samsung Galaxy S23 có nhiều thay đổi và cải tiến so với thế hệ tiền nhiệm. Không chỉ về màu sắc mang hơi hướng tự nhiên, chất liệu bền vững mà những thông số kỹ thuật cũng có sự thay đổi ít nhiều. Xem ngay thông tin qua bảng sau đây nhé!</p>
<table class="table table-bordered" border="0">
<tbody>
<tr class="info">
<td></td>
<td><strong>Samsung Galaxy S23</strong></td>
<td><strong>Samsung Galaxy S22</strong></td>
</tr>
<tr>
<td><strong>Màn hình</strong></td>
<td>Dynamic AMOLED 2X 6.1 inch</td>
<td>Dynamic AMOLED 2X 6.1 inch</td>
</tr>
<tr>
<td><strong>Độ phân giải</strong></td>
<td>2340 x 1080 pixel (FHD+)</td>
<td>2340 x 1080 pixel (FHD+)</td>
</tr>
<tr>
<td><strong>Tần số quét</strong></td>
<td>120Hz</td>
<td>120Hz</td>
</tr>
<tr>
<td><strong>Chip xử lý</strong></td>
<td>Snapdragon 8 Gen 2</td>
<td>Snapdragon 8 Gen 1</td>
</tr>
<tr>
<td><strong>Dung lượng RAM</strong></td>
<td>8GB</td>
<td>8GB</td>
</tr>
<tr>
<td><strong>Bộ nhớ trong</strong></td>
<td>128GB, 256GB</td>
<td>128GB, 256GB</td>
</tr>
<tr>
<td><strong>Dung lượng pin</strong></td>
<td>3900mAh</td>
<td>3700mAh</td>
</tr>
<tr>
<td><strong>Hỗ trợ 5G</strong></td>
<td>Có</td>
<td>Có</td>
</tr>
<tr>
<td><strong>Camera sau</strong></td>
<td>50MP+10MP+12MP</td>
<td>50MP+10MP+12MP</td>
</tr>
<tr>
<td><strong>Camera trước</strong></td>
<td>12MP</td>
<td>10MP</td>
</tr>
<tr>
<td><strong>Màu sắc</strong></td>
<td> Tím Lilac, Kem Cotton, Đen Phantom và Xanh Botanic</td>
<td>Trắng nguyên bản, Xanh Phantom, Hồng Ánh Kim và Đen Phantom</td>
</tr>
</tbody>
</table>
<h2 align="center"><strong>Samsung Galaxy S23 mạnh mẽ, ấn tượng đi đầu xu hướng</strong></h2>
<p>Thêm vào đó, 2023 Samsung cũng có thể ra mắt phiên bản <strong><a title="Samsung S23 Ultra" href="https://cellphones.com.vn/samsung-galaxy-s23-ultra.html" target="_blank" rel="noopener">Galaxy S23 Ultra</a></strong> với nhiều cải tiến hơn người tiền nhiệm S22 Ultra.</p>
<h3><strong>Thiết kế mềm mại thu hút mọi ánh nhìn</strong></h3>
<p>Samsung Galaxy S23 sở hữu trên mình thiết kế sang trọng, tinh tế và hấp dẫn người dùng ngay từ ánh nhìn đầu tiên. Toàn bộ các góc cạnh được bo tỉ mỉ mang tới sự mềm mại mà không kém phần chắc chắn.</p>
<p><img decoding="async" src="https://cdn2.cellphones.com.vn/x,webp,q100/media/wysiwyg/Phone/Samsung/samsung_s/S23/Samsung-Galaxy-S23-8.jpg" alt="Samsung Galaxy S23 mạnh mẽ, ấn tượng đi đầu xu hướng" /></p><p>The post <a href="http://https://github.com/lekhanhluan/lekhanhluan.github.io.git/san-pham/samsung-galaxy-s23-8gb-256gb-sao-chep/">Samsung Galaxy S23 8GB 256GB</a> first appeared on <a href="http://https://github.com/lekhanhluan/lekhanhluan.github.io.git">Luan FastFood</a>.</p>]]></content:encoded>
					
					<wfw:commentRss>http://https://github.com/lekhanhluan/lekhanhluan.github.io.git/san-pham/samsung-galaxy-s23-8gb-256gb-sao-chep/feed/</wfw:commentRss>
			<slash:comments>0</slash:comments>
		
		
			</item>
		<item>
		<title>iPhone 12 128GB&#124; Chính hãng VN/A</title>
		<link>http://https://github.com/lekhanhluan/lekhanhluan.github.io.git/san-pham/beanie-with-logo/?utm_source=rss#038;utm_medium=rss&#038;utm_campaign=beanie-with-logo</link>
					<comments>http://https://github.com/lekhanhluan/lekhanhluan.github.io.git/san-pham/beanie-with-logo/#respond</comments>
		
		<dc:creator><![CDATA[lekhanhluan]]></dc:creator>
		<pubDate>Wed, 16 Jan 2019 13:01:55 +0000</pubDate>
				<guid isPermaLink="false">https://woocommercecore.mystagingwebsite.com/product/beanie-with-logo/</guid>

					<description><![CDATA[<h2 class="ksp-title has-text-centered" style="text-align: center;">ĐẶC ĐIỂM NỔI BẬT</h2>
<div>
<ul>
<li>Mạnh mẽ, siêu nhanh với chip A14, RAM 4GB, mạng 5G tốc độ cao</li>
<li>Rực rỡ, sắc nét, độ sáng cao - Màn hình OLED cao cấp, Super Retina XDR hỗ trợ HDR10, Dolby Vision</li>
<li>Chụp đêm ấn tượng - Night Mode cho 2 camera, thuật toán Deep Fusion, Smart HDR 3</li>
<li>Bền bỉ vượt trội - Kháng nước, kháng bụi IP68, mặt lưng Ceramic Shield</li>
</ul>
</div>
<p>The post <a href="http://https://github.com/lekhanhluan/lekhanhluan.github.io.git/san-pham/beanie-with-logo/">iPhone 12 128GB| Chính hãng VN/A</a> first appeared on <a href="http://https://github.com/lekhanhluan/lekhanhluan.github.io.git">Luan FastFood</a>.</p>]]></description>
										<content:encoded><![CDATA[<h2 align="center"><strong>Apple iPhone 12 128GB chính hãng (VN/A) phiên bản bộ nhớ 128GB lưu trữ thoải </strong><strong>mái</strong></h2>
<p><em>iPhone 12 hiện nay là cái tên “sốt xình xịch” bởi đây là một trong 4 siêu phẩm vừa được ra mắt của Apple với những đột phá về cả thiết kế lẫn cấu hình. Phiên bản Apple iPhone 12 128GB chính là một trong những chiếc iPhone được săn đón nhất bởi dung lượng bộ nhớ khủng, cho phép bạn thoải mái với vô vàn ứng dụng.</em></p>
<h3><strong>Dung lượng bộ nhớ trong lên đến 128GB và chip Apple A14 độc quyền</strong></h3>
<p><a href="https://cellphones.com.vn/iphone-12.html">iPhone 12 VN/A</a> phiên bản bộ nhớ trong 128GB sẽ khiến bạn có thể vô tư với hàng tá ứng dụng, chứa rất nhiều ảnh, video và không cần lo lắng việc không đủ dung lượng sử dụng.</p>
<p><img decoding="async" class="alignnone size-full wp-image-667" src="http://https://github.com/lekhanhluan/lekhanhluan.github.io.git/wp-content/uploads/2019/01/iphone-11-3_1.webp" alt="" width="810" height="456" /></p>
<p>Ngoài ra, iPhone 12 128GB chính hãng (VN/A) còn hỗ trợ sạc nhanh lên đến 20W, tiết kiệm thời gian của bạn và có thể nhanh chóng tiếp tục sử dụng điện thoại của mình.</p>
<h2><strong>iPhone 12 128GB giá bao nhiêu?</strong></h2>
<p>Bên cạnh thiết kế, mẫu mã, hiệu năng và dung lượng pin thì iPhone 12 128GB giá bao nhiêu là điều được nhiều người quan tâm không kém. Giá ở hiện tại đã giảm đi rất nhiều so với thời điểm chiếc “Táo” này ra mắt. Nhờ vậy, việc sở hữu sản phẩm tốt giá hời nằm trong tầm tay của các tín đồ công nghệ, đặc biệt là iFan. Tại CellphoneS, iPhone 12 128GB hiện tại có mức giá từ 16 triệu đồng (giá có thể thay đổi tùy theo thời gian và chương trình khuyến mãi khác nhau). Như vậy bạn đã tiết kiệm đến hơn 20% so với giá ban đầu.</p>
<p><img decoding="async" class="alignnone size-full wp-image-662" src="http://https://github.com/lekhanhluan/lekhanhluan.github.io.git/wp-content/uploads/2019/01/iphone-12-7.webp" alt="" width="810" height="456" /></p><p>The post <a href="http://https://github.com/lekhanhluan/lekhanhluan.github.io.git/san-pham/beanie-with-logo/">iPhone 12 128GB| Chính hãng VN/A</a> first appeared on <a href="http://https://github.com/lekhanhluan/lekhanhluan.github.io.git">Luan FastFood</a>.</p>]]></content:encoded>
					
					<wfw:commentRss>http://https://github.com/lekhanhluan/lekhanhluan.github.io.git/san-pham/beanie-with-logo/feed/</wfw:commentRss>
			<slash:comments>0</slash:comments>
		
		
			</item>
		<item>
		<title>Samsung Galaxy Z Flip4 128GB</title>
		<link>http://https://github.com/lekhanhluan/lekhanhluan.github.io.git/san-pham/album/?utm_source=rss#038;utm_medium=rss&#038;utm_campaign=album</link>
					<comments>http://https://github.com/lekhanhluan/lekhanhluan.github.io.git/san-pham/album/#respond</comments>
		
		<dc:creator><![CDATA[lekhanhluan]]></dc:creator>
		<pubDate>Wed, 16 Jan 2019 13:01:54 +0000</pubDate>
				<guid isPermaLink="false">https://woocommercecore.mystagingwebsite.com/product/album/</guid>

					<description><![CDATA[<h2 class="ksp-title has-text-centered" style="text-align: center;">ĐẶC ĐIỂM NỔI BẬT</h2>
<div>
<ul>
<li>Ngoại hình thời trang - cầm nắm cực sang với thiết kế gập vỏ sò độc đáo</li>
<li>Công nghệ màn hình hàng đầu đến từ Samsung - 6.7 inch, tấm nền Dynamic AMOLED 2X</li>
<li>Trang bị camera chất lượng - Bộ đôi camera có cùng độ phân giải 12 MP, chống rung, chụp đêm</li>
<li>Hiệu năng mạnh mẽ đến từ dòng chip cao cấp của Qualcomm - Snapdragon 8+ Gen 1</li>
</ul>
</div>
<p>The post <a href="http://https://github.com/lekhanhluan/lekhanhluan.github.io.git/san-pham/album/">Samsung Galaxy Z Flip4 128GB</a> first appeared on <a href="http://https://github.com/lekhanhluan/lekhanhluan.github.io.git">Luan FastFood</a>.</p>]]></description>
										<content:encoded><![CDATA[<p>Tiếp tục là một mẫu smartphone màn hình gập độc đáo, đầy lôi cuốn và mới mẻ từ hãng công nghệ Hàn Quốc, dự kiến sẽ có tên là <strong>Samsung Galaxy Z Flip 4</strong> với nhiều nâng cấp. Đây hứa hẹn sẽ là một siêu phẩm bùng nổ trong thời gian tới và thu hút được sự quan tâm của đông đảo người dùng với nhiều cải tiến từ ngoại hình, camera, bộ vi xử lý và viên pin được nâng cấp.</p>
<h2><strong>So sánh điện thoại Samsung Z Flip4 với Samsung Galaxy Z Flip3</strong></h2>
<table class="table table-bordered">
<tbody>
<tr>
<td></td>
<td><strong>Samsung Galaxy Z Flip4 5G</strong></td>
<td><strong>Samsung Galaxy Z Flip3 5G</strong></td>
</tr>
<tr>
<td><strong>Giá niêm yết</strong></td>
<td>23.990.000</td>
<td>24.990.000</td>
</tr>
<tr>
<td><strong>Kích thước màn hình</strong></td>
<td>Màn hình chính: 6.7 inch</p>
<p>Màn hình phụ: 1.9 inch</td>
<td>Màn hình chính: 6.7 inch</p>
<p>Màn hình phụ: 1.9 inch</td>
</tr>
<tr>
<td><strong>Tần số quét</strong></td>
<td>120Hz</td>
<td>120Hz</td>
</tr>
<tr>
<td><strong>Trọng lượng</strong></td>
<td>187 g</td>
<td>183g</td>
</tr>
<tr>
<td><strong>Công nghệ màn hình</strong></td>
<td> Foldable Dynamic AMOLED 2X</td>
<td> Super AMOLED</td>
</tr>
<tr>
<td><strong>Camera sau</strong></td>
<td>Camera góc siêu rộng: 12MP</p>
<p>Camera góc rộng: 12MP</td>
<td>Camera góc siêu rộng: 12MP, f/2.2</p>
<p>Camera góc rộng: 12MP, f/1.8</td>
</tr>
<tr>
<td><strong>Camera trước</strong></td>
<td>Camera Selfie 10MP</td>
<td>Góc rộng 10MP, f/2.4</td>
</tr>
<tr>
<td><strong>Dung lượng RAM</strong></td>
<td>8GB</td>
<td>8GB</td>
</tr>
<tr>
<td><strong>Bộ nhớ trong</strong></td>
<td>128GB/256GB/512GB</td>
<td>128GB/ 256GB</td>
</tr>
<tr>
<td><strong>Thẻ SIM</strong></td>
<td>1 Nano SIM &amp; 1 eSIM</td>
<td>2 SIM (nano‑SIM và eSIM)</td>
</tr>
<tr>
<td><strong>Chỉ số kháng nước</strong></td>
<td>IPX8</td>
<td>IPX8</td>
</tr>
<tr>
<td><strong>Cảm biến vân tay</strong></td>
<td>Cảm biến vân tay cạnh bên</td>
<td>Cảm biến vân tay cạnh bên</td>
</tr>
<tr>
<td><strong>Sạc nhanh</strong></td>
<td>3700mAh</p>
<p>Sạc nhanh 25W</p>
<p>Sạc không dây 10W</p>
<p>Sạc ngược không dây</td>
<td>3300 mAh</p>
<p>Sạc nhanh 15W</p>
<p>Sạc không dây 10W</td>
</tr>
<tr>
<td><strong>CPU</strong></td>
<td>Snapdragon 8+ Gen 1</td>
<td>Snapdragon 888 8 (5nm)</td>
</tr>
<tr>
<td><strong>GPU</strong></td>
<td>Adreno 670</td>
<td>Adreno 660l</td>
</tr>
<tr>
<td><strong>Hệ điều hành</strong></td>
<td>Android 12</td>
<td>Android 11</td>
</tr>
<tr>
<td><strong>Màu sắc</strong></td>
<td>Tím Bora</p>
<p>Xám Graphite</p>
<p>Hồng Champagne</p>
<p>Xanh Lovebird</td>
<td>Đen Phantom</p>
<p>Kem Ivory</p>
<p>Xanh Phantom</p>
<p>Tím Lilac</td>
</tr>
</tbody>
</table>
<p>Khi điện thoại Samsung Z Flip4 chính thức ra mắt, người dùng Samsung Z Flip3 sẽ phân vân có nên nâng cấp lên mẫu điện thoại mới này hay không. Vậy cùng tìm hiểu Samsung Z Flip4 với Flip 3 có gì khác biệt.</p>
<h2><strong>Đánh giá điện thoại Samsung Flip 4 chi tiết</strong></h2>
<p>Là mẫu điện thoại cao cấp được ra mắt hàng năm của Samsung, do đó Samsung ZFlip 4 được rất nhiều người quan tâm. Vậy sản phẩm được thiết kế ra sao, tính năng có gì nổi bật? Cùng tìm hiểu chi tiết ngay dưới đây.</p>
<h3><strong>Thiết kế đột phá đầy lôi cuốn</strong></h3>
<p><strong>Samsung Galaxy Z Flip 4</strong> sở hữu thiết kế nhìn chung không có nhiều khác biệt so với thế hệ trước đó. Điện thoại vẫn sở hữu một thiết kế bao gồm hai tone màu với màn hình gập. Tuy nhiên các chi tiết sẽ được chăm chút hơn rất nhiều so với người đàn anh Z Flip 3.</p>
<p><strong>Điện thoại Samsung ZFlip 4</strong> tiếp tục là một mẫu mã sang chảnh, thời thượng của Samsung được lấy cảm hứng từ hộp trang điểm cầm tay của các chị em hay chiếc vỏ sò. Với công nghệ gập đột phá, Samsung đã tạo ra một chiếc smartphone mang đậm dấu ấn Samsung trên thị trường. Đóng lại là phụ kiện công nghệ với kích thước 4.2-inch, vừa vặn mọi ngăn túi. Mở ra là một chiếc smartphone gập phá vỡ mọi giới hạn từ trước đến nay.</p>
<p><img decoding="async" src="https://cdn2.cellphones.com.vn/x,webp,q100/media/wysiwyg/mobile/samsung/samsung-galaxy-z-flip-4-14.jpg" alt="Thiết kế đột phá đầy lôi cuốn" /></p>
<p>Khung nhôm của máy được bo tròn tinh tế với những đường nét mềm mại. Trông rất cao cấp. Chạm vào thì vô cùng thoải mái. Hơn nữa, lớp phủ nhám nhẹ trên bề mặt kính máy sẽ hạn chế tối đa dấu vân tay hoặc vết bẩn để máy luôn mới và sạch.</p>
<p><strong>Galaxy Z Flip 4</strong> tiếp tục được trang bị kính siêu mỏng Ultra Thin Glass (UTG). Công nghệ màn hình này mang cho bạn trải nghiệm linh hoạt không tưởng. Bền hơn 80% so với phiên bản Z Flip trước đó. Và có gập mở đến 200.000 lần mà không gặp trục trặc gì. Phần bản lề này không chỉ bền bỉ hơn mà cũng nhỏ và nhẹ hơn.</p>
<p>Nếu nếp gấp giữa màn hình từng là một điểm yếu trên Samsung Galaxy Z Flip 3 thì điều này đã hoàn toàn được cải thiện trên thế mới kế nhiệm này. Khi mở ra, màn hình <strong>Z Flip 4</strong> vẫn tồn tại những nếp gấp tuy nhiên nếp gấp này mờ hơn đáng kể, rất khó để nhìn thấy và hoàn toàn không ảnh hưởng đến các trải nghiệm của người dùng.</p>
<p><img decoding="async" src="https://cdn2.cellphones.com.vn/x,webp,q100/media/wysiwyg/mobile/samsung/samsung-galaxy-z-flip-4-13.jpg" alt="Đánh giá Samsung Galaxy Z Flip 4" /></p>
<p>Thiết kế màn hình gập độc đáo này còn hỗ trợ người dùng trò chuyện rảnh tay vô cùng tiện lợi. Khi gập góc 90 độ, điện thoại có thể tự đứng mà không cần người dùng luôn cầm trên tay hay sử dụng phụ kiện hỗ trợ.</p>
<p>Samsung Galaxy Z Flip 4 này giúp bạn thỏa sức sáng tạo mà không lo hư hỏng do ướt bởi khả năng kháng nước đạt chuẩn IPX8. Giúp điện thoại chịu đựng được ở độ sâu 1.5m trong môi trường nước (tối đa 30 phút).</p><p>The post <a href="http://https://github.com/lekhanhluan/lekhanhluan.github.io.git/san-pham/album/">Samsung Galaxy Z Flip4 128GB</a> first appeared on <a href="http://https://github.com/lekhanhluan/lekhanhluan.github.io.git">Luan FastFood</a>.</p>]]></content:encoded>
					
					<wfw:commentRss>http://https://github.com/lekhanhluan/lekhanhluan.github.io.git/san-pham/album/feed/</wfw:commentRss>
			<slash:comments>0</slash:comments>
		
		
			</item>
		<item>
		<title>Samsung Galaxy S23 8GB 256GB</title>
		<link>http://https://github.com/lekhanhluan/lekhanhluan.github.io.git/san-pham/single/?utm_source=rss#038;utm_medium=rss&#038;utm_campaign=single</link>
					<comments>http://https://github.com/lekhanhluan/lekhanhluan.github.io.git/san-pham/single/#respond</comments>
		
		<dc:creator><![CDATA[lekhanhluan]]></dc:creator>
		<pubDate>Wed, 16 Jan 2019 13:01:54 +0000</pubDate>
				<guid isPermaLink="false">https://woocommercecore.mystagingwebsite.com/product/single/</guid>

					<description><![CDATA[<h2 class="ksp-title has-text-centered" style="text-align: center;">ĐẶC ĐIỂM NỔI BẬT</h2>
<div>
<ul>
<li>Dẫn đầu công nghệ chụp đêm - Camera lên đến 50MP, zoom xa rõ nét, vi xử lí AI, công nghệ ảnh siêu chi tiết</li>
<li>Hiệu năng vượt trội - Snapdragon 8 Gen 2 8 nhân mạnh mẽ</li>
<li>Đa nhiệm mượt mà - RAM lớn 8G, dễ dàng chuyển đổi giữa các thiết bị</li>
<li>Thiết kế vì hành tinh - Màu sắc lấy cảm hứng từ thiên nhiên, chất liệu kính và lớp phim phủ PET tái chế</li>
</ul>
</div>
<p>The post <a href="http://https://github.com/lekhanhluan/lekhanhluan.github.io.git/san-pham/single/">Samsung Galaxy S23 8GB 256GB</a> first appeared on <a href="http://https://github.com/lekhanhluan/lekhanhluan.github.io.git">Luan FastFood</a>.</p>]]></description>
										<content:encoded><![CDATA[<p style="text-align: left;" align="center"><strong>Samsung Galaxy S23 </strong>là phiên bản tiếp theo sắp được Samsung cho ra mắt thị trường. Sở hữu diện mạo tinh tế mới mẻ đi đầu xu hướng, bên cạnh đó là màn hình chất lượng, hiệu năng mạnh mẽ và cụm camera siêu chất sẽ mang tới những trải nghiệm ấn tượng cho người dùng ngay từ lần chạm đầu tiên.</p>
<h2 style="text-align: center;" align="center"><strong>Ưu đãi cực &#8220;khủng&#8221; khi đặt trước Samsung Galaxy S23 tại CellphoneS</strong></h2>
<p style="text-align: left;">Khi đặt trước Samsung Galaxy S23 tại CellphoneS, bạn sẽ nhận được nhiều ưu đãi sốc, cụ thể:</p>
<p style="text-align: left;">&#8211; Sở hữu liền tay phiếu mua hàng đến 3 triệu đồng;</p>
<p style="text-align: left;">&#8211; Trợ giá lên đời đến 3 triệu đồng;</p>
<p style="text-align: left;">&#8211; Hoàn tiền qua ví điện tử lên đến 2 triệu đồng;</p>
<p style="text-align: left;">&#8211; Trả góp 0% trong vòng 24 tháng.</p>
<p style="text-align: left;">Chi tiết cụ thể khách hàng vui lòng xem tại chương trình khuyến mãi hoặc gọi đến hotline của CellphoneS để được tư vấn và giải đáp thắc mắc!</p>
<p style="text-align: left;"><img decoding="async" class="alignnone size-full wp-image-685" src="http://https://github.com/lekhanhluan/lekhanhluan.github.io.git/wp-content/uploads/2019/01/samsung-s23-1.webp" alt="" width="810" height="456" /></p>
<h2 align="center"><strong>So sánh Samsung Galaxy S23 và Samsung Galaxy S22</strong></h2>
<p>Samsung Galaxy S23 có nhiều thay đổi và cải tiến so với thế hệ tiền nhiệm. Không chỉ về màu sắc mang hơi hướng tự nhiên, chất liệu bền vững mà những thông số kỹ thuật cũng có sự thay đổi ít nhiều. Xem ngay thông tin qua bảng sau đây nhé!</p>
<table class="table table-bordered" border="0">
<tbody>
<tr class="info">
<td></td>
<td><strong>Samsung Galaxy S23</strong></td>
<td><strong>Samsung Galaxy S22</strong></td>
</tr>
<tr>
<td><strong>Màn hình</strong></td>
<td>Dynamic AMOLED 2X 6.1 inch</td>
<td>Dynamic AMOLED 2X 6.1 inch</td>
</tr>
<tr>
<td><strong>Độ phân giải</strong></td>
<td>2340 x 1080 pixel (FHD+)</td>
<td>2340 x 1080 pixel (FHD+)</td>
</tr>
<tr>
<td><strong>Tần số quét</strong></td>
<td>120Hz</td>
<td>120Hz</td>
</tr>
<tr>
<td><strong>Chip xử lý</strong></td>
<td>Snapdragon 8 Gen 2</td>
<td>Snapdragon 8 Gen 1</td>
</tr>
<tr>
<td><strong>Dung lượng RAM</strong></td>
<td>8GB</td>
<td>8GB</td>
</tr>
<tr>
<td><strong>Bộ nhớ trong</strong></td>
<td>128GB, 256GB</td>
<td>128GB, 256GB</td>
</tr>
<tr>
<td><strong>Dung lượng pin</strong></td>
<td>3900mAh</td>
<td>3700mAh</td>
</tr>
<tr>
<td><strong>Hỗ trợ 5G</strong></td>
<td>Có</td>
<td>Có</td>
</tr>
<tr>
<td><strong>Camera sau</strong></td>
<td>50MP+10MP+12MP</td>
<td>50MP+10MP+12MP</td>
</tr>
<tr>
<td><strong>Camera trước</strong></td>
<td>12MP</td>
<td>10MP</td>
</tr>
<tr>
<td><strong>Màu sắc</strong></td>
<td> Tím Lilac, Kem Cotton, Đen Phantom và Xanh Botanic</td>
<td>Trắng nguyên bản, Xanh Phantom, Hồng Ánh Kim và Đen Phantom</td>
</tr>
</tbody>
</table>
<h2 align="center"><strong>Samsung Galaxy S23 mạnh mẽ, ấn tượng đi đầu xu hướng</strong></h2>
<p>Thêm vào đó, 2023 Samsung cũng có thể ra mắt phiên bản <strong><a title="Samsung S23 Ultra" href="https://cellphones.com.vn/samsung-galaxy-s23-ultra.html" target="_blank" rel="noopener">Galaxy S23 Ultra</a></strong> với nhiều cải tiến hơn người tiền nhiệm S22 Ultra.</p>
<h3><strong>Thiết kế mềm mại thu hút mọi ánh nhìn</strong></h3>
<p>Samsung Galaxy S23 sở hữu trên mình thiết kế sang trọng, tinh tế và hấp dẫn người dùng ngay từ ánh nhìn đầu tiên. Toàn bộ các góc cạnh được bo tỉ mỉ mang tới sự mềm mại mà không kém phần chắc chắn.</p>
<p><img decoding="async" src="https://cdn2.cellphones.com.vn/x,webp,q100/media/wysiwyg/Phone/Samsung/samsung_s/S23/Samsung-Galaxy-S23-8.jpg" alt="Samsung Galaxy S23 mạnh mẽ, ấn tượng đi đầu xu hướng" /></p><p>The post <a href="http://https://github.com/lekhanhluan/lekhanhluan.github.io.git/san-pham/single/">Samsung Galaxy S23 8GB 256GB</a> first appeared on <a href="http://https://github.com/lekhanhluan/lekhanhluan.github.io.git">Luan FastFood</a>.</p>]]></content:encoded>
					
					<wfw:commentRss>http://https://github.com/lekhanhluan/lekhanhluan.github.io.git/san-pham/single/feed/</wfw:commentRss>
			<slash:comments>0</slash:comments>
		
		
			</item>
	</channel>
</rss>
