<?xml version="1.0" encoding="UTF-8"?><rss version="2.0"
	xmlns:content="http://purl.org/rss/1.0/modules/content/"
	xmlns:wfw="http://wellformedweb.org/CommentAPI/"
	xmlns:dc="http://purl.org/dc/elements/1.1/"
	xmlns:atom="http://www.w3.org/2005/Atom"
	xmlns:sy="http://purl.org/rss/1.0/modules/syndication/"
	xmlns:slash="http://purl.org/rss/1.0/modules/slash/"
	>

<channel>
	<title>pocket - Luan FastFood</title>
	<atom:link href="http://https://github.com/lekhanhluan/lekhanhluan.github.io.git/tu-khoa-san-pham/pocket/feed/" rel="self" type="application/rss+xml" />
	<link>http://https://github.com/lekhanhluan/lekhanhluan.github.io.git</link>
	<description></description>
	<lastBuildDate>Wed, 16 Jan 2019 13:01:52 +0000</lastBuildDate>
	<language>vi</language>
	<sy:updatePeriod>
	hourly	</sy:updatePeriod>
	<sy:updateFrequency>
	1	</sy:updateFrequency>
	<generator>https://wordpress.org/?v=6.2.2</generator>
	<item>
		<title>T-Shirt</title>
		<link>http://https://github.com/lekhanhluan/lekhanhluan.github.io.git/san-pham/t-shirt/?utm_source=rss#038;utm_medium=rss&#038;utm_campaign=t-shirt</link>
					<comments>http://https://github.com/lekhanhluan/lekhanhluan.github.io.git/san-pham/t-shirt/#respond</comments>
		
		<dc:creator><![CDATA[lekhanhluan]]></dc:creator>
		<pubDate>Wed, 16 Jan 2019 13:01:52 +0000</pubDate>
				<guid isPermaLink="false">https://woocommercecore.mystagingwebsite.com/product/t-shirt/</guid>

					<description><![CDATA[<p>Pellentesque habitant morbi tristique senectus et netus et malesuada fames ac turpis egestas. Vestibulum tortor quam, feugiat vitae, ultricies eget, tempor sit amet, ante. Donec eu libero sit amet quam egestas semper. Aenean ultricies mi vitae est. Mauris placerat eleifend leo.</p>
<p>The post <a href="http://https://github.com/lekhanhluan/lekhanhluan.github.io.git/san-pham/t-shirt/">T-Shirt</a> first appeared on <a href="http://https://github.com/lekhanhluan/lekhanhluan.github.io.git">Luan FastFood</a>.</p>]]></description>
										<content:encoded><![CDATA[<p>Pellentesque habitant morbi tristique senectus et netus et malesuada fames ac turpis egestas. Vestibulum tortor quam, feugiat vitae, ultricies eget, tempor sit amet, ante. Donec eu libero sit amet quam egestas semper. Aenean ultricies mi vitae est. Mauris placerat eleifend leo.</p><p>The post <a href="http://https://github.com/lekhanhluan/lekhanhluan.github.io.git/san-pham/t-shirt/">T-Shirt</a> first appeared on <a href="http://https://github.com/lekhanhluan/lekhanhluan.github.io.git">Luan FastFood</a>.</p>]]></content:encoded>
					
					<wfw:commentRss>http://https://github.com/lekhanhluan/lekhanhluan.github.io.git/san-pham/t-shirt/feed/</wfw:commentRss>
			<slash:comments>0</slash:comments>
		
		
			</item>
	</channel>
</rss>
