<?xml version="1.0" encoding="UTF-8"?><rss version="2.0"
	xmlns:content="http://purl.org/rss/1.0/modules/content/"
	xmlns:wfw="http://wellformedweb.org/CommentAPI/"
	xmlns:dc="http://purl.org/dc/elements/1.1/"
	xmlns:atom="http://www.w3.org/2005/Atom"
	xmlns:sy="http://purl.org/rss/1.0/modules/syndication/"
	xmlns:slash="http://purl.org/rss/1.0/modules/slash/"
	>

<channel>
	<title>Tshirts - Luan FastFood</title>
	<atom:link href="http://https://github.com/lekhanhluan/lekhanhluan.github.io.git/danh-muc-san-pham/tshirts/feed/" rel="self" type="application/rss+xml" />
	<link>http://https://github.com/lekhanhluan/lekhanhluan.github.io.git</link>
	<description></description>
	<lastBuildDate>Thu, 25 May 2023 09:20:19 +0000</lastBuildDate>
	<language>vi</language>
	<sy:updatePeriod>
	hourly	</sy:updatePeriod>
	<sy:updateFrequency>
	1	</sy:updateFrequency>
	<generator>https://wordpress.org/?v=6.2.2</generator>
	<item>
		<title>Samsung Galaxy S22 (8GB &#8211; 256GB)</title>
		<link>http://https://github.com/lekhanhluan/lekhanhluan.github.io.git/san-pham/samsung-galaxy-s22-8gb-256gb-sao-chep/?utm_source=rss#038;utm_medium=rss&#038;utm_campaign=samsung-galaxy-s22-8gb-256gb-sao-chep</link>
					<comments>http://https://github.com/lekhanhluan/lekhanhluan.github.io.git/san-pham/samsung-galaxy-s22-8gb-256gb-sao-chep/#respond</comments>
		
		<dc:creator><![CDATA[lekhanhluan]]></dc:creator>
		<pubDate>Thu, 25 May 2023 08:51:30 +0000</pubDate>
				<guid isPermaLink="false">http://https://github.com/lekhanhluan/lekhanhluan.github.io.git/?post_type=product#038;p=699</guid>

					<description><![CDATA[<hr />
<div class="block-content-product">
<div class="block-content-product-left">
<div class="cps-block-content">
<div class="ksp-content p-2 mb-2">
<h2 class="ksp-title has-text-centered" style="text-align: center;">ĐẶC ĐIỂM NỔI BẬT</h2>
<div>
<ul>
<li>Camera mắt thần bóng đêm Nightography - Ghi lại khoảnh khắc đêm diệu kì</li>
<li>Mãn nhãn từng khoảnh khắc - Màn hình 6.1", Dynamic AMOLED 2X, 120Hz</li>
<li>Bứt phá hiệu năng - Snapdragon 8 Gen 1 (4 nm)</li>
<li>Thỏa sức trải nghiệm chỉ với một lần sạc - Viên pin 3700 mAh, sạc nhanh 25W, sạc không dây</li>
</ul>
</div>
</div>
</div>
</div>
</div>
<p>The post <a href="http://https://github.com/lekhanhluan/lekhanhluan.github.io.git/san-pham/samsung-galaxy-s22-8gb-256gb-sao-chep/">Samsung Galaxy S22 (8GB – 256GB)</a> first appeared on <a href="http://https://github.com/lekhanhluan/lekhanhluan.github.io.git">Luan FastFood</a>.</p>]]></description>
										<content:encoded><![CDATA[<p>Đúng như các thông tin được đồn đoán trước đó, mẫu flagship mới của gả khổng lồ Hàn Quốc được ra mắt với tên gọi là Samsung Galaxy S22 Ultra với nhiều cải tiến đáng giá. Mẫu điện thoại cao cấp đến từ Samsung này có nhiều thay đổi từ thiết kế, cấu hình cho đến camera. Vậy siêu phẩm này có gì mới, giá bao nhiêu và có nên mua không? Hãy cùng tìm hiểu chi tiết ngay bên dưới nhé!</p>
<p>Dự kiến vào tháng 2 năm 2023, Samsung sẽ cho ra mắt siêu phẩm <a title="Samsung S23 Ultra" href="https://cellphones.com.vn/samsung-galaxy-s23-ultra.html" target="_blank" rel="noopener"><strong>S23 Ultra</strong></a> mà có thể quý khách sẽ quan tâm! Click vào link để tìm hiểu thêm!</p>
<h2><strong>Samsung S22 được nâng cấp gì so với S21 Ultra</strong></h2>
<p>Trước khi chính thức ra mắt cộng đồng những chiếc điện thoại Samsung S22 Series đã có thời gian được thai nghén khá dài để đảm bảo có những tính năng thực sự vượt trội so với phiên bản tiền nhiệm. Để có thể hình dung rõ ràng ta xét đến 2 mẫu <a href="https://cellphones.com.vn/samsung-galaxy-s22-ultra.html" target="_blank" rel="noopener"><strong>Samsung S22 Ultra</strong></a> và S21 Ulta xem dòng flagship mới nhà Samsung có những nâng cấp nổi trội nào nhé!</p>
<p><img decoding="async" class="alignnone size-full wp-image-679" src="http://https://github.com/lekhanhluan/lekhanhluan.github.io.git/wp-content/uploads/2019/01/samsung-galaxy-s22-ultra-4.webp" alt="" width="800" height="450" /></p>
<p>Những nâng cấp lớn về hiệu năng, dung lượng pin, và trên hết là camera sau chính là những điểm khiến nó trở thành siêu phẩm trong phân khúc cao cấp. Dưới đây là những thông tin cần biết về dòng điện thoại vừa ra mắt của Samsung. Dưới đây là thông số cấu hình của Samsung S22 Ultra vừa được gã khổng lồ Hàn Quốc giới thiệu.</p>
<h3><strong>Thiết kế nguyên khối &#8211; kính sang trọng với độ bền tối ưu</strong></h3>
<p>Samsung Galaxy S22 Ultra đi theo ngôn ngữ thiết kế nguyên khối &#8211; kính cao cấp và sang trọng, vốn đã làm nên sự thành công của model tiền nhiệm. Chiếc máy có thiết kế mặt lưng đơn sắc tối giản nhưng không kém phần tinh tế, và màn hình tràn viền bao phủ gần như trọn mặt trước, tạo nên trải nghiệm quan sát rộng rãi trên một thiết bị di động nhỏ gọn vừa tay cầm.</p>
<p>Độ bền của máy được đảm bảo tối ưu không chỉ qua lớp vỏ nhôm nguyên khối Amor đánh bóng, mà còn qua kính cường lực Corning Gorilla Glass Victus+ bao phủ hai mặt trước và sau. Khung nhôm và kính hoạt động như bộ giáp bảo vệ điện thoại an toàn. Chiếc máy còn có khả năng chống bụi / nước đạt chuẩn IP68 giúp người dùng luôn an tâm khi dùng máy trong những điều kiện môi trường khác nhau.</p>
<p><img decoding="async" class="alignnone size-full wp-image-680" src="http://https://github.com/lekhanhluan/lekhanhluan.github.io.git/wp-content/uploads/2019/01/samsung-galaxy-s22-ultra-9.webp" alt="" width="810" height="456" /></p><p>The post <a href="http://https://github.com/lekhanhluan/lekhanhluan.github.io.git/san-pham/samsung-galaxy-s22-8gb-256gb-sao-chep/">Samsung Galaxy S22 (8GB – 256GB)</a> first appeared on <a href="http://https://github.com/lekhanhluan/lekhanhluan.github.io.git">Luan FastFood</a>.</p>]]></content:encoded>
					
					<wfw:commentRss>http://https://github.com/lekhanhluan/lekhanhluan.github.io.git/san-pham/samsung-galaxy-s22-8gb-256gb-sao-chep/feed/</wfw:commentRss>
			<slash:comments>0</slash:comments>
		
		
			</item>
		<item>
		<title>Samsung Galaxy S22 (8GB &#8211; 256GB)</title>
		<link>http://https://github.com/lekhanhluan/lekhanhluan.github.io.git/san-pham/t-shirt-with-logo/?utm_source=rss#038;utm_medium=rss&#038;utm_campaign=t-shirt-with-logo</link>
					<comments>http://https://github.com/lekhanhluan/lekhanhluan.github.io.git/san-pham/t-shirt-with-logo/#respond</comments>
		
		<dc:creator><![CDATA[lekhanhluan]]></dc:creator>
		<pubDate>Wed, 16 Jan 2019 13:01:55 +0000</pubDate>
				<guid isPermaLink="false">https://woocommercecore.mystagingwebsite.com/product/t-shirt-with-logo/</guid>

					<description><![CDATA[<hr />
<div class="block-content-product">
<div class="block-content-product-left">
<div class="cps-block-content">
<div class="ksp-content p-2 mb-2">
<h2 class="ksp-title has-text-centered" style="text-align: center;">ĐẶC ĐIỂM NỔI BẬT</h2>
<div>
<ul>
<li>Camera mắt thần bóng đêm Nightography - Ghi lại khoảnh khắc đêm diệu kì</li>
<li>Mãn nhãn từng khoảnh khắc - Màn hình 6.1", Dynamic AMOLED 2X, 120Hz</li>
<li>Bứt phá hiệu năng - Snapdragon 8 Gen 1 (4 nm)</li>
<li>Thỏa sức trải nghiệm chỉ với một lần sạc - Viên pin 3700 mAh, sạc nhanh 25W, sạc không dây</li>
</ul>
</div>
</div>
</div>
</div>
</div>
<p>The post <a href="http://https://github.com/lekhanhluan/lekhanhluan.github.io.git/san-pham/t-shirt-with-logo/">Samsung Galaxy S22 (8GB – 256GB)</a> first appeared on <a href="http://https://github.com/lekhanhluan/lekhanhluan.github.io.git">Luan FastFood</a>.</p>]]></description>
										<content:encoded><![CDATA[<p>Đúng như các thông tin được đồn đoán trước đó, mẫu flagship mới của gả khổng lồ Hàn Quốc được ra mắt với tên gọi là Samsung Galaxy S22 Ultra với nhiều cải tiến đáng giá. Mẫu điện thoại cao cấp đến từ Samsung này có nhiều thay đổi từ thiết kế, cấu hình cho đến camera. Vậy siêu phẩm này có gì mới, giá bao nhiêu và có nên mua không? Hãy cùng tìm hiểu chi tiết ngay bên dưới nhé!</p>
<p>Dự kiến vào tháng 2 năm 2023, Samsung sẽ cho ra mắt siêu phẩm <a title="Samsung S23 Ultra" href="https://cellphones.com.vn/samsung-galaxy-s23-ultra.html" target="_blank" rel="noopener"><strong>S23 Ultra</strong></a> mà có thể quý khách sẽ quan tâm! Click vào link để tìm hiểu thêm!</p>
<h2><strong>Samsung S22 được nâng cấp gì so với S21 Ultra</strong></h2>
<p>Trước khi chính thức ra mắt cộng đồng những chiếc điện thoại Samsung S22 Series đã có thời gian được thai nghén khá dài để đảm bảo có những tính năng thực sự vượt trội so với phiên bản tiền nhiệm. Để có thể hình dung rõ ràng ta xét đến 2 mẫu <a href="https://cellphones.com.vn/samsung-galaxy-s22-ultra.html" target="_blank" rel="noopener"><strong>Samsung S22 Ultra</strong></a> và S21 Ulta xem dòng flagship mới nhà Samsung có những nâng cấp nổi trội nào nhé!</p>
<p><img decoding="async" class="alignnone size-full wp-image-679" src="http://https://github.com/lekhanhluan/lekhanhluan.github.io.git/wp-content/uploads/2019/01/samsung-galaxy-s22-ultra-4.webp" alt="" width="800" height="450" /></p>
<p>Những nâng cấp lớn về hiệu năng, dung lượng pin, và trên hết là camera sau chính là những điểm khiến nó trở thành siêu phẩm trong phân khúc cao cấp. Dưới đây là những thông tin cần biết về dòng điện thoại vừa ra mắt của Samsung. Dưới đây là thông số cấu hình của Samsung S22 Ultra vừa được gã khổng lồ Hàn Quốc giới thiệu.</p>
<h3><strong>Thiết kế nguyên khối &#8211; kính sang trọng với độ bền tối ưu</strong></h3>
<p>Samsung Galaxy S22 Ultra đi theo ngôn ngữ thiết kế nguyên khối &#8211; kính cao cấp và sang trọng, vốn đã làm nên sự thành công của model tiền nhiệm. Chiếc máy có thiết kế mặt lưng đơn sắc tối giản nhưng không kém phần tinh tế, và màn hình tràn viền bao phủ gần như trọn mặt trước, tạo nên trải nghiệm quan sát rộng rãi trên một thiết bị di động nhỏ gọn vừa tay cầm.</p>
<p>Độ bền của máy được đảm bảo tối ưu không chỉ qua lớp vỏ nhôm nguyên khối Amor đánh bóng, mà còn qua kính cường lực Corning Gorilla Glass Victus+ bao phủ hai mặt trước và sau. Khung nhôm và kính hoạt động như bộ giáp bảo vệ điện thoại an toàn. Chiếc máy còn có khả năng chống bụi / nước đạt chuẩn IP68 giúp người dùng luôn an tâm khi dùng máy trong những điều kiện môi trường khác nhau.</p>
<p><img decoding="async" class="alignnone size-full wp-image-680" src="http://https://github.com/lekhanhluan/lekhanhluan.github.io.git/wp-content/uploads/2019/01/samsung-galaxy-s22-ultra-9.webp" alt="" width="810" height="456" /></p><p>The post <a href="http://https://github.com/lekhanhluan/lekhanhluan.github.io.git/san-pham/t-shirt-with-logo/">Samsung Galaxy S22 (8GB – 256GB)</a> first appeared on <a href="http://https://github.com/lekhanhluan/lekhanhluan.github.io.git">Luan FastFood</a>.</p>]]></content:encoded>
					
					<wfw:commentRss>http://https://github.com/lekhanhluan/lekhanhluan.github.io.git/san-pham/t-shirt-with-logo/feed/</wfw:commentRss>
			<slash:comments>0</slash:comments>
		
		
			</item>
		<item>
		<title>Samsung Galaxy Z Fold4</title>
		<link>http://https://github.com/lekhanhluan/lekhanhluan.github.io.git/san-pham/long-sleeve-tee/?utm_source=rss#038;utm_medium=rss&#038;utm_campaign=long-sleeve-tee</link>
					<comments>http://https://github.com/lekhanhluan/lekhanhluan.github.io.git/san-pham/long-sleeve-tee/#respond</comments>
		
		<dc:creator><![CDATA[lekhanhluan]]></dc:creator>
		<pubDate>Wed, 16 Jan 2019 13:01:53 +0000</pubDate>
				<guid isPermaLink="false">https://woocommercecore.mystagingwebsite.com/product/long-sleeve-tee/</guid>

					<description><![CDATA[<h2 class="ksp-title has-text-centered" style="text-align: center;">ĐẶC ĐIỂM NỔI BẬT</h2>
<div>
<ul>
<li>Camera mắt thần bóng đêm cho trải nghiệm chụp ảnh ấn tượng - Camera chính: 50MP</li>
<li>Khai mở trải nghiệm di động linh hoạt biến hóa - Màn hình ngoài 6.2"" cùng màn hình chính 7.6"" độc đáo</li>
<li>Hiệu năng mạnh mẽ đến từ dòng chip cao cấp của Qualcomm - Snapdragon 8 Plus Gen 1</li>
<li>Viên pin ấn tượng, sạc nhanh tức tốc - Pin 4,400 mAh, sạc nhanh 25 W</li>
</ul>
</div>
<p>The post <a href="http://https://github.com/lekhanhluan/lekhanhluan.github.io.git/san-pham/long-sleeve-tee/">Samsung Galaxy Z Fold4</a> first appeared on <a href="http://https://github.com/lekhanhluan/lekhanhluan.github.io.git">Luan FastFood</a>.</p>]]></description>
										<content:encoded><![CDATA[<p>Galaxy Z Fold3 vốn đã rất nổi bật thì mới đây, sự xuất hiện của điện thoại gập mới <strong>Samsung Galaxy Z Fold 4</strong> lại càng hấp dẫn nhiều người dùng hơn khi sở hữu thiết kế gập màn hình mới cùng với những cải tiến cho trải nghiệm nhân đôi. Vậy chiếc smartphone màn hình gập cao cấp thế hệ mới có gì mới, giá bao nhiêu và có nên mua không? Cùng tìm hiểu nhé!</p>
<h2><strong>Thông tin mới nhất về điện thoại Samsung Z Fold 4</strong></h2>
<p>Theo các nguồn thông tin gần đây, điện thoại Galaxy Z Fold 2022sẽ có những điểm mới về màu sắc, phiên bản dung lượng bộ nhớ, hiệu năng, camera cùng thiết kế mới. Dưới đây là những thông tin mới nhất về siêu phẩm màn hình gập <a href="https://cellphones.com.vn/samsung-galaxy-z-fold-4.html" target="_blank" rel="noopener"><strong>Samsung Z Fold 4</strong></a> vừa được trình làng mới đây.</p>
<h3><strong>Ưu đãi khủng khi đặt trước Samsung Galaxy Z Fold 4 tại CellphoneS</strong></h3>
<p>Từ ngày 11/8 &#8211; 25/8 khách hàng có thể đặt trước siêu phẩm màn hình gập mới Galaxy Z Fold mới tại hệ thống bán lẻ di động CellphoneS để nhận bộ quà tặng hấp dẫn lên đến 7.5 triệu đồng. Cụ thể như sau:</p>
<ul>
<li>Miễn phí 1 năm gói bảo hành Samsung Care+</li>
<li>Phiếu mua hàng phụ kiện trị giá 3 triệu</li>
<li>Hoàn tiền lên đến 2 triệu khi thanh toán qua VNPAY/Moca</li>
<li>Trả góp 0% lãi suất đến 24 tháng</li>
<li>Phòng chờ hạng thương gia cao cấp</li>
</ul>
<p>Để biết thêm chi tiết, bạn vui lòng liên hệ tổng đài 1800.2097 để được hỗ trợ. Còn ngại gì nữa mà không đặt ngay chiếc smartphone này màn hình gập thế hệ mới của Samsung để nhận được những ưu đãi cực khủng đến từ CellphoneS và Samsung nhé!</p>
<h3><strong>Có gì trong hộp bán lẻ Galaxy Z Fold4 chính hãng?</strong></h3>
<p>Mới đây, trang PhoneArena đã quyết định tự mình mở hộp Samsung Fold 4 và giới thiệu những gì có bên trong hộp bán lẻ của sản phẩm. Ngoài “nhân vật” chính của chúng ta thì smartphone này còn bao gồm các phụ kiện đi kèm như sau:</p>
<ul>
<li>Cáp USB-C</li>
<li>Miếng dán bảo vệ màn hình đã dán sẵn</li>
<li>Que lấy SIM</li>
<li>Sách hướng dẫn sử dụng</li>
</ul>
<p>Như vậy, người dùng sẽ không được tặng kèm các phụ kiện như adapter sạc hay tai nghe có dây cho siêu phẩm màn hình gập mới nhất của nhà Samsung, giống với những gì hãng đã làm ở thế hệ trước. Điều này có nghĩa rằng nếu khách hàng muốn sạc điện thoại Z Fold4 hay nghe nhạc qua tai nghe để không ảnh hưởng đến mọi người xung quanh thì bạn cần phải tự trang bị thêm các phụ kiện này.</p>
<h2><strong>Bảng so sánh giữa Samsung Galaxy Z Fold 4 và Z Fold 3</strong></h2>
<table class="table table-bordered">
<tbody>
<tr>
<td><strong>Thông số kỹ thuật</strong></td>
<td><strong>Samsung Galaxy Z Fold 4 </strong></td>
<td><strong>Samsung Galaxy Z Fold 3</strong></td>
</tr>
<tr>
<td><strong>Màn hình</strong></td>
<td>Dynamic AMOLED 2X 7.6 inch</td>
<td>Dynamic AMOLED 2X 7.6 inch</td>
</tr>
<tr>
<td><strong>Độ phân giải</strong></td>
<td>1768 x 2208 pixel</td>
<td>1768 x 2208 pixel</td>
</tr>
<tr>
<td><strong>Tần số quét</strong></td>
<td>120 Hz</td>
<td>120 Hz</td>
</tr>
<tr>
<td><strong>Mật độ điểm ảnh</strong></td>
<td>374 ppi</td>
<td>374 ppi</td>
</tr>
<tr>
<td><strong>Kích thước </strong></td>
<td>155.1 x 130.1 x 6.3mm</td>
<td>158.2 x 128.1 x 6.4mm</td>
</tr>
<tr>
<td><strong>Trọng lượng </strong></td>
<td>263gram</td>
<td>271gram</td>
</tr>
<tr>
<td><strong>RAM</strong></td>
<td>12GB</td>
<td>12GB</td>
</tr>
<tr>
<td><strong>Bộ nhớ trong</strong></td>
<td>256GB / 512GB/ 1TB</td>
<td>256GB / 512GB</td>
</tr>
<tr>
<td><strong>Chip xử lý</strong></td>
<td>Snapdragon 8+ Gen 1</td>
<td>Snapdragon 888</td>
</tr>
<tr>
<td><strong>Camera sau</strong></td>
<td>50.0 MP +12.0 MP + 10.0 MP</td>
<td>12.0 MP + 12.0 MP + 12.0 MP</td>
</tr>
<tr>
<td><strong>Kết nối</strong></td>
<td>5G</td>
<td>5G</td>
</tr>
<tr>
<td><strong>Dung lượng pin</strong></td>
<td>4.400mAh</td>
<td>4.400mAh</td>
</tr>
<tr>
<td><strong>Màu sắc</strong></td>
<td>Đen Phantom, Xanh Titan, Kem Metalic</td>
<td>Đen Phantom, Xanh Phantom, Bạc Phantom</td>
</tr>
</tbody>
</table>
<p><strong>Đánh giá Samsung Z Fold 4</strong></p>
<p><strong>Samsung Galaxy Fold 4</strong> được cho là sẽ có nhiều điểm đổi mới, cải tiến về mặt thiết kế, hiệu năng và nhiều tính năng hấp dẫn khác so với thế hệ trước đó. Nhờ vậy, người dùng lại có thêm các trải nghiệm mới mẻ trong quá trình sử dụng siêu phẩm. Sau đây là những đánh giá chi tiết về sản phẩm dựa trên các thông tin rò rỉ trong thời gian gần đây!</p>
<h3><strong>Camera mắt thần bóng đêm cho trải nghiệm chụp ảnh ấn tượng</strong></h3>
<p><em>(Cập nhật ngày 22/8/2022)</em></p>
<p>Cụm camera sau có khả năng thu phóng nhiều lần, đồng thời camera “Mắt thần bóng đêm” được nâng cấp các tính năng chuyên nghiệp. Đặc biệt khi chụp đêm, hình ảnh vẫn sắc nét, chi tiết, video mượt mà nhờ công nghệ OIS, VDIS và Super Night Solution giảm nhiễu.</p>
<p>Ngoài ra, Z Fold4 còn mang đến những bức chân dung tuyệt đẹp bằng camera sau kể cả ở điều kiện thiếu sáng. Nhờ vào bộ phận tinh xảo của camera cùng phần mềm cải tiến nên ánh sáng được cải thiện đáng kể. Bộ vi xử lý còn giúp tăng cường chi tiết và màu sắc cho hình ảnh.</p>
<p><img decoding="async" src="https://cdn2.cellphones.com.vn/x,webp,q100/media/wysiwyg/mobile/samsung/z-fold4-21.jpg" alt="Z Fold4" /></p>
<p>Bên cạnh đó, camera còn sở hữu nhiều tính năng ưu việt có thể bạn chưa biết đến:</p>
<p>&#8211; Tính năng Dual Preview: Bản xem trước xuất hiện ngay ở màn hình ngoài, giúp chủ thể trong ảnh có thể quan sát bản thân và điều chỉnh tư đẹp nhất.</p>
<p>&#8211; Capture View: Cho phép người dùng xem trước được những hình ảnh vừa mới chụp để dễ dàng kiểm tra và chụp lại.</p>
<p>&#8211; Selfie góc rộng: Hỗ trợ bắt trọn khoảnh khắc với độ phân giải cao. Lúc này màn hình ngoài hoạt động như kính ngắm giúp người dùng chọn ra được những góc đẹp nhất.</p>
<p>&#8211; Biên tập AI: Chỉnh sửa, hậu kỳ ảnh chưa bao giờ đơn giản hơn với ứng dụng Photo Remaster và Object Eraser</p>
<p>&#8211; Expert RAW: Giúp người dùng kiểm soát, quản lý và lưu tệp RAW vào thư viện hình ảnh với chế độ Pro Mode</p>
<p><img decoding="async" src="https://cdn2.cellphones.com.vn/x,webp,q100/media/wysiwyg/mobile/samsung/z-fold4-20.jpg" alt="Samsung Galaxy Z Fold4" /></p>
<h3><strong>Chia sẻ nhanh chóng cùng tính năng Quick Share</strong></h3>
<p><em>(Cập nhật ngày 22/8/2022)</em></p>
<p>Người dùng dễ dàng chia sẻ khoảnh khắc thú vị, những bức ảnh chuyên nghiệp của bản thân đến nhiều người khác nhau thông qua Quick Share. Tính năng này cho phép gửi các tệp lớn như hình ảnh độ phân giải cao, video dung lượng lớn. Thao tác thực hiện lần lượt là kéo bảng Chia sẻ, sau đó chọn tên người nhận và chạm để gửi để hoàn tất.</p>
<p><img decoding="async" src="https://cdn2.cellphones.com.vn/x,webp,q100/media/wysiwyg/mobile/samsung/z-fold4-22.jpg" alt="Chia sẻ nhanh chóng cùng tính năng Quick Share" /></p>
<h3><strong>Màn hình đầu tiên chạy Android 12L</strong></h3>
<p>Galaxy Z Fold4 là siêu phẩm Samsung đầu tiên sử dụng hệ điều hành Android 12 L, chạy trên One UI 4.1.1. Ở hệ điều hành này, Z Fold4 đã tối ưu hóa được các ứng dụng chạy trên màn hình gập bằng tác vụ chuyên dụng. Nhờ vậy, việc chuyển đổi giữa các ứng dụng trở nên đơn giản và dễ dàng hơn. Đặc biệt Android 12L cho phép người dùng chuyển đổi cài đặt nhanh và sử dụng 2 cột thông báo.</p>
<p><img decoding="async" src="https://cdn2.cellphones.com.vn/x,webp,q100/media/wysiwyg/mobile/samsung/samssung-galaxy-z-fold4-21.jpg" alt="Màn hình Android 12L" /></p>
<p>Thêm vào đó, tính năng dạng gấp hỗ trợ chuyển đổi bố cục dựa trên hoạt động mở ra hay gấp lại của điện thoại. Đồng thời, thiết bị còn có khả năng khởi động và chuyển đổi các ứng dụng ở chế độ đa nhiệm song song.</p>
<h3><strong>Tính năng Multi View tiện lợi</strong></h3>
<p>Chỉ với tính năng Multi View trên chiếc màn hình gập của Z Fold4, thế giới số của bạn tiện lợi vô cùng. Dù muốn kiểm tra email hay thực hiện công việc với văn bản, các tác vụ đều được thực hiện nhanh chóng trong nháy mắt. Điều này nhằm tối ưu hóa trải nghiệm người dùng trên các ứng dụng.</p>
<p><img decoding="async" src="https://cdn2.cellphones.com.vn/x,webp,q100/media/wysiwyg/mobile/samsung/samssung-galaxy-z-fold4-23.jpg" alt="Đặc điểm nổi bật" /></p>
<h3><strong>Thiết kế</strong></h3>
<p>Nếu những dòng Z Fold trước đây có thiết kế chỉ có thể gập lại một lần thì Samsung Z Fold 4 đã mang đến sự mới lạ khi có thể gập nhân đôi. Với công nghệ mới, Samsung đã có bước tiến vượt bậc trong lĩnh vực công nghệ với chiếc smartphone màn hình gập thế hệ mới này. Kích thước máy khi gập là 155.1 x 67.1 x 15.8 mm khi mở ra là 155.1&#215;130.1&#215;6.3mm. Điểm nổi bật là cụm camera vẫn nằm trong cụm module và kèm theo 1 đèn flash.</p>
<p><img decoding="async" src="https://cdn2.cellphones.com.vn/x,webp,q100/media/wysiwyg/mobile/samsung/samssung-galaxy-z-fold4-24.jpg" alt="Bút S pen" /></p>
<p>Trong thiết kế tổng thể, Z Fold 4 có phần viền khung chất liệu Armor Aluminum kết hợp với kính cường lực góc cạnh hơn, các góc cạnh vát nhẹ hơn cho vẻ ngoài cá tính, hiện đại. Tổng thể Samsung Fold 4 được hoàn thiện nguyên khối với khung máy nhẹ hơn, khoảng 263 gram.</p>
<p>Mặt trước thiết kế camera selfie đục lỗ nằm ở vị trí giữa. Mặt kính cường lực chắc chắn cao cấp Corning Gorilla Glass Victus+ cho khả năng bảo vệ màn hình tối ưu khỏi các tác động từ ngoại lực . Màn hình mở rộng giúp kiểm tra được các thông báo và thông tin quan trọng mà không cần mở màn hình chính.</p>
<p><img decoding="async" src="https://cdn2.cellphones.com.vn/x,webp,q100/media/wysiwyg/mobile/samsung/samsung-galaxy-z-fold-4-13.jpg" alt="Samsung Galaxy Z Fold 4" /></p>
<p>Ở sản phẩm thế hệ mới, vân tay được đặt tại vị trí cạnh bên. Nó có thể đem lại sự tiện dụng cho người dùng, hỗ trợ hoạt động mở khoá và không ảnh hưởng trên màn hình bên ngoài trong trường hợp điện thoại gập lại hay khi mở ra. Trên bề mặt màn hình bên ngoài, không xuất hiện vị trí quét vân tay nằm ở giữa: khi mở điện thoại ra, vị trí vân tay nằm ở góc dưới cùng bên trái màn hình như các tin đồn trước đó. Chính vì vậy, người dùng có thể mở khoá điện thoại nhanh chóng, dễ dàng hơn.</p><p>The post <a href="http://https://github.com/lekhanhluan/lekhanhluan.github.io.git/san-pham/long-sleeve-tee/">Samsung Galaxy Z Fold4</a> first appeared on <a href="http://https://github.com/lekhanhluan/lekhanhluan.github.io.git">Luan FastFood</a>.</p>]]></content:encoded>
					
					<wfw:commentRss>http://https://github.com/lekhanhluan/lekhanhluan.github.io.git/san-pham/long-sleeve-tee/feed/</wfw:commentRss>
			<slash:comments>0</slash:comments>
		
		
			</item>
		<item>
		<title>Samsung Galaxy S22 Ultra (12GB &#8211; 256GB) &#8211; Độc quyền</title>
		<link>http://https://github.com/lekhanhluan/lekhanhluan.github.io.git/san-pham/polo/?utm_source=rss#038;utm_medium=rss&#038;utm_campaign=polo</link>
					<comments>http://https://github.com/lekhanhluan/lekhanhluan.github.io.git/san-pham/polo/#respond</comments>
		
		<dc:creator><![CDATA[lekhanhluan]]></dc:creator>
		<pubDate>Wed, 16 Jan 2019 13:01:53 +0000</pubDate>
				<guid isPermaLink="false">https://woocommercecore.mystagingwebsite.com/product/polo/</guid>

					<description><![CDATA[<ul>
<li>Vi xử lý mạnh mẽ nhất Galaxy - Snapdragon 8 Gen 1 (4 nm)</li>
<li>Camera mắt thần bóng đêm Nightography - Chụp đêm cực đỉnh</li>
<li>S Pen đầu tiên trên Galaxy S - Độ trễ thấp, dễ thao tác</li>
<li>Dung lượng pin bất chấp ngày đêm - Viên pin 5000mAh, sạc nhanh 45W</li>
</ul>
<p>The post <a href="http://https://github.com/lekhanhluan/lekhanhluan.github.io.git/san-pham/polo/">Samsung Galaxy S22 Ultra (12GB – 256GB) – Độc quyền</a> first appeared on <a href="http://https://github.com/lekhanhluan/lekhanhluan.github.io.git">Luan FastFood</a>.</p>]]></description>
										<content:encoded><![CDATA[<p>Điện thoại <a href="https://cellphones.com.vn/samsung-galaxy-s22-ultra.html" target="_blank" rel="noopener">Samsung S22 Ultra</a> phiên bản RAM 12GB cho cảm giác siêu mượt mà khi mở và đóng ứng dụng, đi kèm bộ nhớ trong 256GB cho bạn thoải mái lưu trữ những khung hình, thước phim chất lượng cao. Vi xử lý Qualcomm Snapdragon 8 Gen 1 hứa hẹn mang đến hiệu năng tuyệt đỉnh, xử lý mượt mà mọi tác vụ.</p>
<p>Đúng như các thông tin được đồn đoán trước đó, mẫu flagship mới của gả khổng lồ Hàn Quốc được ra mắt với tên gọi là Samsung Galaxy S22 Ultra với nhiều cải tiến đáng giá. Mẫu điện thoại cao cấp đến từ Samsung này có nhiều thay đổi từ thiết kế, cấu hình cho đến camera. Vậy siêu phẩm này có gì mới, giá bao nhiêu và có nên mua không? Hãy cùng tìm hiểu chi tiết ngay bên dưới nhé!</p>
<p>Dự kiến vào tháng 2 năm 2023, Samsung sẽ cho ra mắt siêu phẩm <a title="Samsung S23 Ultra" href="https://cellphones.com.vn/samsung-galaxy-s23-ultra.html" target="_blank" rel="noopener"><strong>S23 Ultra</strong></a> mà có thể quý khách sẽ quan tâm! Click vào link để tìm hiểu thêm!</p>
<h2><strong>Samsung S22 Ultra được nâng cấp gì so với S21 Ultra</strong></h2>
<p>Trước khi chính thức ra mắt cộng đồng những chiếc điện thoại Samsung S22 Series đã có thời gian được thai nghén khá dài để đảm bảo có những tính năng thực sự vượt trội so với phiên bản tiền nhiệm. Để có thể hình dung rõ ràng ta xét đến 2 mẫu <a href="https://cellphones.com.vn/samsung-galaxy-s22-ultra.html" target="_blank" rel="noopener"><strong>Samsung S22 Ultra</strong></a> và S21 Ulta xem dòng flagship mới nhà Samsung có những nâng cấp nổi trội nào nhé!</p>
<p><img decoding="async" src="https://cdn2.cellphones.com.vn/800x,webp,q100/media/wysiwyg/Phone/Samsung/samsung_s/S22/samsung-galaxy-s22-ultra-4.jpg" alt="Samsung S22 Ultra 5G có thiết kế sang trọng với độ bền tối ưu" /></p>
<h3><strong>Ống kính 108MP mang lại khả năng chụp ảnh không giới hạn</strong></h3>
<p>Ống kính chính trên Samsung S22 Ultra với độ phân giải lên đến 108MP, với những khả năng chụp ảnh đêm, chụp chân dung, chụp góc siêu rộng, và zoom quang học 100x đều hiện diện. Chi tiết ảnh và màu sắc tốt nằm trong khoảng zoom 10x, có thể sử dụng zoom 30x trong điều kiện ánh sáng tốt, còn zoom 100x mang tính chất lưu lại thông tin. Camera chính và camera tele hỗ trợ công nghệ chống rung quang học OIS.</p>
<p><img decoding="async" src="https://cdn2.cellphones.com.vn/x,webp,q100/media/wysiwyg/Phone/Samsung/samsung_s/S22/samsung-galaxy-s22-ultra-9.jpg" alt="Đánh giá Samsung Galaxy S22 Ultra 5G" /></p><p>The post <a href="http://https://github.com/lekhanhluan/lekhanhluan.github.io.git/san-pham/polo/">Samsung Galaxy S22 Ultra (12GB – 256GB) – Độc quyền</a> first appeared on <a href="http://https://github.com/lekhanhluan/lekhanhluan.github.io.git">Luan FastFood</a>.</p>]]></content:encoded>
					
					<wfw:commentRss>http://https://github.com/lekhanhluan/lekhanhluan.github.io.git/san-pham/polo/feed/</wfw:commentRss>
			<slash:comments>0</slash:comments>
		
		
			</item>
		<item>
		<title>T-Shirt</title>
		<link>http://https://github.com/lekhanhluan/lekhanhluan.github.io.git/san-pham/t-shirt/?utm_source=rss#038;utm_medium=rss&#038;utm_campaign=t-shirt</link>
					<comments>http://https://github.com/lekhanhluan/lekhanhluan.github.io.git/san-pham/t-shirt/#respond</comments>
		
		<dc:creator><![CDATA[lekhanhluan]]></dc:creator>
		<pubDate>Wed, 16 Jan 2019 13:01:52 +0000</pubDate>
				<guid isPermaLink="false">https://woocommercecore.mystagingwebsite.com/product/t-shirt/</guid>

					<description><![CDATA[<p>Pellentesque habitant morbi tristique senectus et netus et malesuada fames ac turpis egestas. Vestibulum tortor quam, feugiat vitae, ultricies eget, tempor sit amet, ante. Donec eu libero sit amet quam egestas semper. Aenean ultricies mi vitae est. Mauris placerat eleifend leo.</p>
<p>The post <a href="http://https://github.com/lekhanhluan/lekhanhluan.github.io.git/san-pham/t-shirt/">T-Shirt</a> first appeared on <a href="http://https://github.com/lekhanhluan/lekhanhluan.github.io.git">Luan FastFood</a>.</p>]]></description>
										<content:encoded><![CDATA[<p>Pellentesque habitant morbi tristique senectus et netus et malesuada fames ac turpis egestas. Vestibulum tortor quam, feugiat vitae, ultricies eget, tempor sit amet, ante. Donec eu libero sit amet quam egestas semper. Aenean ultricies mi vitae est. Mauris placerat eleifend leo.</p><p>The post <a href="http://https://github.com/lekhanhluan/lekhanhluan.github.io.git/san-pham/t-shirt/">T-Shirt</a> first appeared on <a href="http://https://github.com/lekhanhluan/lekhanhluan.github.io.git">Luan FastFood</a>.</p>]]></content:encoded>
					
					<wfw:commentRss>http://https://github.com/lekhanhluan/lekhanhluan.github.io.git/san-pham/t-shirt/feed/</wfw:commentRss>
			<slash:comments>0</slash:comments>
		
		
			</item>
		<item>
		<title>V-Neck T-Shirt</title>
		<link>http://https://github.com/lekhanhluan/lekhanhluan.github.io.git/san-pham/v-neck-t-shirt/?utm_source=rss#038;utm_medium=rss&#038;utm_campaign=v-neck-t-shirt</link>
					<comments>http://https://github.com/lekhanhluan/lekhanhluan.github.io.git/san-pham/v-neck-t-shirt/#respond</comments>
		
		<dc:creator><![CDATA[lekhanhluan]]></dc:creator>
		<pubDate>Wed, 16 Jan 2019 13:01:52 +0000</pubDate>
				<guid isPermaLink="false">https://woocommercecore.mystagingwebsite.com/product/v-neck-t-shirt/</guid>

					<description><![CDATA[<p>Pellentesque habitant morbi tristique senectus et netus et malesuada fames ac turpis egestas. Vestibulum tortor quam, feugiat vitae, ultricies eget, tempor sit amet, ante. Donec eu libero sit amet quam egestas semper. Aenean ultricies mi vitae est. Mauris placerat eleifend leo.</p>
<p>The post <a href="http://https://github.com/lekhanhluan/lekhanhluan.github.io.git/san-pham/v-neck-t-shirt/">V-Neck T-Shirt</a> first appeared on <a href="http://https://github.com/lekhanhluan/lekhanhluan.github.io.git">Luan FastFood</a>.</p>]]></description>
										<content:encoded><![CDATA[<p>Pellentesque habitant morbi tristique senectus et netus et malesuada fames ac turpis egestas. Vestibulum tortor quam, feugiat vitae, ultricies eget, tempor sit amet, ante. Donec eu libero sit amet quam egestas semper. Aenean ultricies mi vitae est. Mauris placerat eleifend leo.</p><p>The post <a href="http://https://github.com/lekhanhluan/lekhanhluan.github.io.git/san-pham/v-neck-t-shirt/">V-Neck T-Shirt</a> first appeared on <a href="http://https://github.com/lekhanhluan/lekhanhluan.github.io.git">Luan FastFood</a>.</p>]]></content:encoded>
					
					<wfw:commentRss>http://https://github.com/lekhanhluan/lekhanhluan.github.io.git/san-pham/v-neck-t-shirt/feed/</wfw:commentRss>
			<slash:comments>0</slash:comments>
		
		
			</item>
	</channel>
</rss>
