<?xml version="1.0" encoding="UTF-8"?><rss version="2.0"
	xmlns:content="http://purl.org/rss/1.0/modules/content/"
	xmlns:dc="http://purl.org/dc/elements/1.1/"
	xmlns:atom="http://www.w3.org/2005/Atom"
	xmlns:sy="http://purl.org/rss/1.0/modules/syndication/"
	
	>
<channel>
	<title>
	Các phản hồi luận về: V-Neck T-Shirt	</title>
	<atom:link href="http://https://github.com/lekhanhluan/lekhanhluan.github.io.git/san-pham/v-neck-t-shirt/feed/" rel="self" type="application/rss+xml" />
	<link>http://https://github.com/lekhanhluan/lekhanhluan.github.io.git/san-pham/v-neck-t-shirt/?utm_source=rss#038;utm_medium=rss&#038;utm_campaign=v-neck-t-shirt</link>
	<description></description>
	<lastBuildDate>Wed, 16 Jan 2019 13:01:52 +0000</lastBuildDate>
	<sy:updatePeriod>
	hourly	</sy:updatePeriod>
	<sy:updateFrequency>
	1	</sy:updateFrequency>
	<generator>https://wordpress.org/?v=6.2.2</generator>
</channel>
</rss>
