<?xml version="1.0" encoding="UTF-8"?><rss version="2.0"
	xmlns:content="http://purl.org/rss/1.0/modules/content/"
	xmlns:wfw="http://wellformedweb.org/CommentAPI/"
	xmlns:dc="http://purl.org/dc/elements/1.1/"
	xmlns:atom="http://www.w3.org/2005/Atom"
	xmlns:sy="http://purl.org/rss/1.0/modules/syndication/"
	xmlns:slash="http://purl.org/rss/1.0/modules/slash/"
	>

<channel>
	<title>smiley - Luan FastFood</title>
	<atom:link href="http://https://github.com/lekhanhluan/lekhanhluan.github.io.git/tu-khoa-san-pham/smiley/feed/" rel="self" type="application/rss+xml" />
	<link>http://https://github.com/lekhanhluan/lekhanhluan.github.io.git</link>
	<description></description>
	<lastBuildDate>Thu, 25 May 2023 09:20:25 +0000</lastBuildDate>
	<language>vi</language>
	<sy:updatePeriod>
	hourly	</sy:updatePeriod>
	<sy:updateFrequency>
	1	</sy:updateFrequency>
	<generator>https://wordpress.org/?v=6.2.2</generator>
	<item>
		<title>Xiaomi Redmi Note 11S</title>
		<link>http://https://github.com/lekhanhluan/lekhanhluan.github.io.git/san-pham/xiaomi-redmi-note-11s-sao-chep/?utm_source=rss#038;utm_medium=rss&#038;utm_campaign=xiaomi-redmi-note-11s-sao-chep</link>
					<comments>http://https://github.com/lekhanhluan/lekhanhluan.github.io.git/san-pham/xiaomi-redmi-note-11s-sao-chep/#respond</comments>
		
		<dc:creator><![CDATA[lekhanhluan]]></dc:creator>
		<pubDate>Thu, 25 May 2023 09:17:55 +0000</pubDate>
				<guid isPermaLink="false">http://https://github.com/lekhanhluan/lekhanhluan.github.io.git/?post_type=product#038;p=717</guid>

					<description><![CDATA[<h2 class="ksp-title has-text-centered" style="text-align: center;">ĐẶC ĐIỂM NỔI BẬT</h2>
<div>
<ul>
<li>Thiết kế tinh tế, cuốn hút - Mỏng nhẹ thời trang, nhỏ gọn trong tay</li>
<li>Trọn vẹn từng khung hình - Màn hình 6.43" FHD+ AMOLED DotDisplay, 90Hz</li>
<li>Chụp ảnh chuyên nghiệp - Cụm 4 camera sau 108MP, hỗ trợ đa dạng chế độ chụp</li>
<li>Pin siêu lớn cùng khả năng sạc siêu tốc - Viên pin 5000mAh, sạc nhanh 33W</li>
</ul>
</div>
<p>The post <a href="http://https://github.com/lekhanhluan/lekhanhluan.github.io.git/san-pham/xiaomi-redmi-note-11s-sao-chep/">Xiaomi Redmi Note 11S</a> first appeared on <a href="http://https://github.com/lekhanhluan/lekhanhluan.github.io.git">Luan FastFood</a>.</p>]]></description>
										<content:encoded><![CDATA[<p><strong>Xiaomi Redmi Note 11S</strong> sở hữu một thiết kế cuốn hút với các đường nét hoàn thiện tỉ mỉ. Điện thoại sở hữu màn hình kích thước 6.43 inch cùng độ tần số quét 90Hz mang lại các chuyển động ổn định và mượt mà. Bên trong thiết bị sẽ chạy trên con chip <strong>MediaTek Helio G96CPU</strong> cùng bộ nhớ RAM lên đến 8GB.</p>
<p><img decoding="async" src="https://cdn2.cellphones.com.vn/x,webp,q100/media/wysiwyg/Phone/Xiaomi/Redmi/NOte/xiaomi-redmi-note-11s-8.jpg" alt="Điện thoại Xiaomi Redmi Note 11S" /></p>
<h2><strong>So sánh điện thoại Xiaomi Redmi Note 11S với Xiaomi Redmi Note 10S</strong></h2>
<p>Điện thoại Xiaomi Redmi Note 11S là phiên bản kế nhiệm của Redmi Note 10S. Vậy cụ thể chiếc smartphone đời mới này có điểm gì giống và khác so với người tiền nhiệm.</p>
<table class="table table-bordered">
<tbody>
<tr class="success">
<td><strong>Thông số</strong></td>
<td><strong>Xiaomi Redmi Note 11S</strong></td>
<td><strong>Xiaomi Redmi Note 10S</strong></td>
</tr>
<tr>
<td>Màu sắc</td>
<td>Trắng, Xanh, Xám</td>
<td>Tím, Xám, Trắng, Xanh</td>
</tr>
<tr>
<td>Màn hình</td>
<td>AMOLED 6.43 inch</p>
<p>Tần số quét 90Hz</td>
<td>AMOLED 6.43 inch</p>
<p>Tần số quét 90Hz</td>
</tr>
<tr>
<td>Trọng lượng</td>
<td>179g</td>
<td>178.8g</td>
</tr>
<tr>
<td>CPU</td>
<td>MediaTek Helio G96</td>
<td>MediaTek Helio G95</td>
</tr>
<tr>
<td>GPU</td>
<td>ARM Mali-G57 MC2</td>
<td>ARM Mali-G76 MC4</td>
</tr>
<tr>
<td>RAM &#8211; ROM</td>
<td>6GB+64GB</p>
<p>6GB+128GB</p>
<p>8GB+128GB</td>
<td>6GB+64GB</p>
<p>6GB+128GB</p>
<p>8GB+128GB</td>
</tr>
<tr>
<td>Camera trước</td>
<td>16MP, f/2.4</td>
<td>13 MP, f/2.5</td>
</tr>
<tr>
<td>Camera sau</td>
<td>Camera góc rộng: 108MP, f/1.9</p>
<p>Camera góc siêu rộng: 8MP f/2.2FOV 118°</p>
<p>Camera macro: 2MP, f/2.4</p>
<p>Camera chân dung: 2MP, f/2.4</td>
<td>Camera góc rộng: 64 MP, f/1.8</p>
<p>Camera góc siêu rộng: 8 MP, f/2.2</p>
<p>Camera macro: 2 MP, f/2.4</p>
<p>Camera xóa phông: 2 MP, f/2.4</td>
</tr>
<tr>
<td>Dung lượng pin</td>
<td>5000mAh</p>
<p>Sạc nhanh 33W</td>
<td>5000mAh</p>
<p>Sạc nhanh 33W</td>
</tr>
</tbody>
</table>
<h2><strong>Điện thoại Xiaomi Redmi Note 11S &#8211; Cấu hình toàn diện trong phân khúc</strong></h2>
<p>Thương hiệu Xiaomi luôn tạo ấn tượng với người dùng công nghệ với những mẫu smartphone đầy chất lượng so với mức giá. Mới đây, hãng vừa trình làng sản phẩm mới đó là <strong>Redmi Note 11S</strong> &#8211; hứa hẹn sẽ là mẫu smartphone nổi trội trong phân khúc tầm trung.</p>
<p>Tham khảo ngay <a href="https://cellphones.com.vn/xiaomi-redmi-note-11-pro-plus.html">Điện thoại Redmi Note 11 Pro Plus</a> với mức giá hấp dẫn, ưu đãi khủng được bán độc quyền tại hệ thống CellphoneS.</p>
<h3><strong>Mỏng nhẹ thời trang, màn hình 90 Hz cuốn hút</strong></h3>
<p>Tiếp nối thành công từ Note 10S trước đó, Xiaomi Redmi Note 11S được thiết kế mỏng nhẹ, linh hoạt và gọn tay cầm. Phần viền máy được dát phẳng cùng với mặt lưng trơn tối giản góp phần làm nên vẻ tinh tế cho Redmi Note 11S. Nhiều tùy chọn màu sắc khác nhau cũng giúp tạo nét thời trang cuốn hút cho tổng thể máy.</p>
<p><img decoding="async" src="https://cdn2.cellphones.com.vn/x,webp,q100/media/wysiwyg/Phone/Xiaomi/Redmi/NOte/xiaomi-redmi-note-11s-3.jpg" alt="Mỏng nhẹ thời trang, màn hình 90 Hz cuốn hút" /></p>
<p>Xiaomi Redmi Note 11S trang bị màn hình đáp ứng trọn vẹn giải trí như gaming hoặc xem phim thỏa thích. Màn hình Redmi Note 11S sử dụng tấm nền AMOLED và hỗ trợ tần số quét chuẩn lên đến 90 Hz cho ảnh mượt và chân thực. Đặc biệt, Xiaomi cũng trang bị chế độ đọc 3.0 giúp giảm mỏi mắt khi sử dụng liên tục.</p>
<p><img decoding="async" src="https://cdn2.cellphones.com.vn/x,webp,q100/media/wysiwyg/Phone/Xiaomi/Redmi/NOte/xiaomi-redmi-note-11s-6.jpg" alt="Màn hình Redmi Note 11S sử dụng tấm nền AMOLED" /></p>
<h3><strong>Camera chụp ảnh 108 MP chụp ảnh cao cấp</strong></h3>
<p>Được nâng cấp lớn so với model trước, Xiaomi Redmi Note 11S trang bị hệ thống camera bốn ống kính với camera chính đạt độ phân giải tận 108 MP cho ảnh chụp phong cảnh tuyệt nét. Ba camera còn lại giúp Redmi Note 11S thực hiện các tính năng chụp cao cấp như góc siêu rộng, chụp macro, và chụp xóa phông chiều sâu. Hệ thống camera này còn cho phép bạn quay video độ phân giải đến 4K hoặc tốc độ khung hình đến 960 fps.</p>
<p><img decoding="async" src="https://cdn2.cellphones.com.vn/x,webp,q100/media/wysiwyg/Phone/Xiaomi/Redmi/NOte/xiaomi-redmi-note-11s-7.jpg" alt="Camera chụp ảnh 108 MP chụp ảnh cao cấp" /></p>
<p>Điện thoại Xiaomi Redmi Note 11S cũng được trang bị camera selfie 16 MP nằm trong thiết kế nốt ruồi. Camera selfie này còn được hỗ trợ tính năng làm đẹp tự động, giúp mang lại những bức ảnh bắt mắt và ảo diệu cho người dùng Redmi Note 11S.</p>
<h3><strong>Cấu hình phù hợp cho giải trí</strong></h3>
<p><strong>Xiaomi Redmi Note 11S</strong> trang bị bộ CPU MediaTek được thiết kế tập trung vào khả năng tối ưu hiệu năng gaming, giúp bạn chiến game thỏa thích ở thiết lập đồ họa cao. Xiaomi Redmi Note 11S còn được trang bị hệ thống loa ngoài kép giúp tái tạo âm thanh lớn ở diện rộng, đưa bạn bước vào thế giới game sôi động. Chiếc máy cũng trang bị cổng 3.5mm cho các loại tai nghe có dây truyền thống.</p>
<p><img decoding="async" src="https://cdn2.cellphones.com.vn/x,webp,q100/media/wysiwyg/Phone/Xiaomi/Redmi/NOte/xiaomi-redmi-note-11s-5.jpg" alt="Cấu hình phù hợp cho giải trí" /></p>
<p>Điện thoại Xiaomi Redmi Note 11S được trang bị bộ nớ RAM 5GB cùng với bộ nhớ trong dung lượng 64GB. Máy sẽ vận hành sẵn giao diện riêng của Xiaomi &#8211; MIUI 13 trên nền Android 11. Phương thức bảo mật chính của máy là bảo mật vân tay, với vùng cảm biến hiện diện ở phím cạnh của thân máy.</p><p>The post <a href="http://https://github.com/lekhanhluan/lekhanhluan.github.io.git/san-pham/xiaomi-redmi-note-11s-sao-chep/">Xiaomi Redmi Note 11S</a> first appeared on <a href="http://https://github.com/lekhanhluan/lekhanhluan.github.io.git">Luan FastFood</a>.</p>]]></content:encoded>
					
					<wfw:commentRss>http://https://github.com/lekhanhluan/lekhanhluan.github.io.git/san-pham/xiaomi-redmi-note-11s-sao-chep/feed/</wfw:commentRss>
			<slash:comments>0</slash:comments>
		
		
			</item>
		<item>
		<title>Samsung Galaxy S22 (8GB &#8211; 256GB)</title>
		<link>http://https://github.com/lekhanhluan/lekhanhluan.github.io.git/san-pham/samsung-galaxy-s22-8gb-256gb-sao-chep/?utm_source=rss#038;utm_medium=rss&#038;utm_campaign=samsung-galaxy-s22-8gb-256gb-sao-chep</link>
					<comments>http://https://github.com/lekhanhluan/lekhanhluan.github.io.git/san-pham/samsung-galaxy-s22-8gb-256gb-sao-chep/#respond</comments>
		
		<dc:creator><![CDATA[lekhanhluan]]></dc:creator>
		<pubDate>Thu, 25 May 2023 08:51:30 +0000</pubDate>
				<guid isPermaLink="false">http://https://github.com/lekhanhluan/lekhanhluan.github.io.git/?post_type=product#038;p=699</guid>

					<description><![CDATA[<hr />
<div class="block-content-product">
<div class="block-content-product-left">
<div class="cps-block-content">
<div class="ksp-content p-2 mb-2">
<h2 class="ksp-title has-text-centered" style="text-align: center;">ĐẶC ĐIỂM NỔI BẬT</h2>
<div>
<ul>
<li>Camera mắt thần bóng đêm Nightography - Ghi lại khoảnh khắc đêm diệu kì</li>
<li>Mãn nhãn từng khoảnh khắc - Màn hình 6.1", Dynamic AMOLED 2X, 120Hz</li>
<li>Bứt phá hiệu năng - Snapdragon 8 Gen 1 (4 nm)</li>
<li>Thỏa sức trải nghiệm chỉ với một lần sạc - Viên pin 3700 mAh, sạc nhanh 25W, sạc không dây</li>
</ul>
</div>
</div>
</div>
</div>
</div>
<p>The post <a href="http://https://github.com/lekhanhluan/lekhanhluan.github.io.git/san-pham/samsung-galaxy-s22-8gb-256gb-sao-chep/">Samsung Galaxy S22 (8GB – 256GB)</a> first appeared on <a href="http://https://github.com/lekhanhluan/lekhanhluan.github.io.git">Luan FastFood</a>.</p>]]></description>
										<content:encoded><![CDATA[<p>Đúng như các thông tin được đồn đoán trước đó, mẫu flagship mới của gả khổng lồ Hàn Quốc được ra mắt với tên gọi là Samsung Galaxy S22 Ultra với nhiều cải tiến đáng giá. Mẫu điện thoại cao cấp đến từ Samsung này có nhiều thay đổi từ thiết kế, cấu hình cho đến camera. Vậy siêu phẩm này có gì mới, giá bao nhiêu và có nên mua không? Hãy cùng tìm hiểu chi tiết ngay bên dưới nhé!</p>
<p>Dự kiến vào tháng 2 năm 2023, Samsung sẽ cho ra mắt siêu phẩm <a title="Samsung S23 Ultra" href="https://cellphones.com.vn/samsung-galaxy-s23-ultra.html" target="_blank" rel="noopener"><strong>S23 Ultra</strong></a> mà có thể quý khách sẽ quan tâm! Click vào link để tìm hiểu thêm!</p>
<h2><strong>Samsung S22 được nâng cấp gì so với S21 Ultra</strong></h2>
<p>Trước khi chính thức ra mắt cộng đồng những chiếc điện thoại Samsung S22 Series đã có thời gian được thai nghén khá dài để đảm bảo có những tính năng thực sự vượt trội so với phiên bản tiền nhiệm. Để có thể hình dung rõ ràng ta xét đến 2 mẫu <a href="https://cellphones.com.vn/samsung-galaxy-s22-ultra.html" target="_blank" rel="noopener"><strong>Samsung S22 Ultra</strong></a> và S21 Ulta xem dòng flagship mới nhà Samsung có những nâng cấp nổi trội nào nhé!</p>
<p><img decoding="async" class="alignnone size-full wp-image-679" src="http://https://github.com/lekhanhluan/lekhanhluan.github.io.git/wp-content/uploads/2019/01/samsung-galaxy-s22-ultra-4.webp" alt="" width="800" height="450" /></p>
<p>Những nâng cấp lớn về hiệu năng, dung lượng pin, và trên hết là camera sau chính là những điểm khiến nó trở thành siêu phẩm trong phân khúc cao cấp. Dưới đây là những thông tin cần biết về dòng điện thoại vừa ra mắt của Samsung. Dưới đây là thông số cấu hình của Samsung S22 Ultra vừa được gã khổng lồ Hàn Quốc giới thiệu.</p>
<h3><strong>Thiết kế nguyên khối &#8211; kính sang trọng với độ bền tối ưu</strong></h3>
<p>Samsung Galaxy S22 Ultra đi theo ngôn ngữ thiết kế nguyên khối &#8211; kính cao cấp và sang trọng, vốn đã làm nên sự thành công của model tiền nhiệm. Chiếc máy có thiết kế mặt lưng đơn sắc tối giản nhưng không kém phần tinh tế, và màn hình tràn viền bao phủ gần như trọn mặt trước, tạo nên trải nghiệm quan sát rộng rãi trên một thiết bị di động nhỏ gọn vừa tay cầm.</p>
<p>Độ bền của máy được đảm bảo tối ưu không chỉ qua lớp vỏ nhôm nguyên khối Amor đánh bóng, mà còn qua kính cường lực Corning Gorilla Glass Victus+ bao phủ hai mặt trước và sau. Khung nhôm và kính hoạt động như bộ giáp bảo vệ điện thoại an toàn. Chiếc máy còn có khả năng chống bụi / nước đạt chuẩn IP68 giúp người dùng luôn an tâm khi dùng máy trong những điều kiện môi trường khác nhau.</p>
<p><img decoding="async" class="alignnone size-full wp-image-680" src="http://https://github.com/lekhanhluan/lekhanhluan.github.io.git/wp-content/uploads/2019/01/samsung-galaxy-s22-ultra-9.webp" alt="" width="810" height="456" /></p><p>The post <a href="http://https://github.com/lekhanhluan/lekhanhluan.github.io.git/san-pham/samsung-galaxy-s22-8gb-256gb-sao-chep/">Samsung Galaxy S22 (8GB – 256GB)</a> first appeared on <a href="http://https://github.com/lekhanhluan/lekhanhluan.github.io.git">Luan FastFood</a>.</p>]]></content:encoded>
					
					<wfw:commentRss>http://https://github.com/lekhanhluan/lekhanhluan.github.io.git/san-pham/samsung-galaxy-s22-8gb-256gb-sao-chep/feed/</wfw:commentRss>
			<slash:comments>0</slash:comments>
		
		
			</item>
		<item>
		<title>Samsung Galaxy Z Flip4 128GB</title>
		<link>http://https://github.com/lekhanhluan/lekhanhluan.github.io.git/san-pham/samsung-galaxy-z-flip4-128gb-sao-chep/?utm_source=rss#038;utm_medium=rss&#038;utm_campaign=samsung-galaxy-z-flip4-128gb-sao-chep</link>
					<comments>http://https://github.com/lekhanhluan/lekhanhluan.github.io.git/san-pham/samsung-galaxy-z-flip4-128gb-sao-chep/#respond</comments>
		
		<dc:creator><![CDATA[lekhanhluan]]></dc:creator>
		<pubDate>Thu, 25 May 2023 08:51:23 +0000</pubDate>
				<guid isPermaLink="false">http://https://github.com/lekhanhluan/lekhanhluan.github.io.git/?post_type=product#038;p=698</guid>

					<description><![CDATA[<h2 class="ksp-title has-text-centered" style="text-align: center;">ĐẶC ĐIỂM NỔI BẬT</h2>
<div>
<ul>
<li>Ngoại hình thời trang - cầm nắm cực sang với thiết kế gập vỏ sò độc đáo</li>
<li>Công nghệ màn hình hàng đầu đến từ Samsung - 6.7 inch, tấm nền Dynamic AMOLED 2X</li>
<li>Trang bị camera chất lượng - Bộ đôi camera có cùng độ phân giải 12 MP, chống rung, chụp đêm</li>
<li>Hiệu năng mạnh mẽ đến từ dòng chip cao cấp của Qualcomm - Snapdragon 8+ Gen 1</li>
</ul>
</div>
<p>The post <a href="http://https://github.com/lekhanhluan/lekhanhluan.github.io.git/san-pham/samsung-galaxy-z-flip4-128gb-sao-chep/">Samsung Galaxy Z Flip4 128GB</a> first appeared on <a href="http://https://github.com/lekhanhluan/lekhanhluan.github.io.git">Luan FastFood</a>.</p>]]></description>
										<content:encoded><![CDATA[<p>Tiếp tục là một mẫu smartphone màn hình gập độc đáo, đầy lôi cuốn và mới mẻ từ hãng công nghệ Hàn Quốc, dự kiến sẽ có tên là <strong>Samsung Galaxy Z Flip 4</strong> với nhiều nâng cấp. Đây hứa hẹn sẽ là một siêu phẩm bùng nổ trong thời gian tới và thu hút được sự quan tâm của đông đảo người dùng với nhiều cải tiến từ ngoại hình, camera, bộ vi xử lý và viên pin được nâng cấp.</p>
<h2><strong>So sánh điện thoại Samsung Z Flip4 với Samsung Galaxy Z Flip3</strong></h2>
<table class="table table-bordered">
<tbody>
<tr>
<td></td>
<td><strong>Samsung Galaxy Z Flip4 5G</strong></td>
<td><strong>Samsung Galaxy Z Flip3 5G</strong></td>
</tr>
<tr>
<td><strong>Giá niêm yết</strong></td>
<td>23.990.000</td>
<td>24.990.000</td>
</tr>
<tr>
<td><strong>Kích thước màn hình</strong></td>
<td>Màn hình chính: 6.7 inch</p>
<p>Màn hình phụ: 1.9 inch</td>
<td>Màn hình chính: 6.7 inch</p>
<p>Màn hình phụ: 1.9 inch</td>
</tr>
<tr>
<td><strong>Tần số quét</strong></td>
<td>120Hz</td>
<td>120Hz</td>
</tr>
<tr>
<td><strong>Trọng lượng</strong></td>
<td>187 g</td>
<td>183g</td>
</tr>
<tr>
<td><strong>Công nghệ màn hình</strong></td>
<td> Foldable Dynamic AMOLED 2X</td>
<td> Super AMOLED</td>
</tr>
<tr>
<td><strong>Camera sau</strong></td>
<td>Camera góc siêu rộng: 12MP</p>
<p>Camera góc rộng: 12MP</td>
<td>Camera góc siêu rộng: 12MP, f/2.2</p>
<p>Camera góc rộng: 12MP, f/1.8</td>
</tr>
<tr>
<td><strong>Camera trước</strong></td>
<td>Camera Selfie 10MP</td>
<td>Góc rộng 10MP, f/2.4</td>
</tr>
<tr>
<td><strong>Dung lượng RAM</strong></td>
<td>8GB</td>
<td>8GB</td>
</tr>
<tr>
<td><strong>Bộ nhớ trong</strong></td>
<td>128GB/256GB/512GB</td>
<td>128GB/ 256GB</td>
</tr>
<tr>
<td><strong>Thẻ SIM</strong></td>
<td>1 Nano SIM &amp; 1 eSIM</td>
<td>2 SIM (nano‑SIM và eSIM)</td>
</tr>
<tr>
<td><strong>Chỉ số kháng nước</strong></td>
<td>IPX8</td>
<td>IPX8</td>
</tr>
<tr>
<td><strong>Cảm biến vân tay</strong></td>
<td>Cảm biến vân tay cạnh bên</td>
<td>Cảm biến vân tay cạnh bên</td>
</tr>
<tr>
<td><strong>Sạc nhanh</strong></td>
<td>3700mAh</p>
<p>Sạc nhanh 25W</p>
<p>Sạc không dây 10W</p>
<p>Sạc ngược không dây</td>
<td>3300 mAh</p>
<p>Sạc nhanh 15W</p>
<p>Sạc không dây 10W</td>
</tr>
<tr>
<td><strong>CPU</strong></td>
<td>Snapdragon 8+ Gen 1</td>
<td>Snapdragon 888 8 (5nm)</td>
</tr>
<tr>
<td><strong>GPU</strong></td>
<td>Adreno 670</td>
<td>Adreno 660l</td>
</tr>
<tr>
<td><strong>Hệ điều hành</strong></td>
<td>Android 12</td>
<td>Android 11</td>
</tr>
<tr>
<td><strong>Màu sắc</strong></td>
<td>Tím Bora</p>
<p>Xám Graphite</p>
<p>Hồng Champagne</p>
<p>Xanh Lovebird</td>
<td>Đen Phantom</p>
<p>Kem Ivory</p>
<p>Xanh Phantom</p>
<p>Tím Lilac</td>
</tr>
</tbody>
</table>
<p>Khi điện thoại Samsung Z Flip4 chính thức ra mắt, người dùng Samsung Z Flip3 sẽ phân vân có nên nâng cấp lên mẫu điện thoại mới này hay không. Vậy cùng tìm hiểu Samsung Z Flip4 với Flip 3 có gì khác biệt.</p>
<h2><strong>Đánh giá điện thoại Samsung Flip 4 chi tiết</strong></h2>
<p>Là mẫu điện thoại cao cấp được ra mắt hàng năm của Samsung, do đó Samsung ZFlip 4 được rất nhiều người quan tâm. Vậy sản phẩm được thiết kế ra sao, tính năng có gì nổi bật? Cùng tìm hiểu chi tiết ngay dưới đây.</p>
<h3><strong>Thiết kế đột phá đầy lôi cuốn</strong></h3>
<p><strong>Samsung Galaxy Z Flip 4</strong> sở hữu thiết kế nhìn chung không có nhiều khác biệt so với thế hệ trước đó. Điện thoại vẫn sở hữu một thiết kế bao gồm hai tone màu với màn hình gập. Tuy nhiên các chi tiết sẽ được chăm chút hơn rất nhiều so với người đàn anh Z Flip 3.</p>
<p><strong>Điện thoại Samsung ZFlip 4</strong> tiếp tục là một mẫu mã sang chảnh, thời thượng của Samsung được lấy cảm hứng từ hộp trang điểm cầm tay của các chị em hay chiếc vỏ sò. Với công nghệ gập đột phá, Samsung đã tạo ra một chiếc smartphone mang đậm dấu ấn Samsung trên thị trường. Đóng lại là phụ kiện công nghệ với kích thước 4.2-inch, vừa vặn mọi ngăn túi. Mở ra là một chiếc smartphone gập phá vỡ mọi giới hạn từ trước đến nay.</p>
<p><img decoding="async" src="https://cdn2.cellphones.com.vn/x,webp,q100/media/wysiwyg/mobile/samsung/samsung-galaxy-z-flip-4-14.jpg" alt="Thiết kế đột phá đầy lôi cuốn" /></p>
<p>Khung nhôm của máy được bo tròn tinh tế với những đường nét mềm mại. Trông rất cao cấp. Chạm vào thì vô cùng thoải mái. Hơn nữa, lớp phủ nhám nhẹ trên bề mặt kính máy sẽ hạn chế tối đa dấu vân tay hoặc vết bẩn để máy luôn mới và sạch.</p>
<p><strong>Galaxy Z Flip 4</strong> tiếp tục được trang bị kính siêu mỏng Ultra Thin Glass (UTG). Công nghệ màn hình này mang cho bạn trải nghiệm linh hoạt không tưởng. Bền hơn 80% so với phiên bản Z Flip trước đó. Và có gập mở đến 200.000 lần mà không gặp trục trặc gì. Phần bản lề này không chỉ bền bỉ hơn mà cũng nhỏ và nhẹ hơn.</p>
<p>Nếu nếp gấp giữa màn hình từng là một điểm yếu trên Samsung Galaxy Z Flip 3 thì điều này đã hoàn toàn được cải thiện trên thế mới kế nhiệm này. Khi mở ra, màn hình <strong>Z Flip 4</strong> vẫn tồn tại những nếp gấp tuy nhiên nếp gấp này mờ hơn đáng kể, rất khó để nhìn thấy và hoàn toàn không ảnh hưởng đến các trải nghiệm của người dùng.</p>
<p><img decoding="async" src="https://cdn2.cellphones.com.vn/x,webp,q100/media/wysiwyg/mobile/samsung/samsung-galaxy-z-flip-4-13.jpg" alt="Đánh giá Samsung Galaxy Z Flip 4" /></p>
<p>Thiết kế màn hình gập độc đáo này còn hỗ trợ người dùng trò chuyện rảnh tay vô cùng tiện lợi. Khi gập góc 90 độ, điện thoại có thể tự đứng mà không cần người dùng luôn cầm trên tay hay sử dụng phụ kiện hỗ trợ.</p>
<p>Samsung Galaxy Z Flip 4 này giúp bạn thỏa sức sáng tạo mà không lo hư hỏng do ướt bởi khả năng kháng nước đạt chuẩn IPX8. Giúp điện thoại chịu đựng được ở độ sâu 1.5m trong môi trường nước (tối đa 30 phút).</p><p>The post <a href="http://https://github.com/lekhanhluan/lekhanhluan.github.io.git/san-pham/samsung-galaxy-z-flip4-128gb-sao-chep/">Samsung Galaxy Z Flip4 128GB</a> first appeared on <a href="http://https://github.com/lekhanhluan/lekhanhluan.github.io.git">Luan FastFood</a>.</p>]]></content:encoded>
					
					<wfw:commentRss>http://https://github.com/lekhanhluan/lekhanhluan.github.io.git/san-pham/samsung-galaxy-z-flip4-128gb-sao-chep/feed/</wfw:commentRss>
			<slash:comments>0</slash:comments>
		
		
			</item>
		<item>
		<title>Samsung Galaxy S22 (8GB &#8211; 256GB)</title>
		<link>http://https://github.com/lekhanhluan/lekhanhluan.github.io.git/san-pham/t-shirt-with-logo/?utm_source=rss#038;utm_medium=rss&#038;utm_campaign=t-shirt-with-logo</link>
					<comments>http://https://github.com/lekhanhluan/lekhanhluan.github.io.git/san-pham/t-shirt-with-logo/#respond</comments>
		
		<dc:creator><![CDATA[lekhanhluan]]></dc:creator>
		<pubDate>Wed, 16 Jan 2019 13:01:55 +0000</pubDate>
				<guid isPermaLink="false">https://woocommercecore.mystagingwebsite.com/product/t-shirt-with-logo/</guid>

					<description><![CDATA[<hr />
<div class="block-content-product">
<div class="block-content-product-left">
<div class="cps-block-content">
<div class="ksp-content p-2 mb-2">
<h2 class="ksp-title has-text-centered" style="text-align: center;">ĐẶC ĐIỂM NỔI BẬT</h2>
<div>
<ul>
<li>Camera mắt thần bóng đêm Nightography - Ghi lại khoảnh khắc đêm diệu kì</li>
<li>Mãn nhãn từng khoảnh khắc - Màn hình 6.1", Dynamic AMOLED 2X, 120Hz</li>
<li>Bứt phá hiệu năng - Snapdragon 8 Gen 1 (4 nm)</li>
<li>Thỏa sức trải nghiệm chỉ với một lần sạc - Viên pin 3700 mAh, sạc nhanh 25W, sạc không dây</li>
</ul>
</div>
</div>
</div>
</div>
</div>
<p>The post <a href="http://https://github.com/lekhanhluan/lekhanhluan.github.io.git/san-pham/t-shirt-with-logo/">Samsung Galaxy S22 (8GB – 256GB)</a> first appeared on <a href="http://https://github.com/lekhanhluan/lekhanhluan.github.io.git">Luan FastFood</a>.</p>]]></description>
										<content:encoded><![CDATA[<p>Đúng như các thông tin được đồn đoán trước đó, mẫu flagship mới của gả khổng lồ Hàn Quốc được ra mắt với tên gọi là Samsung Galaxy S22 Ultra với nhiều cải tiến đáng giá. Mẫu điện thoại cao cấp đến từ Samsung này có nhiều thay đổi từ thiết kế, cấu hình cho đến camera. Vậy siêu phẩm này có gì mới, giá bao nhiêu và có nên mua không? Hãy cùng tìm hiểu chi tiết ngay bên dưới nhé!</p>
<p>Dự kiến vào tháng 2 năm 2023, Samsung sẽ cho ra mắt siêu phẩm <a title="Samsung S23 Ultra" href="https://cellphones.com.vn/samsung-galaxy-s23-ultra.html" target="_blank" rel="noopener"><strong>S23 Ultra</strong></a> mà có thể quý khách sẽ quan tâm! Click vào link để tìm hiểu thêm!</p>
<h2><strong>Samsung S22 được nâng cấp gì so với S21 Ultra</strong></h2>
<p>Trước khi chính thức ra mắt cộng đồng những chiếc điện thoại Samsung S22 Series đã có thời gian được thai nghén khá dài để đảm bảo có những tính năng thực sự vượt trội so với phiên bản tiền nhiệm. Để có thể hình dung rõ ràng ta xét đến 2 mẫu <a href="https://cellphones.com.vn/samsung-galaxy-s22-ultra.html" target="_blank" rel="noopener"><strong>Samsung S22 Ultra</strong></a> và S21 Ulta xem dòng flagship mới nhà Samsung có những nâng cấp nổi trội nào nhé!</p>
<p><img decoding="async" class="alignnone size-full wp-image-679" src="http://https://github.com/lekhanhluan/lekhanhluan.github.io.git/wp-content/uploads/2019/01/samsung-galaxy-s22-ultra-4.webp" alt="" width="800" height="450" /></p>
<p>Những nâng cấp lớn về hiệu năng, dung lượng pin, và trên hết là camera sau chính là những điểm khiến nó trở thành siêu phẩm trong phân khúc cao cấp. Dưới đây là những thông tin cần biết về dòng điện thoại vừa ra mắt của Samsung. Dưới đây là thông số cấu hình của Samsung S22 Ultra vừa được gã khổng lồ Hàn Quốc giới thiệu.</p>
<h3><strong>Thiết kế nguyên khối &#8211; kính sang trọng với độ bền tối ưu</strong></h3>
<p>Samsung Galaxy S22 Ultra đi theo ngôn ngữ thiết kế nguyên khối &#8211; kính cao cấp và sang trọng, vốn đã làm nên sự thành công của model tiền nhiệm. Chiếc máy có thiết kế mặt lưng đơn sắc tối giản nhưng không kém phần tinh tế, và màn hình tràn viền bao phủ gần như trọn mặt trước, tạo nên trải nghiệm quan sát rộng rãi trên một thiết bị di động nhỏ gọn vừa tay cầm.</p>
<p>Độ bền của máy được đảm bảo tối ưu không chỉ qua lớp vỏ nhôm nguyên khối Amor đánh bóng, mà còn qua kính cường lực Corning Gorilla Glass Victus+ bao phủ hai mặt trước và sau. Khung nhôm và kính hoạt động như bộ giáp bảo vệ điện thoại an toàn. Chiếc máy còn có khả năng chống bụi / nước đạt chuẩn IP68 giúp người dùng luôn an tâm khi dùng máy trong những điều kiện môi trường khác nhau.</p>
<p><img decoding="async" class="alignnone size-full wp-image-680" src="http://https://github.com/lekhanhluan/lekhanhluan.github.io.git/wp-content/uploads/2019/01/samsung-galaxy-s22-ultra-9.webp" alt="" width="810" height="456" /></p><p>The post <a href="http://https://github.com/lekhanhluan/lekhanhluan.github.io.git/san-pham/t-shirt-with-logo/">Samsung Galaxy S22 (8GB – 256GB)</a> first appeared on <a href="http://https://github.com/lekhanhluan/lekhanhluan.github.io.git">Luan FastFood</a>.</p>]]></content:encoded>
					
					<wfw:commentRss>http://https://github.com/lekhanhluan/lekhanhluan.github.io.git/san-pham/t-shirt-with-logo/feed/</wfw:commentRss>
			<slash:comments>0</slash:comments>
		
		
			</item>
		<item>
		<title>Samsung Galaxy Z Flip4 128GB</title>
		<link>http://https://github.com/lekhanhluan/lekhanhluan.github.io.git/san-pham/album/?utm_source=rss#038;utm_medium=rss&#038;utm_campaign=album</link>
					<comments>http://https://github.com/lekhanhluan/lekhanhluan.github.io.git/san-pham/album/#respond</comments>
		
		<dc:creator><![CDATA[lekhanhluan]]></dc:creator>
		<pubDate>Wed, 16 Jan 2019 13:01:54 +0000</pubDate>
				<guid isPermaLink="false">https://woocommercecore.mystagingwebsite.com/product/album/</guid>

					<description><![CDATA[<h2 class="ksp-title has-text-centered" style="text-align: center;">ĐẶC ĐIỂM NỔI BẬT</h2>
<div>
<ul>
<li>Ngoại hình thời trang - cầm nắm cực sang với thiết kế gập vỏ sò độc đáo</li>
<li>Công nghệ màn hình hàng đầu đến từ Samsung - 6.7 inch, tấm nền Dynamic AMOLED 2X</li>
<li>Trang bị camera chất lượng - Bộ đôi camera có cùng độ phân giải 12 MP, chống rung, chụp đêm</li>
<li>Hiệu năng mạnh mẽ đến từ dòng chip cao cấp của Qualcomm - Snapdragon 8+ Gen 1</li>
</ul>
</div>
<p>The post <a href="http://https://github.com/lekhanhluan/lekhanhluan.github.io.git/san-pham/album/">Samsung Galaxy Z Flip4 128GB</a> first appeared on <a href="http://https://github.com/lekhanhluan/lekhanhluan.github.io.git">Luan FastFood</a>.</p>]]></description>
										<content:encoded><![CDATA[<p>Tiếp tục là một mẫu smartphone màn hình gập độc đáo, đầy lôi cuốn và mới mẻ từ hãng công nghệ Hàn Quốc, dự kiến sẽ có tên là <strong>Samsung Galaxy Z Flip 4</strong> với nhiều nâng cấp. Đây hứa hẹn sẽ là một siêu phẩm bùng nổ trong thời gian tới và thu hút được sự quan tâm của đông đảo người dùng với nhiều cải tiến từ ngoại hình, camera, bộ vi xử lý và viên pin được nâng cấp.</p>
<h2><strong>So sánh điện thoại Samsung Z Flip4 với Samsung Galaxy Z Flip3</strong></h2>
<table class="table table-bordered">
<tbody>
<tr>
<td></td>
<td><strong>Samsung Galaxy Z Flip4 5G</strong></td>
<td><strong>Samsung Galaxy Z Flip3 5G</strong></td>
</tr>
<tr>
<td><strong>Giá niêm yết</strong></td>
<td>23.990.000</td>
<td>24.990.000</td>
</tr>
<tr>
<td><strong>Kích thước màn hình</strong></td>
<td>Màn hình chính: 6.7 inch</p>
<p>Màn hình phụ: 1.9 inch</td>
<td>Màn hình chính: 6.7 inch</p>
<p>Màn hình phụ: 1.9 inch</td>
</tr>
<tr>
<td><strong>Tần số quét</strong></td>
<td>120Hz</td>
<td>120Hz</td>
</tr>
<tr>
<td><strong>Trọng lượng</strong></td>
<td>187 g</td>
<td>183g</td>
</tr>
<tr>
<td><strong>Công nghệ màn hình</strong></td>
<td> Foldable Dynamic AMOLED 2X</td>
<td> Super AMOLED</td>
</tr>
<tr>
<td><strong>Camera sau</strong></td>
<td>Camera góc siêu rộng: 12MP</p>
<p>Camera góc rộng: 12MP</td>
<td>Camera góc siêu rộng: 12MP, f/2.2</p>
<p>Camera góc rộng: 12MP, f/1.8</td>
</tr>
<tr>
<td><strong>Camera trước</strong></td>
<td>Camera Selfie 10MP</td>
<td>Góc rộng 10MP, f/2.4</td>
</tr>
<tr>
<td><strong>Dung lượng RAM</strong></td>
<td>8GB</td>
<td>8GB</td>
</tr>
<tr>
<td><strong>Bộ nhớ trong</strong></td>
<td>128GB/256GB/512GB</td>
<td>128GB/ 256GB</td>
</tr>
<tr>
<td><strong>Thẻ SIM</strong></td>
<td>1 Nano SIM &amp; 1 eSIM</td>
<td>2 SIM (nano‑SIM và eSIM)</td>
</tr>
<tr>
<td><strong>Chỉ số kháng nước</strong></td>
<td>IPX8</td>
<td>IPX8</td>
</tr>
<tr>
<td><strong>Cảm biến vân tay</strong></td>
<td>Cảm biến vân tay cạnh bên</td>
<td>Cảm biến vân tay cạnh bên</td>
</tr>
<tr>
<td><strong>Sạc nhanh</strong></td>
<td>3700mAh</p>
<p>Sạc nhanh 25W</p>
<p>Sạc không dây 10W</p>
<p>Sạc ngược không dây</td>
<td>3300 mAh</p>
<p>Sạc nhanh 15W</p>
<p>Sạc không dây 10W</td>
</tr>
<tr>
<td><strong>CPU</strong></td>
<td>Snapdragon 8+ Gen 1</td>
<td>Snapdragon 888 8 (5nm)</td>
</tr>
<tr>
<td><strong>GPU</strong></td>
<td>Adreno 670</td>
<td>Adreno 660l</td>
</tr>
<tr>
<td><strong>Hệ điều hành</strong></td>
<td>Android 12</td>
<td>Android 11</td>
</tr>
<tr>
<td><strong>Màu sắc</strong></td>
<td>Tím Bora</p>
<p>Xám Graphite</p>
<p>Hồng Champagne</p>
<p>Xanh Lovebird</td>
<td>Đen Phantom</p>
<p>Kem Ivory</p>
<p>Xanh Phantom</p>
<p>Tím Lilac</td>
</tr>
</tbody>
</table>
<p>Khi điện thoại Samsung Z Flip4 chính thức ra mắt, người dùng Samsung Z Flip3 sẽ phân vân có nên nâng cấp lên mẫu điện thoại mới này hay không. Vậy cùng tìm hiểu Samsung Z Flip4 với Flip 3 có gì khác biệt.</p>
<h2><strong>Đánh giá điện thoại Samsung Flip 4 chi tiết</strong></h2>
<p>Là mẫu điện thoại cao cấp được ra mắt hàng năm của Samsung, do đó Samsung ZFlip 4 được rất nhiều người quan tâm. Vậy sản phẩm được thiết kế ra sao, tính năng có gì nổi bật? Cùng tìm hiểu chi tiết ngay dưới đây.</p>
<h3><strong>Thiết kế đột phá đầy lôi cuốn</strong></h3>
<p><strong>Samsung Galaxy Z Flip 4</strong> sở hữu thiết kế nhìn chung không có nhiều khác biệt so với thế hệ trước đó. Điện thoại vẫn sở hữu một thiết kế bao gồm hai tone màu với màn hình gập. Tuy nhiên các chi tiết sẽ được chăm chút hơn rất nhiều so với người đàn anh Z Flip 3.</p>
<p><strong>Điện thoại Samsung ZFlip 4</strong> tiếp tục là một mẫu mã sang chảnh, thời thượng của Samsung được lấy cảm hứng từ hộp trang điểm cầm tay của các chị em hay chiếc vỏ sò. Với công nghệ gập đột phá, Samsung đã tạo ra một chiếc smartphone mang đậm dấu ấn Samsung trên thị trường. Đóng lại là phụ kiện công nghệ với kích thước 4.2-inch, vừa vặn mọi ngăn túi. Mở ra là một chiếc smartphone gập phá vỡ mọi giới hạn từ trước đến nay.</p>
<p><img decoding="async" src="https://cdn2.cellphones.com.vn/x,webp,q100/media/wysiwyg/mobile/samsung/samsung-galaxy-z-flip-4-14.jpg" alt="Thiết kế đột phá đầy lôi cuốn" /></p>
<p>Khung nhôm của máy được bo tròn tinh tế với những đường nét mềm mại. Trông rất cao cấp. Chạm vào thì vô cùng thoải mái. Hơn nữa, lớp phủ nhám nhẹ trên bề mặt kính máy sẽ hạn chế tối đa dấu vân tay hoặc vết bẩn để máy luôn mới và sạch.</p>
<p><strong>Galaxy Z Flip 4</strong> tiếp tục được trang bị kính siêu mỏng Ultra Thin Glass (UTG). Công nghệ màn hình này mang cho bạn trải nghiệm linh hoạt không tưởng. Bền hơn 80% so với phiên bản Z Flip trước đó. Và có gập mở đến 200.000 lần mà không gặp trục trặc gì. Phần bản lề này không chỉ bền bỉ hơn mà cũng nhỏ và nhẹ hơn.</p>
<p>Nếu nếp gấp giữa màn hình từng là một điểm yếu trên Samsung Galaxy Z Flip 3 thì điều này đã hoàn toàn được cải thiện trên thế mới kế nhiệm này. Khi mở ra, màn hình <strong>Z Flip 4</strong> vẫn tồn tại những nếp gấp tuy nhiên nếp gấp này mờ hơn đáng kể, rất khó để nhìn thấy và hoàn toàn không ảnh hưởng đến các trải nghiệm của người dùng.</p>
<p><img decoding="async" src="https://cdn2.cellphones.com.vn/x,webp,q100/media/wysiwyg/mobile/samsung/samsung-galaxy-z-flip-4-13.jpg" alt="Đánh giá Samsung Galaxy Z Flip 4" /></p>
<p>Thiết kế màn hình gập độc đáo này còn hỗ trợ người dùng trò chuyện rảnh tay vô cùng tiện lợi. Khi gập góc 90 độ, điện thoại có thể tự đứng mà không cần người dùng luôn cầm trên tay hay sử dụng phụ kiện hỗ trợ.</p>
<p>Samsung Galaxy Z Flip 4 này giúp bạn thỏa sức sáng tạo mà không lo hư hỏng do ướt bởi khả năng kháng nước đạt chuẩn IPX8. Giúp điện thoại chịu đựng được ở độ sâu 1.5m trong môi trường nước (tối đa 30 phút).</p><p>The post <a href="http://https://github.com/lekhanhluan/lekhanhluan.github.io.git/san-pham/album/">Samsung Galaxy Z Flip4 128GB</a> first appeared on <a href="http://https://github.com/lekhanhluan/lekhanhluan.github.io.git">Luan FastFood</a>.</p>]]></content:encoded>
					
					<wfw:commentRss>http://https://github.com/lekhanhluan/lekhanhluan.github.io.git/san-pham/album/feed/</wfw:commentRss>
			<slash:comments>0</slash:comments>
		
		
			</item>
		<item>
		<title>Xiaomi Redmi Note 11S</title>
		<link>http://https://github.com/lekhanhluan/lekhanhluan.github.io.git/san-pham/hoodie-with-zipper/?utm_source=rss#038;utm_medium=rss&#038;utm_campaign=hoodie-with-zipper</link>
					<comments>http://https://github.com/lekhanhluan/lekhanhluan.github.io.git/san-pham/hoodie-with-zipper/#respond</comments>
		
		<dc:creator><![CDATA[lekhanhluan]]></dc:creator>
		<pubDate>Wed, 16 Jan 2019 13:01:53 +0000</pubDate>
				<guid isPermaLink="false">https://woocommercecore.mystagingwebsite.com/product/hoodie-with-zipper/</guid>

					<description><![CDATA[<h2 class="ksp-title has-text-centered" style="text-align: center;">ĐẶC ĐIỂM NỔI BẬT</h2>
<div>
<ul>
<li>Thiết kế tinh tế, cuốn hút - Mỏng nhẹ thời trang, nhỏ gọn trong tay</li>
<li>Trọn vẹn từng khung hình - Màn hình 6.43" FHD+ AMOLED DotDisplay, 90Hz</li>
<li>Chụp ảnh chuyên nghiệp - Cụm 4 camera sau 108MP, hỗ trợ đa dạng chế độ chụp</li>
<li>Pin siêu lớn cùng khả năng sạc siêu tốc - Viên pin 5000mAh, sạc nhanh 33W</li>
</ul>
</div>
<p>The post <a href="http://https://github.com/lekhanhluan/lekhanhluan.github.io.git/san-pham/hoodie-with-zipper/">Xiaomi Redmi Note 11S</a> first appeared on <a href="http://https://github.com/lekhanhluan/lekhanhluan.github.io.git">Luan FastFood</a>.</p>]]></description>
										<content:encoded><![CDATA[<p><strong>Xiaomi Redmi Note 11S</strong> sở hữu một thiết kế cuốn hút với các đường nét hoàn thiện tỉ mỉ. Điện thoại sở hữu màn hình kích thước 6.43 inch cùng độ tần số quét 90Hz mang lại các chuyển động ổn định và mượt mà. Bên trong thiết bị sẽ chạy trên con chip <strong>MediaTek Helio G96CPU</strong> cùng bộ nhớ RAM lên đến 8GB.</p>
<p><img decoding="async" src="https://cdn2.cellphones.com.vn/x,webp,q100/media/wysiwyg/Phone/Xiaomi/Redmi/NOte/xiaomi-redmi-note-11s-8.jpg" alt="Điện thoại Xiaomi Redmi Note 11S" /></p>
<h2><strong>So sánh điện thoại Xiaomi Redmi Note 11S với Xiaomi Redmi Note 10S</strong></h2>
<p>Điện thoại Xiaomi Redmi Note 11S là phiên bản kế nhiệm của Redmi Note 10S. Vậy cụ thể chiếc smartphone đời mới này có điểm gì giống và khác so với người tiền nhiệm.</p>
<table class="table table-bordered">
<tbody>
<tr class="success">
<td><strong>Thông số</strong></td>
<td><strong>Xiaomi Redmi Note 11S</strong></td>
<td><strong>Xiaomi Redmi Note 10S</strong></td>
</tr>
<tr>
<td>Màu sắc</td>
<td>Trắng, Xanh, Xám</td>
<td>Tím, Xám, Trắng, Xanh</td>
</tr>
<tr>
<td>Màn hình</td>
<td>AMOLED 6.43 inch</p>
<p>Tần số quét 90Hz</td>
<td>AMOLED 6.43 inch</p>
<p>Tần số quét 90Hz</td>
</tr>
<tr>
<td>Trọng lượng</td>
<td>179g</td>
<td>178.8g</td>
</tr>
<tr>
<td>CPU</td>
<td>MediaTek Helio G96</td>
<td>MediaTek Helio G95</td>
</tr>
<tr>
<td>GPU</td>
<td>ARM Mali-G57 MC2</td>
<td>ARM Mali-G76 MC4</td>
</tr>
<tr>
<td>RAM &#8211; ROM</td>
<td>6GB+64GB</p>
<p>6GB+128GB</p>
<p>8GB+128GB</td>
<td>6GB+64GB</p>
<p>6GB+128GB</p>
<p>8GB+128GB</td>
</tr>
<tr>
<td>Camera trước</td>
<td>16MP, f/2.4</td>
<td>13 MP, f/2.5</td>
</tr>
<tr>
<td>Camera sau</td>
<td>Camera góc rộng: 108MP, f/1.9</p>
<p>Camera góc siêu rộng: 8MP f/2.2FOV 118°</p>
<p>Camera macro: 2MP, f/2.4</p>
<p>Camera chân dung: 2MP, f/2.4</td>
<td>Camera góc rộng: 64 MP, f/1.8</p>
<p>Camera góc siêu rộng: 8 MP, f/2.2</p>
<p>Camera macro: 2 MP, f/2.4</p>
<p>Camera xóa phông: 2 MP, f/2.4</td>
</tr>
<tr>
<td>Dung lượng pin</td>
<td>5000mAh</p>
<p>Sạc nhanh 33W</td>
<td>5000mAh</p>
<p>Sạc nhanh 33W</td>
</tr>
</tbody>
</table>
<h2><strong>Điện thoại Xiaomi Redmi Note 11S &#8211; Cấu hình toàn diện trong phân khúc</strong></h2>
<p>Thương hiệu Xiaomi luôn tạo ấn tượng với người dùng công nghệ với những mẫu smartphone đầy chất lượng so với mức giá. Mới đây, hãng vừa trình làng sản phẩm mới đó là <strong>Redmi Note 11S</strong> &#8211; hứa hẹn sẽ là mẫu smartphone nổi trội trong phân khúc tầm trung.</p>
<p>Tham khảo ngay <a href="https://cellphones.com.vn/xiaomi-redmi-note-11-pro-plus.html">Điện thoại Redmi Note 11 Pro Plus</a> với mức giá hấp dẫn, ưu đãi khủng được bán độc quyền tại hệ thống CellphoneS.</p>
<h3><strong>Mỏng nhẹ thời trang, màn hình 90 Hz cuốn hút</strong></h3>
<p>Tiếp nối thành công từ Note 10S trước đó, Xiaomi Redmi Note 11S được thiết kế mỏng nhẹ, linh hoạt và gọn tay cầm. Phần viền máy được dát phẳng cùng với mặt lưng trơn tối giản góp phần làm nên vẻ tinh tế cho Redmi Note 11S. Nhiều tùy chọn màu sắc khác nhau cũng giúp tạo nét thời trang cuốn hút cho tổng thể máy.</p>
<p><img decoding="async" src="https://cdn2.cellphones.com.vn/x,webp,q100/media/wysiwyg/Phone/Xiaomi/Redmi/NOte/xiaomi-redmi-note-11s-3.jpg" alt="Mỏng nhẹ thời trang, màn hình 90 Hz cuốn hút" /></p>
<p>Xiaomi Redmi Note 11S trang bị màn hình đáp ứng trọn vẹn giải trí như gaming hoặc xem phim thỏa thích. Màn hình Redmi Note 11S sử dụng tấm nền AMOLED và hỗ trợ tần số quét chuẩn lên đến 90 Hz cho ảnh mượt và chân thực. Đặc biệt, Xiaomi cũng trang bị chế độ đọc 3.0 giúp giảm mỏi mắt khi sử dụng liên tục.</p>
<p><img decoding="async" src="https://cdn2.cellphones.com.vn/x,webp,q100/media/wysiwyg/Phone/Xiaomi/Redmi/NOte/xiaomi-redmi-note-11s-6.jpg" alt="Màn hình Redmi Note 11S sử dụng tấm nền AMOLED" /></p>
<h3><strong>Camera chụp ảnh 108 MP chụp ảnh cao cấp</strong></h3>
<p>Được nâng cấp lớn so với model trước, Xiaomi Redmi Note 11S trang bị hệ thống camera bốn ống kính với camera chính đạt độ phân giải tận 108 MP cho ảnh chụp phong cảnh tuyệt nét. Ba camera còn lại giúp Redmi Note 11S thực hiện các tính năng chụp cao cấp như góc siêu rộng, chụp macro, và chụp xóa phông chiều sâu. Hệ thống camera này còn cho phép bạn quay video độ phân giải đến 4K hoặc tốc độ khung hình đến 960 fps.</p>
<p><img decoding="async" src="https://cdn2.cellphones.com.vn/x,webp,q100/media/wysiwyg/Phone/Xiaomi/Redmi/NOte/xiaomi-redmi-note-11s-7.jpg" alt="Camera chụp ảnh 108 MP chụp ảnh cao cấp" /></p>
<p>Điện thoại Xiaomi Redmi Note 11S cũng được trang bị camera selfie 16 MP nằm trong thiết kế nốt ruồi. Camera selfie này còn được hỗ trợ tính năng làm đẹp tự động, giúp mang lại những bức ảnh bắt mắt và ảo diệu cho người dùng Redmi Note 11S.</p>
<h3><strong>Cấu hình phù hợp cho giải trí</strong></h3>
<p><strong>Xiaomi Redmi Note 11S</strong> trang bị bộ CPU MediaTek được thiết kế tập trung vào khả năng tối ưu hiệu năng gaming, giúp bạn chiến game thỏa thích ở thiết lập đồ họa cao. Xiaomi Redmi Note 11S còn được trang bị hệ thống loa ngoài kép giúp tái tạo âm thanh lớn ở diện rộng, đưa bạn bước vào thế giới game sôi động. Chiếc máy cũng trang bị cổng 3.5mm cho các loại tai nghe có dây truyền thống.</p>
<p><img decoding="async" src="https://cdn2.cellphones.com.vn/x,webp,q100/media/wysiwyg/Phone/Xiaomi/Redmi/NOte/xiaomi-redmi-note-11s-5.jpg" alt="Cấu hình phù hợp cho giải trí" /></p>
<p>Điện thoại Xiaomi Redmi Note 11S được trang bị bộ nớ RAM 5GB cùng với bộ nhớ trong dung lượng 64GB. Máy sẽ vận hành sẵn giao diện riêng của Xiaomi &#8211; MIUI 13 trên nền Android 11. Phương thức bảo mật chính của máy là bảo mật vân tay, với vùng cảm biến hiện diện ở phím cạnh của thân máy.</p><p>The post <a href="http://https://github.com/lekhanhluan/lekhanhluan.github.io.git/san-pham/hoodie-with-zipper/">Xiaomi Redmi Note 11S</a> first appeared on <a href="http://https://github.com/lekhanhluan/lekhanhluan.github.io.git">Luan FastFood</a>.</p>]]></content:encoded>
					
					<wfw:commentRss>http://https://github.com/lekhanhluan/lekhanhluan.github.io.git/san-pham/hoodie-with-zipper/feed/</wfw:commentRss>
			<slash:comments>0</slash:comments>
		
		
			</item>
	</channel>
</rss>
